Date,Resource,Utilization
2026-01-01 00:00:00,cpu_utilization,45.349
2026-01-01 01:00:00,cpu_utilization,32.811
2026-01-01 02:00:00,cpu_utilization,46.54
2026-01-01 03:00:00,cpu_utilization,48.692
2026-01-01 04:00:00,cpu_utilization,27.375
2026-01-01 05:00:00,cpu_utilization,35.445
2026-01-01 06:00:00,cpu_utilization,50.631
2026-01-01 07:00:00,cpu_utilization,51.437
2026-01-01 08:00:00,cpu_utilization,58.51
2026-01-01 09:00:00,cpu_utilization,56.496
2026-01-01 10:00:00,cpu_utilization,74.715
2026-01-01 11:00:00,cpu_utilization,77.648
2026-01-01 12:00:00,cpu_utilization,74.833
2026-01-01 13:00:00,cpu_utilization,85.139
2026-01-01 14:00:00,cpu_utilization,80.492
2026-01-01 15:00:00,cpu_utilization,69.282
2026-01-01 16:00:00,cpu_utilization,77.326
2026-01-01 17:00:00,cpu_utilization,63.863
2026-01-01 18:00:00,cpu_utilization,74.852
2026-01-01 19:00:00,cpu_utilization,63.101
2026-01-01 20:00:00,cpu_utilization,57.381
2026-01-01 21:00:00,cpu_utilization,48.772
2026-01-01 22:00:00,cpu_utilization,59.676
2026-01-01 23:00:00,cpu_utilization,44.95
2026-01-02 00:00:00,cpu_utilization,39.917
2026-01-02 01:00:00,cpu_utilization,38.746
2026-01-02 02:00:00,cpu_utilization,45.226
2026-01-02 03:00:00,cpu_utilization,44.523
2026-01-02 04:00:00,cpu_utilization,46.717
2026-01-02 05:00:00,cpu_utilization,49.741
2026-01-02 06:00:00,cpu_utilization,67.173
2026-01-02 07:00:00,cpu_utilization,51.148
2026-01-02 08:00:00,cpu_utilization,54.978
2026-01-02 09:00:00,cpu_utilization,57.243
2026-01-02 10:00:00,cpu_utilization,73.04
2026-01-02 11:00:00,cpu_utilization,80.89
2026-01-02 12:00:00,cpu_utilization,73.825
2026-01-02 13:00:00,cpu_utilization,69.831
2026-01-02 14:00:00,cpu_utilization,70.588
2026-01-02 15:00:00,cpu_utilization,81.793
2026-01-02 16:00:00,cpu_utilization,80.754
2026-01-02 17:00:00,cpu_utilization,76.311
2026-01-02 18:00:00,cpu_utilization,62.932
2026-01-02 19:00:00,cpu_utilization,65.79
2026-01-02 20:00:00,cpu_utilization,60.225
2026-01-02 21:00:00,cpu_utilization,56.401
2026-01-02 22:00:00,cpu_utilization,57.299
2026-01-02 23:00:00,cpu_utilization,48.407
2026-01-03 00:00:00,cpu_utilization,44.132
2026-01-03 01:00:00,cpu_utilization,37.461
2026-01-03 02:00:00,cpu_utilization,38.638
2026-01-03 03:00:00,cpu_utilization,42.007
2026-01-03 04:00:00,cpu_utilization,27.115
2026-01-03 05:00:00,cpu_utilization,39.094
2026-01-03 06:00:00,cpu_utilization,41.634
2026-01-03 07:00:00,cpu_utilization,44.645
2026-01-03 08:00:00,cpu_utilization,52.232
2026-01-03 09:00:00,cpu_utilization,71.069
2026-01-03 10:00:00,cpu_utilization,56.542
2026-01-03 11:00:00,cpu_utilization,74.961
2026-01-03 12:00:00,cpu_utilization,56.63
2026-01-03 13:00:00,cpu_utilization,69.231
2026-01-03 14:00:00,cpu_utilization,73.843
2026-01-03 15:00:00,cpu_utilization,76.635
2026-01-03 16:00:00,cpu_utilization,75.855
2026-01-03 17:00:00,cpu_utilization,73.67
2026-01-03 18:00:00,cpu_utilization,60.823
2026-01-03 19:00:00,cpu_utilization,55.591
2026-01-03 20:00:00,cpu_utilization,61.513
2026-01-03 21:00:00,cpu_utilization,48.478
2026-01-03 22:00:00,cpu_utilization,35.48
2026-01-03 23:00:00,cpu_utilization,32.909
2026-01-04 00:00:00,cpu_utilization,31.777
2026-01-04 01:00:00,cpu_utilization,41.33
2026-01-04 02:00:00,cpu_utilization,37.896
2026-01-04 03:00:00,cpu_utilization,42.912
2026-01-04 04:00:00,cpu_utilization,35.787
2026-01-04 05:00:00,cpu_utilization,43.351
2026-01-04 06:00:00,cpu_utilization,50.834
2026-01-04 07:00:00,cpu_utilization,47.713
2026-01-04 08:00:00,cpu_utilization,58.519
2026-01-04 09:00:00,cpu_utilization,54.246
2026-01-04 10:00:00,cpu_utilization,60.997
2026-01-04 11:00:00,cpu_utilization,64.593
2026-01-04 12:00:00,cpu_utilization,60.959
2026-01-04 13:00:00,cpu_utilization,76.237
2026-01-04 14:00:00,cpu_utilization,69.218
2026-01-04 15:00:00,cpu_utilization,72.478
2026-01-04 16:00:00,cpu_utilization,74.443
2026-01-04 17:00:00,cpu_utilization,71.327
2026-01-04 18:00:00,cpu_utilization,69.368
2026-01-04 19:00:00,cpu_utilization,58.934
2026-01-04 20:00:00,cpu_utilization,51.695
2026-01-04 21:00:00,cpu_utilization,49.803
2026-01-04 22:00:00,cpu_utilization,32.618
2026-01-04 23:00:00,cpu_utilization,30.83
2026-01-05 00:00:00,cpu_utilization,34.058
2026-01-05 01:00:00,cpu_utilization,34.881
2026-01-05 02:00:00,cpu_utilization,45.462
2026-01-05 03:00:00,cpu_utilization,35.652
2026-01-05 04:00:00,cpu_utilization,41.686
2026-01-05 05:00:00,cpu_utilization,57.984
2026-01-05 06:00:00,cpu_utilization,48.486
2026-01-05 07:00:00,cpu_utilization,61.595
2026-01-05 08:00:00,cpu_utilization,52.903
2026-01-05 09:00:00,cpu_utilization,63.405
2026-01-05 10:00:00,cpu_utilization,61.808
2026-01-05 11:00:00,cpu_utilization,70.442
2026-01-05 12:00:00,cpu_utilization,82.755
2026-01-05 13:00:00,cpu_utilization,64.03
2026-01-05 14:00:00,cpu_utilization,81.955
2026-01-05 15:00:00,cpu_utilization,79.787
2026-01-05 16:00:00,cpu_utilization,71.351
2026-01-05 17:00:00,cpu_utilization,61.693
2026-01-05 18:00:00,cpu_utilization,70.129
2026-01-05 19:00:00,cpu_utilization,60.993
2026-01-05 20:00:00,cpu_utilization,62.449
2026-01-05 21:00:00,cpu_utilization,56.122
2026-01-05 22:00:00,cpu_utilization,64.438
2026-01-05 23:00:00,cpu_utilization,45.999
2026-01-06 00:00:00,cpu_utilization,36.884
2026-01-06 01:00:00,cpu_utilization,44.726
2026-01-06 02:00:00,cpu_utilization,44.456
2026-01-06 03:00:00,cpu_utilization,54.201
2026-01-06 04:00:00,cpu_utilization,51.824
2026-01-06 05:00:00,cpu_utilization,50.877
2026-01-06 06:00:00,cpu_utilization,63.474
2026-01-06 07:00:00,cpu_utilization,46.617
2026-01-06 08:00:00,cpu_utilization,55.686
2026-01-06 09:00:00,cpu_utilization,58.068
2026-01-06 10:00:00,cpu_utilization,66.722
2026-01-06 11:00:00,cpu_utilization,62.572
2026-01-06 12:00:00,cpu_utilization,81.546
2026-01-06 13:00:00,cpu_utilization,76.503
2026-01-06 14:00:00,cpu_utilization,67.146
2026-01-06 15:00:00,cpu_utilization,70.192
2026-01-06 16:00:00,cpu_utilization,79.045
2026-01-06 17:00:00,cpu_utilization,80.399
2026-01-06 18:00:00,cpu_utilization,85.958
2026-01-06 19:00:00,cpu_utilization,88.972
2026-01-06 20:00:00,cpu_utilization,64.335
2026-01-06 21:00:00,cpu_utilization,48.463
2026-01-06 22:00:00,cpu_utilization,35.0
2026-01-06 23:00:00,cpu_utilization,50.488
2026-01-07 00:00:00,cpu_utilization,39.0
2026-01-07 01:00:00,cpu_utilization,40.4
2026-01-07 02:00:00,cpu_utilization,38.231
2026-01-07 03:00:00,cpu_utilization,42.633
2026-01-07 04:00:00,cpu_utilization,54.103
2026-01-07 05:00:00,cpu_utilization,49.71
2026-01-07 06:00:00,cpu_utilization,50.931
2026-01-07 07:00:00,cpu_utilization,48.274
2026-01-07 08:00:00,cpu_utilization,47.839
2026-01-07 09:00:00,cpu_utilization,62.022
2026-01-07 10:00:00,cpu_utilization,69.842
2026-01-07 11:00:00,cpu_utilization,88.161
2026-01-07 12:00:00,cpu_utilization,77.939
2026-01-07 13:00:00,cpu_utilization,86.575
2026-01-07 14:00:00,cpu_utilization,75.35
2026-01-07 15:00:00,cpu_utilization,69.269
2026-01-07 16:00:00,cpu_utilization,69.248
2026-01-07 17:00:00,cpu_utilization,68.324
2026-01-07 18:00:00,cpu_utilization,87.444
2026-01-07 19:00:00,cpu_utilization,59.522
2026-01-07 20:00:00,cpu_utilization,68.16
2026-01-07 21:00:00,cpu_utilization,49.588
2026-01-07 22:00:00,cpu_utilization,59.941
2026-01-07 23:00:00,cpu_utilization,51.858
2026-01-08 00:00:00,cpu_utilization,44.682
2026-01-08 01:00:00,cpu_utilization,43.829
2026-01-08 02:00:00,cpu_utilization,38.322
2026-01-08 03:00:00,cpu_utilization,47.76
2026-01-08 04:00:00,cpu_utilization,42.368
2026-01-08 05:00:00,cpu_utilization,39.081
2026-01-08 06:00:00,cpu_utilization,42.408
2026-01-08 07:00:00,cpu_utilization,58.372
2026-01-08 08:00:00,cpu_utilization,74.301
2026-01-08 09:00:00,cpu_utilization,67.625
2026-01-08 10:00:00,cpu_utilization,69.755
2026-01-08 11:00:00,cpu_utilization,76.737
2026-01-08 12:00:00,cpu_utilization,87.776
2026-01-08 13:00:00,cpu_utilization,80.9
2026-01-08 14:00:00,cpu_utilization,76.489
2026-01-08 15:00:00,cpu_utilization,88.031
2026-01-08 16:00:00,cpu_utilization,80.831
2026-01-08 17:00:00,cpu_utilization,86.844
2026-01-08 18:00:00,cpu_utilization,72.314
2026-01-08 19:00:00,cpu_utilization,56.729
2026-01-08 20:00:00,cpu_utilization,50.939
2026-01-08 21:00:00,cpu_utilization,70.451
2026-01-08 22:00:00,cpu_utilization,66.709
2026-01-08 23:00:00,cpu_utilization,47.774
2026-01-09 00:00:00,cpu_utilization,43.302
2026-01-09 01:00:00,cpu_utilization,56.279
2026-01-09 02:00:00,cpu_utilization,35.136
2026-01-09 03:00:00,cpu_utilization,37.466
2026-01-09 04:00:00,cpu_utilization,51.586
2026-01-09 05:00:00,cpu_utilization,46.161
2026-01-09 06:00:00,cpu_utilization,53.023
2026-01-09 07:00:00,cpu_utilization,56.116
2026-01-09 08:00:00,cpu_utilization,64.801
2026-01-09 09:00:00,cpu_utilization,78.037
2026-01-09 10:00:00,cpu_utilization,71.861
2026-01-09 11:00:00,cpu_utilization,80.033
2026-01-09 12:00:00,cpu_utilization,61.359
2026-01-09 13:00:00,cpu_utilization,79.187
2026-01-09 14:00:00,cpu_utilization,73.462
2026-01-09 15:00:00,cpu_utilization,69.862
2026-01-09 16:00:00,cpu_utilization,70.807
2026-01-09 17:00:00,cpu_utilization,72.317
2026-01-09 18:00:00,cpu_utilization,78.607
2026-01-09 19:00:00,cpu_utilization,56.346
2026-01-09 20:00:00,cpu_utilization,62.561
2026-01-09 21:00:00,cpu_utilization,53.802
2026-01-09 22:00:00,cpu_utilization,50.731
2026-01-09 23:00:00,cpu_utilization,57.664
2026-01-10 00:00:00,cpu_utilization,46.029
2026-01-10 01:00:00,cpu_utilization,50.644
2026-01-10 02:00:00,cpu_utilization,38.113
2026-01-10 03:00:00,cpu_utilization,34.413
2026-01-10 04:00:00,cpu_utilization,40.006
2026-01-10 05:00:00,cpu_utilization,46.615
2026-01-10 06:00:00,cpu_utilization,49.834
2026-01-10 07:00:00,cpu_utilization,44.105
2026-01-10 08:00:00,cpu_utilization,58.181
2026-01-10 09:00:00,cpu_utilization,63.96
2026-01-10 10:00:00,cpu_utilization,86.633
2026-01-10 11:00:00,cpu_utilization,85.254
2026-01-10 12:00:00,cpu_utilization,66.292
2026-01-10 13:00:00,cpu_utilization,72.635
2026-01-10 14:00:00,cpu_utilization,63.857
2026-01-10 15:00:00,cpu_utilization,70.244
2026-01-10 16:00:00,cpu_utilization,75.714
2026-01-10 17:00:00,cpu_utilization,79.994
2026-01-10 18:00:00,cpu_utilization,60.804
2026-01-10 19:00:00,cpu_utilization,57.081
2026-01-10 20:00:00,cpu_utilization,40.495
2026-01-10 21:00:00,cpu_utilization,51.731
2026-01-10 22:00:00,cpu_utilization,40.21
2026-01-10 23:00:00,cpu_utilization,40.764
2026-01-11 00:00:00,cpu_utilization,35.142
2026-01-11 01:00:00,cpu_utilization,39.622
2026-01-11 02:00:00,cpu_utilization,25.719
2026-01-11 03:00:00,cpu_utilization,28.676
2026-01-11 04:00:00,cpu_utilization,59.263
2026-01-11 05:00:00,cpu_utilization,34.808
2026-01-11 06:00:00,cpu_utilization,40.079
2026-01-11 07:00:00,cpu_utilization,67.908
2026-01-11 08:00:00,cpu_utilization,81.13
2026-01-11 09:00:00,cpu_utilization,53.193
2026-01-11 10:00:00,cpu_utilization,63.979
2026-01-11 11:00:00,cpu_utilization,73.403
2026-01-11 12:00:00,cpu_utilization,87.379
2026-01-11 13:00:00,cpu_utilization,67.471
2026-01-11 14:00:00,cpu_utilization,74.035
2026-01-11 15:00:00,cpu_utilization,81.62
2026-01-11 16:00:00,cpu_utilization,77.1
2026-01-11 17:00:00,cpu_utilization,67.77
2026-01-11 18:00:00,cpu_utilization,65.998
2026-01-11 19:00:00,cpu_utilization,51.747
2026-01-11 20:00:00,cpu_utilization,56.2
2026-01-11 21:00:00,cpu_utilization,51.333
2026-01-11 22:00:00,cpu_utilization,50.998
2026-01-11 23:00:00,cpu_utilization,40.988
2026-01-12 00:00:00,cpu_utilization,51.436
2026-01-12 01:00:00,cpu_utilization,53.985
2026-01-12 02:00:00,cpu_utilization,46.531
2026-01-12 03:00:00,cpu_utilization,48.733
2026-01-12 04:00:00,cpu_utilization,48.161
2026-01-12 05:00:00,cpu_utilization,50.615
2026-01-12 06:00:00,cpu_utilization,48.588
2026-01-12 07:00:00,cpu_utilization,61.251
2026-01-12 08:00:00,cpu_utilization,62.618
2026-01-12 09:00:00,cpu_utilization,84.818
2026-01-12 10:00:00,cpu_utilization,85.019
2026-01-12 11:00:00,cpu_utilization,79.265
2026-01-12 12:00:00,cpu_utilization,72.952
2026-01-12 13:00:00,cpu_utilization,71.973
2026-01-12 14:00:00,cpu_utilization,91.033
2026-01-12 15:00:00,cpu_utilization,83.011
2026-01-12 16:00:00,cpu_utilization,82.97
2026-01-12 17:00:00,cpu_utilization,62.329
2026-01-12 18:00:00,cpu_utilization,79.996
2026-01-12 19:00:00,cpu_utilization,71.888
2026-01-12 20:00:00,cpu_utilization,54.729
2026-01-12 21:00:00,cpu_utilization,55.199
2026-01-12 22:00:00,cpu_utilization,56.758
2026-01-12 23:00:00,cpu_utilization,51.358
2026-01-13 00:00:00,cpu_utilization,45.758
2026-01-13 01:00:00,cpu_utilization,45.487
2026-01-13 02:00:00,cpu_utilization,43.704
2026-01-13 03:00:00,cpu_utilization,47.572
2026-01-13 04:00:00,cpu_utilization,59.939
2026-01-13 05:00:00,cpu_utilization,30.513
2026-01-13 06:00:00,cpu_utilization,52.897
2026-01-13 07:00:00,cpu_utilization,60.563
2026-01-13 08:00:00,cpu_utilization,66.196
2026-01-13 09:00:00,cpu_utilization,65.529
2026-01-13 10:00:00,cpu_utilization,58.81
2026-01-13 11:00:00,cpu_utilization,79.234
2026-01-13 12:00:00,cpu_utilization,93.307
2026-01-13 13:00:00,cpu_utilization,69.034
2026-01-13 14:00:00,cpu_utilization,88.847
2026-01-13 15:00:00,cpu_utilization,78.712
2026-01-13 16:00:00,cpu_utilization,79.07
2026-01-13 17:00:00,cpu_utilization,68.295
2026-01-13 18:00:00,cpu_utilization,70.332
2026-01-13 19:00:00,cpu_utilization,79.085
2026-01-13 20:00:00,cpu_utilization,68.705
2026-01-13 21:00:00,cpu_utilization,73.262
2026-01-13 22:00:00,cpu_utilization,64.499
2026-01-13 23:00:00,cpu_utilization,54.883
2026-01-14 00:00:00,cpu_utilization,62.479
2026-01-14 01:00:00,cpu_utilization,50.259
2026-01-14 02:00:00,cpu_utilization,52.776
2026-01-14 03:00:00,cpu_utilization,44.411
2026-01-14 04:00:00,cpu_utilization,49.132
2026-01-14 05:00:00,cpu_utilization,45.899
2026-01-14 06:00:00,cpu_utilization,63.141
2026-01-14 07:00:00,cpu_utilization,50.157
2026-01-14 08:00:00,cpu_utilization,70.519
2026-01-14 09:00:00,cpu_utilization,67.412
2026-01-14 10:00:00,cpu_utilization,82.666
2026-01-14 11:00:00,cpu_utilization,83.049
2026-01-14 12:00:00,cpu_utilization,94.486
2026-01-14 13:00:00,cpu_utilization,87.583
2026-01-14 14:00:00,cpu_utilization,69.792
2026-01-14 15:00:00,cpu_utilization,81.237
2026-01-14 16:00:00,cpu_utilization,70.616
2026-01-14 17:00:00,cpu_utilization,73.004
2026-01-14 18:00:00,cpu_utilization,85.53
2026-01-14 19:00:00,cpu_utilization,74.217
2026-01-14 20:00:00,cpu_utilization,58.885
2026-01-14 21:00:00,cpu_utilization,51.726
2026-01-14 22:00:00,cpu_utilization,55.774
2026-01-14 23:00:00,cpu_utilization,42.07
2026-01-15 00:00:00,cpu_utilization,43.59
2026-01-15 01:00:00,cpu_utilization,49.675
2026-01-15 02:00:00,cpu_utilization,55.826
2026-01-15 03:00:00,cpu_utilization,52.085
2026-01-15 04:00:00,cpu_utilization,30.701
2026-01-15 05:00:00,cpu_utilization,54.345
2026-01-15 06:00:00,cpu_utilization,56.232
2026-01-15 07:00:00,cpu_utilization,63.326
2026-01-15 08:00:00,cpu_utilization,77.622
2026-01-15 09:00:00,cpu_utilization,52.863
2026-01-15 10:00:00,cpu_utilization,68.999
2026-01-15 11:00:00,cpu_utilization,82.201
2026-01-15 12:00:00,cpu_utilization,67.7
2026-01-15 13:00:00,cpu_utilization,93.976
2026-01-15 14:00:00,cpu_utilization,85.747
2026-01-15 15:00:00,cpu_utilization,88.977
2026-01-15 16:00:00,cpu_utilization,75.857
2026-01-15 17:00:00,cpu_utilization,84.092
2026-01-15 18:00:00,cpu_utilization,82.42
2026-01-15 19:00:00,cpu_utilization,71.412
2026-01-15 20:00:00,cpu_utilization,66.783
2026-01-15 21:00:00,cpu_utilization,62.43
2026-01-15 22:00:00,cpu_utilization,49.037
2026-01-15 23:00:00,cpu_utilization,51.054
2026-01-16 00:00:00,cpu_utilization,48.171
2026-01-16 01:00:00,cpu_utilization,50.678
2026-01-16 02:00:00,cpu_utilization,55.015
2026-01-16 03:00:00,cpu_utilization,39.179
2026-01-16 04:00:00,cpu_utilization,48.463
2026-01-16 05:00:00,cpu_utilization,64.194
2026-01-16 06:00:00,cpu_utilization,50.139
2026-01-16 07:00:00,cpu_utilization,53.869
2026-01-16 08:00:00,cpu_utilization,66.742
2026-01-16 09:00:00,cpu_utilization,76.556
2026-01-16 10:00:00,cpu_utilization,74.251
2026-01-16 11:00:00,cpu_utilization,88.538
2026-01-16 12:00:00,cpu_utilization,87.639
2026-01-16 13:00:00,cpu_utilization,89.335
2026-01-16 14:00:00,cpu_utilization,87.665
2026-01-16 15:00:00,cpu_utilization,99.0
2026-01-16 16:00:00,cpu_utilization,79.215
2026-01-16 17:00:00,cpu_utilization,61.986
2026-01-16 18:00:00,cpu_utilization,87.138
2026-01-16 19:00:00,cpu_utilization,66.319
2026-01-16 20:00:00,cpu_utilization,66.203
2026-01-16 21:00:00,cpu_utilization,71.176
2026-01-16 22:00:00,cpu_utilization,43.558
2026-01-16 23:00:00,cpu_utilization,42.653
2026-01-17 00:00:00,cpu_utilization,31.938
2026-01-17 01:00:00,cpu_utilization,36.615
2026-01-17 02:00:00,cpu_utilization,45.89
2026-01-17 03:00:00,cpu_utilization,47.198
2026-01-17 04:00:00,cpu_utilization,47.031
2026-01-17 05:00:00,cpu_utilization,36.397
2026-01-17 06:00:00,cpu_utilization,32.964
2026-01-17 07:00:00,cpu_utilization,56.239
2026-01-17 08:00:00,cpu_utilization,56.707
2026-01-17 09:00:00,cpu_utilization,68.833
2026-01-17 10:00:00,cpu_utilization,75.133
2026-01-17 11:00:00,cpu_utilization,74.369
2026-01-17 12:00:00,cpu_utilization,82.223
2026-01-17 13:00:00,cpu_utilization,79.791
2026-01-17 14:00:00,cpu_utilization,82.83
2026-01-17 15:00:00,cpu_utilization,72.356
2026-01-17 16:00:00,cpu_utilization,74.777
2026-01-17 17:00:00,cpu_utilization,74.945
2026-01-17 18:00:00,cpu_utilization,76.225
2026-01-17 19:00:00,cpu_utilization,62.188
2026-01-17 20:00:00,cpu_utilization,64.866
2026-01-17 21:00:00,cpu_utilization,53.93
2026-01-17 22:00:00,cpu_utilization,50.793
2026-01-17 23:00:00,cpu_utilization,54.659
2026-01-18 00:00:00,cpu_utilization,29.236
2026-01-18 01:00:00,cpu_utilization,33.029
2026-01-18 02:00:00,cpu_utilization,30.948
2026-01-18 03:00:00,cpu_utilization,24.767
2026-01-18 04:00:00,cpu_utilization,39.826
2026-01-18 05:00:00,cpu_utilization,54.127
2026-01-18 06:00:00,cpu_utilization,49.598
2026-01-18 07:00:00,cpu_utilization,57.819
2026-01-18 08:00:00,cpu_utilization,69.627
2026-01-18 09:00:00,cpu_utilization,76.211
2026-01-18 10:00:00,cpu_utilization,69.396
2026-01-18 11:00:00,cpu_utilization,84.524
2026-01-18 12:00:00,cpu_utilization,77.31
2026-01-18 13:00:00,cpu_utilization,71.69
2026-01-18 14:00:00,cpu_utilization,74.266
2026-01-18 15:00:00,cpu_utilization,66.581
2026-01-18 16:00:00,cpu_utilization,69.54
2026-01-18 17:00:00,cpu_utilization,70.939
2026-01-18 18:00:00,cpu_utilization,76.522
2026-01-18 19:00:00,cpu_utilization,79.536
2026-01-18 20:00:00,cpu_utilization,50.072
2026-01-18 21:00:00,cpu_utilization,59.631
2026-01-18 22:00:00,cpu_utilization,43.841
2026-01-18 23:00:00,cpu_utilization,52.253
2026-01-19 00:00:00,cpu_utilization,49.639
2026-01-19 01:00:00,cpu_utilization,34.26
2026-01-19 02:00:00,cpu_utilization,55.738
2026-01-19 03:00:00,cpu_utilization,44.103
2026-01-19 04:00:00,cpu_utilization,46.488
2026-01-19 05:00:00,cpu_utilization,45.08
2026-01-19 06:00:00,cpu_utilization,52.15
2026-01-19 07:00:00,cpu_utilization,65.166
2026-01-19 08:00:00,cpu_utilization,64.906
2026-01-19 09:00:00,cpu_utilization,73.726
2026-01-19 10:00:00,cpu_utilization,78.351
2026-01-19 11:00:00,cpu_utilization,89.767
2026-01-19 12:00:00,cpu_utilization,79.338
2026-01-19 13:00:00,cpu_utilization,72.082
2026-01-19 14:00:00,cpu_utilization,93.066
2026-01-19 15:00:00,cpu_utilization,81.281
2026-01-19 16:00:00,cpu_utilization,91.069
2026-01-19 17:00:00,cpu_utilization,82.377
2026-01-19 18:00:00,cpu_utilization,74.551
2026-01-19 19:00:00,cpu_utilization,74.067
2026-01-19 20:00:00,cpu_utilization,82.244
2026-01-19 21:00:00,cpu_utilization,78.611
2026-01-19 22:00:00,cpu_utilization,58.227
2026-01-19 23:00:00,cpu_utilization,55.244
2026-01-20 00:00:00,cpu_utilization,59.729
2026-01-20 01:00:00,cpu_utilization,42.574
2026-01-20 02:00:00,cpu_utilization,51.409
2026-01-20 03:00:00,cpu_utilization,49.168
2026-01-20 04:00:00,cpu_utilization,53.703
2026-01-20 05:00:00,cpu_utilization,47.403
2026-01-20 06:00:00,cpu_utilization,45.099
2026-01-20 07:00:00,cpu_utilization,45.591
2026-01-20 08:00:00,cpu_utilization,57.913
2026-01-20 09:00:00,cpu_utilization,67.859
2026-01-20 10:00:00,cpu_utilization,73.542
2026-01-20 11:00:00,cpu_utilization,95.132
2026-01-20 12:00:00,cpu_utilization,91.36
2026-01-20 13:00:00,cpu_utilization,76.632
2026-01-20 14:00:00,cpu_utilization,87.742
2026-01-20 15:00:00,cpu_utilization,81.108
2026-01-20 16:00:00,cpu_utilization,80.31
2026-01-20 17:00:00,cpu_utilization,81.225
2026-01-20 18:00:00,cpu_utilization,80.985
2026-01-20 19:00:00,cpu_utilization,68.995
2026-01-20 20:00:00,cpu_utilization,75.579
2026-01-20 21:00:00,cpu_utilization,53.292
2026-01-20 22:00:00,cpu_utilization,58.155
2026-01-20 23:00:00,cpu_utilization,75.175
2026-01-21 00:00:00,cpu_utilization,53.336
2026-01-21 01:00:00,cpu_utilization,61.237
2026-01-21 02:00:00,cpu_utilization,49.908
2026-01-21 03:00:00,cpu_utilization,54.454
2026-01-21 04:00:00,cpu_utilization,51.169
2026-01-21 05:00:00,cpu_utilization,53.139
2026-01-21 06:00:00,cpu_utilization,52.012
2026-01-21 07:00:00,cpu_utilization,66.05
2026-01-21 08:00:00,cpu_utilization,60.472
2026-01-21 09:00:00,cpu_utilization,77.285
2026-01-21 10:00:00,cpu_utilization,85.002
2026-01-21 11:00:00,cpu_utilization,82.998
2026-01-21 12:00:00,cpu_utilization,80.654
2026-01-21 13:00:00,cpu_utilization,88.392
2026-01-21 14:00:00,cpu_utilization,82.923
2026-01-21 15:00:00,cpu_utilization,92.281
2026-01-21 16:00:00,cpu_utilization,68.365
2026-01-21 17:00:00,cpu_utilization,77.489
2026-01-21 18:00:00,cpu_utilization,60.538
2026-01-21 19:00:00,cpu_utilization,60.18
2026-01-21 20:00:00,cpu_utilization,78.411
2026-01-21 21:00:00,cpu_utilization,70.021
2026-01-21 22:00:00,cpu_utilization,52.78
2026-01-21 23:00:00,cpu_utilization,42.806
2026-01-22 00:00:00,cpu_utilization,28.267
2026-01-22 01:00:00,cpu_utilization,45.855
2026-01-22 02:00:00,cpu_utilization,68.971
2026-01-22 03:00:00,cpu_utilization,53.718
2026-01-22 04:00:00,cpu_utilization,47.579
2026-01-22 05:00:00,cpu_utilization,58.655
2026-01-22 06:00:00,cpu_utilization,46.192
2026-01-22 07:00:00,cpu_utilization,60.661
2026-01-22 08:00:00,cpu_utilization,68.512
2026-01-22 09:00:00,cpu_utilization,71.704
2026-01-22 10:00:00,cpu_utilization,83.078
2026-01-22 11:00:00,cpu_utilization,83.255
2026-01-22 12:00:00,cpu_utilization,88.723
2026-01-22 13:00:00,cpu_utilization,79.686
2026-01-22 14:00:00,cpu_utilization,93.007
2026-01-22 15:00:00,cpu_utilization,98.26
2026-01-22 16:00:00,cpu_utilization,75.687
2026-01-22 17:00:00,cpu_utilization,73.504
2026-01-22 18:00:00,cpu_utilization,87.582
2026-01-22 19:00:00,cpu_utilization,71.042
2026-01-22 20:00:00,cpu_utilization,79.163
2026-01-22 21:00:00,cpu_utilization,59.751
2026-01-22 22:00:00,cpu_utilization,70.608
2026-01-22 23:00:00,cpu_utilization,56.31
2026-01-23 00:00:00,cpu_utilization,54.481
2026-01-23 01:00:00,cpu_utilization,63.153
2026-01-23 02:00:00,cpu_utilization,47.146
2026-01-23 03:00:00,cpu_utilization,43.142
2026-01-23 04:00:00,cpu_utilization,48.899
2026-01-23 05:00:00,cpu_utilization,58.985
2026-01-23 06:00:00,cpu_utilization,46.586
2026-01-23 07:00:00,cpu_utilization,68.571
2026-01-23 08:00:00,cpu_utilization,63.838
2026-01-23 09:00:00,cpu_utilization,82.007
2026-01-23 10:00:00,cpu_utilization,58.03
2026-01-23 11:00:00,cpu_utilization,74.637
2026-01-23 12:00:00,cpu_utilization,70.317
2026-01-23 13:00:00,cpu_utilization,79.015
2026-01-23 14:00:00,cpu_utilization,88.237
2026-01-23 15:00:00,cpu_utilization,84.227
2026-01-23 16:00:00,cpu_utilization,81.853
2026-01-23 17:00:00,cpu_utilization,79.764
2026-01-23 18:00:00,cpu_utilization,78.955
2026-01-23 19:00:00,cpu_utilization,64.936
2026-01-23 20:00:00,cpu_utilization,74.019
2026-01-23 21:00:00,cpu_utilization,69.025
2026-01-23 22:00:00,cpu_utilization,62.48
2026-01-23 23:00:00,cpu_utilization,60.142
2026-01-24 00:00:00,cpu_utilization,50.144
2026-01-24 01:00:00,cpu_utilization,62.273
2026-01-24 02:00:00,cpu_utilization,44.7
2026-01-24 03:00:00,cpu_utilization,43.572
2026-01-24 04:00:00,cpu_utilization,41.816
2026-01-24 05:00:00,cpu_utilization,42.465
2026-01-24 06:00:00,cpu_utilization,44.513
2026-01-24 07:00:00,cpu_utilization,51.718
2026-01-24 08:00:00,cpu_utilization,62.94
2026-01-24 09:00:00,cpu_utilization,70.856
2026-01-24 10:00:00,cpu_utilization,72.95
2026-01-24 11:00:00,cpu_utilization,70.163
2026-01-24 12:00:00,cpu_utilization,86.367
2026-01-24 13:00:00,cpu_utilization,86.897
2026-01-24 14:00:00,cpu_utilization,80.336
2026-01-24 15:00:00,cpu_utilization,75.794
2026-01-24 16:00:00,cpu_utilization,83.625
2026-01-24 17:00:00,cpu_utilization,77.899
2026-01-24 18:00:00,cpu_utilization,61.1
2026-01-24 19:00:00,cpu_utilization,67.818
2026-01-24 20:00:00,cpu_utilization,65.817
2026-01-24 21:00:00,cpu_utilization,51.883
2026-01-24 22:00:00,cpu_utilization,56.276
2026-01-24 23:00:00,cpu_utilization,39.408
2026-01-25 00:00:00,cpu_utilization,58.894
2026-01-25 01:00:00,cpu_utilization,56.408
2026-01-25 02:00:00,cpu_utilization,43.809
2026-01-25 03:00:00,cpu_utilization,49.368
2026-01-25 04:00:00,cpu_utilization,28.997
2026-01-25 05:00:00,cpu_utilization,41.904
2026-01-25 06:00:00,cpu_utilization,52.551
2026-01-25 07:00:00,cpu_utilization,50.683
2026-01-25 08:00:00,cpu_utilization,69.652
2026-01-25 09:00:00,cpu_utilization,84.592
2026-01-25 10:00:00,cpu_utilization,63.56
2026-01-25 11:00:00,cpu_utilization,70.019
2026-01-25 12:00:00,cpu_utilization,81.481
2026-01-25 13:00:00,cpu_utilization,94.303
2026-01-25 14:00:00,cpu_utilization,72.266
2026-01-25 15:00:00,cpu_utilization,83.442
2026-01-25 16:00:00,cpu_utilization,94.24
2026-01-25 17:00:00,cpu_utilization,63.613
2026-01-25 18:00:00,cpu_utilization,62.868
2026-01-25 19:00:00,cpu_utilization,65.405
2026-01-25 20:00:00,cpu_utilization,59.988
2026-01-25 21:00:00,cpu_utilization,66.013
2026-01-25 22:00:00,cpu_utilization,57.122
2026-01-25 23:00:00,cpu_utilization,37.279
2026-01-26 00:00:00,cpu_utilization,57.835
2026-01-26 01:00:00,cpu_utilization,47.311
2026-01-26 02:00:00,cpu_utilization,61.532
2026-01-26 03:00:00,cpu_utilization,46.947
2026-01-26 04:00:00,cpu_utilization,48.691
2026-01-26 05:00:00,cpu_utilization,60.991
2026-01-26 06:00:00,cpu_utilization,66.511
2026-01-26 07:00:00,cpu_utilization,68.352
2026-01-26 08:00:00,cpu_utilization,55.959
2026-01-26 09:00:00,cpu_utilization,78.425
2026-01-26 10:00:00,cpu_utilization,70.206
2026-01-26 11:00:00,cpu_utilization,84.108
2026-01-26 12:00:00,cpu_utilization,73.715
2026-01-26 13:00:00,cpu_utilization,90.491
2026-01-26 14:00:00,cpu_utilization,81.099
2026-01-26 15:00:00,cpu_utilization,76.696
2026-01-26 16:00:00,cpu_utilization,90.887
2026-01-26 17:00:00,cpu_utilization,84.267
2026-01-26 18:00:00,cpu_utilization,73.712
2026-01-26 19:00:00,cpu_utilization,85.91
2026-01-26 20:00:00,cpu_utilization,66.135
2026-01-26 21:00:00,cpu_utilization,65.276
2026-01-26 22:00:00,cpu_utilization,62.847
2026-01-26 23:00:00,cpu_utilization,52.029
2026-01-27 00:00:00,cpu_utilization,57.913
2026-01-27 01:00:00,cpu_utilization,48.096
2026-01-27 02:00:00,cpu_utilization,48.475
2026-01-27 03:00:00,cpu_utilization,63.3
2026-01-27 04:00:00,cpu_utilization,45.891
2026-01-27 05:00:00,cpu_utilization,37.792
2026-01-27 06:00:00,cpu_utilization,73.727
2026-01-27 07:00:00,cpu_utilization,85.594
2026-01-27 08:00:00,cpu_utilization,66.634
2026-01-27 09:00:00,cpu_utilization,59.058
2026-01-27 10:00:00,cpu_utilization,76.428
2026-01-27 11:00:00,cpu_utilization,80.368
2026-01-27 12:00:00,cpu_utilization,84.017
2026-01-27 13:00:00,cpu_utilization,78.446
2026-01-27 14:00:00,cpu_utilization,92.62
2026-01-27 15:00:00,cpu_utilization,91.585
2026-01-27 16:00:00,cpu_utilization,73.653
2026-01-27 17:00:00,cpu_utilization,88.359
2026-01-27 18:00:00,cpu_utilization,95.477
2026-01-27 19:00:00,cpu_utilization,76.108
2026-01-27 20:00:00,cpu_utilization,67.393
2026-01-27 21:00:00,cpu_utilization,64.315
2026-01-27 22:00:00,cpu_utilization,66.05
2026-01-27 23:00:00,cpu_utilization,43.573
2026-01-28 00:00:00,cpu_utilization,55.891
2026-01-28 01:00:00,cpu_utilization,49.672
2026-01-28 02:00:00,cpu_utilization,66.983
2026-01-28 03:00:00,cpu_utilization,51.438
2026-01-28 04:00:00,cpu_utilization,67.991
2026-01-28 05:00:00,cpu_utilization,48.696
2026-01-28 06:00:00,cpu_utilization,65.97
2026-01-28 07:00:00,cpu_utilization,68.186
2026-01-28 08:00:00,cpu_utilization,63.356
2026-01-28 09:00:00,cpu_utilization,76.404
2026-01-28 10:00:00,cpu_utilization,89.044
2026-01-28 11:00:00,cpu_utilization,80.5
2026-01-28 12:00:00,cpu_utilization,72.433
2026-01-28 13:00:00,cpu_utilization,87.644
2026-01-28 14:00:00,cpu_utilization,81.197
2026-01-28 15:00:00,cpu_utilization,85.082
2026-01-28 16:00:00,cpu_utilization,85.388
2026-01-28 17:00:00,cpu_utilization,69.553
2026-01-28 18:00:00,cpu_utilization,66.563
2026-01-28 19:00:00,cpu_utilization,79.021
2026-01-28 20:00:00,cpu_utilization,66.342
2026-01-28 21:00:00,cpu_utilization,45.365
2026-01-28 22:00:00,cpu_utilization,67.839
2026-01-28 23:00:00,cpu_utilization,60.029
2026-01-29 00:00:00,cpu_utilization,49.297
2026-01-29 01:00:00,cpu_utilization,42.693
2026-01-29 02:00:00,cpu_utilization,59.318
2026-01-29 03:00:00,cpu_utilization,56.058
2026-01-29 04:00:00,cpu_utilization,74.14
2026-01-29 05:00:00,cpu_utilization,61.32
2026-01-29 06:00:00,cpu_utilization,64.806
2026-01-29 07:00:00,cpu_utilization,64.728
2026-01-29 08:00:00,cpu_utilization,77.274
2026-01-29 09:00:00,cpu_utilization,80.417
2026-01-29 10:00:00,cpu_utilization,89.79
2026-01-29 11:00:00,cpu_utilization,79.351
2026-01-29 12:00:00,cpu_utilization,82.917
2026-01-29 13:00:00,cpu_utilization,84.384
2026-01-29 14:00:00,cpu_utilization,95.174
2026-01-29 15:00:00,cpu_utilization,99.0
2026-01-29 16:00:00,cpu_utilization,82.802
2026-01-29 17:00:00,cpu_utilization,80.232
2026-01-29 18:00:00,cpu_utilization,82.433
2026-01-29 19:00:00,cpu_utilization,73.631
2026-01-29 20:00:00,cpu_utilization,78.572
2026-01-29 21:00:00,cpu_utilization,48.301
2026-01-29 22:00:00,cpu_utilization,55.378
2026-01-29 23:00:00,cpu_utilization,52.023
2026-01-30 00:00:00,cpu_utilization,36.877
2026-01-30 01:00:00,cpu_utilization,45.95
2026-01-30 02:00:00,cpu_utilization,45.743
2026-01-30 03:00:00,cpu_utilization,52.086
2026-01-30 04:00:00,cpu_utilization,64.415
2026-01-30 05:00:00,cpu_utilization,56.43
2026-01-30 06:00:00,cpu_utilization,53.889
2026-01-30 07:00:00,cpu_utilization,66.04
2026-01-30 08:00:00,cpu_utilization,79.565
2026-01-30 09:00:00,cpu_utilization,68.041
2026-01-30 10:00:00,cpu_utilization,72.923
2026-01-30 11:00:00,cpu_utilization,88.422
2026-01-30 12:00:00,cpu_utilization,85.06
2026-01-30 13:00:00,cpu_utilization,93.829
2026-01-30 14:00:00,cpu_utilization,89.171
2026-01-30 15:00:00,cpu_utilization,94.298
2026-01-30 16:00:00,cpu_utilization,78.624
2026-01-30 17:00:00,cpu_utilization,83.965
2026-01-30 18:00:00,cpu_utilization,78.666
2026-01-30 19:00:00,cpu_utilization,66.302
2026-01-30 20:00:00,cpu_utilization,58.88
2026-01-30 21:00:00,cpu_utilization,72.233
2026-01-30 22:00:00,cpu_utilization,59.616
2026-01-30 23:00:00,cpu_utilization,50.536
2026-01-31 00:00:00,cpu_utilization,50.027
2026-01-31 01:00:00,cpu_utilization,58.04
2026-01-31 02:00:00,cpu_utilization,30.175
2026-01-31 03:00:00,cpu_utilization,37.079
2026-01-31 04:00:00,cpu_utilization,43.485
2026-01-31 05:00:00,cpu_utilization,65.437
2026-01-31 06:00:00,cpu_utilization,59.754
2026-01-31 07:00:00,cpu_utilization,67.991
2026-01-31 08:00:00,cpu_utilization,57.408
2026-01-31 09:00:00,cpu_utilization,62.249
2026-01-31 10:00:00,cpu_utilization,79.148
2026-01-31 11:00:00,cpu_utilization,79.777
2026-01-31 12:00:00,cpu_utilization,86.579
2026-01-31 13:00:00,cpu_utilization,82.504
2026-01-31 14:00:00,cpu_utilization,86.862
2026-01-31 15:00:00,cpu_utilization,85.307
2026-01-31 16:00:00,cpu_utilization,88.484
2026-01-31 17:00:00,cpu_utilization,85.875
2026-01-31 18:00:00,cpu_utilization,62.75
2026-01-31 19:00:00,cpu_utilization,53.408
2026-01-31 20:00:00,cpu_utilization,74.759
2026-01-31 21:00:00,cpu_utilization,71.606
2026-01-31 22:00:00,cpu_utilization,49.616
2026-01-31 23:00:00,cpu_utilization,39.192
2026-02-01 00:00:00,cpu_utilization,52.021
2026-02-01 01:00:00,cpu_utilization,56.895
2026-02-01 02:00:00,cpu_utilization,63.234
2026-02-01 03:00:00,cpu_utilization,53.615
2026-02-01 04:00:00,cpu_utilization,48.327
2026-02-01 05:00:00,cpu_utilization,47.034
2026-02-01 06:00:00,cpu_utilization,58.017
2026-02-01 07:00:00,cpu_utilization,59.89
2026-02-01 08:00:00,cpu_utilization,58.84
2026-02-01 09:00:00,cpu_utilization,88.028
2026-02-01 10:00:00,cpu_utilization,90.278
2026-02-01 11:00:00,cpu_utilization,88.831
2026-02-01 12:00:00,cpu_utilization,75.255
2026-02-01 13:00:00,cpu_utilization,91.278
2026-02-01 14:00:00,cpu_utilization,90.186
2026-02-01 15:00:00,cpu_utilization,88.014
2026-02-01 16:00:00,cpu_utilization,92.691
2026-02-01 17:00:00,cpu_utilization,84.934
2026-02-01 18:00:00,cpu_utilization,82.061
2026-02-01 19:00:00,cpu_utilization,76.913
2026-02-01 20:00:00,cpu_utilization,69.903
2026-02-01 21:00:00,cpu_utilization,48.267
2026-02-01 22:00:00,cpu_utilization,58.882
2026-02-01 23:00:00,cpu_utilization,50.054
2026-02-02 00:00:00,cpu_utilization,46.497
2026-02-02 01:00:00,cpu_utilization,68.41
2026-02-02 02:00:00,cpu_utilization,68.192
2026-02-02 03:00:00,cpu_utilization,65.865
2026-02-02 04:00:00,cpu_utilization,58.849
2026-02-02 05:00:00,cpu_utilization,70.491
2026-02-02 06:00:00,cpu_utilization,63.528
2026-02-02 07:00:00,cpu_utilization,69.414
2026-02-02 08:00:00,cpu_utilization,63.72
2026-02-02 09:00:00,cpu_utilization,80.321
2026-02-02 10:00:00,cpu_utilization,81.987
2026-02-02 11:00:00,cpu_utilization,74.829
2026-02-02 12:00:00,cpu_utilization,87.719
2026-02-02 13:00:00,cpu_utilization,89.307
2026-02-02 14:00:00,cpu_utilization,99.0
2026-02-02 15:00:00,cpu_utilization,97.134
2026-02-02 16:00:00,cpu_utilization,88.292
2026-02-02 17:00:00,cpu_utilization,87.348
2026-02-02 18:00:00,cpu_utilization,82.002
2026-02-02 19:00:00,cpu_utilization,75.701
2026-02-02 20:00:00,cpu_utilization,64.025
2026-02-02 21:00:00,cpu_utilization,66.835
2026-02-02 22:00:00,cpu_utilization,57.751
2026-02-02 23:00:00,cpu_utilization,50.008
2026-02-03 00:00:00,cpu_utilization,61.257
2026-02-03 01:00:00,cpu_utilization,58.517
2026-02-03 02:00:00,cpu_utilization,40.498
2026-02-03 03:00:00,cpu_utilization,54.442
2026-02-03 04:00:00,cpu_utilization,65.205
2026-02-03 05:00:00,cpu_utilization,68.592
2026-02-03 06:00:00,cpu_utilization,72.071
2026-02-03 07:00:00,cpu_utilization,68.535
2026-02-03 08:00:00,cpu_utilization,66.14
2026-02-03 09:00:00,cpu_utilization,68.907
2026-02-03 10:00:00,cpu_utilization,84.693
2026-02-03 11:00:00,cpu_utilization,88.716
2026-02-03 12:00:00,cpu_utilization,98.859
2026-02-03 13:00:00,cpu_utilization,99.0
2026-02-03 14:00:00,cpu_utilization,89.95
2026-02-03 15:00:00,cpu_utilization,80.459
2026-02-03 16:00:00,cpu_utilization,86.08
2026-02-03 17:00:00,cpu_utilization,87.528
2026-02-03 18:00:00,cpu_utilization,80.463
2026-02-03 19:00:00,cpu_utilization,73.134
2026-02-03 20:00:00,cpu_utilization,75.139
2026-02-03 21:00:00,cpu_utilization,64.444
2026-02-03 22:00:00,cpu_utilization,59.127
2026-02-03 23:00:00,cpu_utilization,62.934
2026-02-04 00:00:00,cpu_utilization,54.384
2026-02-04 01:00:00,cpu_utilization,57.772
2026-02-04 02:00:00,cpu_utilization,57.41
2026-02-04 03:00:00,cpu_utilization,46.74
2026-02-04 04:00:00,cpu_utilization,53.822
2026-02-04 05:00:00,cpu_utilization,72.052
2026-02-04 06:00:00,cpu_utilization,54.999
2026-02-04 07:00:00,cpu_utilization,51.722
2026-02-04 08:00:00,cpu_utilization,58.437
2026-02-04 09:00:00,cpu_utilization,78.242
2026-02-04 10:00:00,cpu_utilization,82.615
2026-02-04 11:00:00,cpu_utilization,85.173
2026-02-04 12:00:00,cpu_utilization,98.706
2026-02-04 13:00:00,cpu_utilization,69.426
2026-02-04 14:00:00,cpu_utilization,94.607
2026-02-04 15:00:00,cpu_utilization,99.0
2026-02-04 16:00:00,cpu_utilization,80.042
2026-02-04 17:00:00,cpu_utilization,83.183
2026-02-04 18:00:00,cpu_utilization,76.489
2026-02-04 19:00:00,cpu_utilization,71.034
2026-02-04 20:00:00,cpu_utilization,70.938
2026-02-04 21:00:00,cpu_utilization,80.327
2026-02-04 22:00:00,cpu_utilization,79.283
2026-02-04 23:00:00,cpu_utilization,58.187
2026-02-05 00:00:00,cpu_utilization,73.272
2026-02-05 01:00:00,cpu_utilization,56.536
2026-02-05 02:00:00,cpu_utilization,69.686
2026-02-05 03:00:00,cpu_utilization,55.541
2026-02-05 04:00:00,cpu_utilization,59.152
2026-02-05 05:00:00,cpu_utilization,63.906
2026-02-05 06:00:00,cpu_utilization,90.159
2026-02-05 07:00:00,cpu_utilization,75.898
2026-02-05 08:00:00,cpu_utilization,68.106
2026-02-05 09:00:00,cpu_utilization,86.193
2026-02-05 10:00:00,cpu_utilization,79.905
2026-02-05 11:00:00,cpu_utilization,82.628
2026-02-05 12:00:00,cpu_utilization,96.693
2026-02-05 13:00:00,cpu_utilization,91.489
2026-02-05 14:00:00,cpu_utilization,94.101
2026-02-05 15:00:00,cpu_utilization,91.389
2026-02-05 16:00:00,cpu_utilization,92.189
2026-02-05 17:00:00,cpu_utilization,90.054
2026-02-05 18:00:00,cpu_utilization,67.448
2026-02-05 19:00:00,cpu_utilization,83.953
2026-02-05 20:00:00,cpu_utilization,66.124
2026-02-05 21:00:00,cpu_utilization,57.801
2026-02-05 22:00:00,cpu_utilization,64.549
2026-02-05 23:00:00,cpu_utilization,61.978
2026-02-06 00:00:00,cpu_utilization,52.915
2026-02-06 01:00:00,cpu_utilization,63.332
2026-02-06 02:00:00,cpu_utilization,45.351
2026-02-06 03:00:00,cpu_utilization,53.464
2026-02-06 04:00:00,cpu_utilization,53.857
2026-02-06 05:00:00,cpu_utilization,61.041
2026-02-06 06:00:00,cpu_utilization,67.391
2026-02-06 07:00:00,cpu_utilization,61.456
2026-02-06 08:00:00,cpu_utilization,79.99
2026-02-06 09:00:00,cpu_utilization,79.377
2026-02-06 10:00:00,cpu_utilization,68.096
2026-02-06 11:00:00,cpu_utilization,71.309
2026-02-06 12:00:00,cpu_utilization,89.758
2026-02-06 13:00:00,cpu_utilization,89.905
2026-02-06 14:00:00,cpu_utilization,91.477
2026-02-06 15:00:00,cpu_utilization,91.485
2026-02-06 16:00:00,cpu_utilization,91.733
2026-02-06 17:00:00,cpu_utilization,94.667
2026-02-06 18:00:00,cpu_utilization,74.487
2026-02-06 19:00:00,cpu_utilization,69.677
2026-02-06 20:00:00,cpu_utilization,65.665
2026-02-06 21:00:00,cpu_utilization,72.083
2026-02-06 22:00:00,cpu_utilization,75.408
2026-02-06 23:00:00,cpu_utilization,58.287
2026-02-07 00:00:00,cpu_utilization,33.807
2026-02-07 01:00:00,cpu_utilization,38.408
2026-02-07 02:00:00,cpu_utilization,44.781
2026-02-07 03:00:00,cpu_utilization,47.615
2026-02-07 04:00:00,cpu_utilization,50.625
2026-02-07 05:00:00,cpu_utilization,57.08
2026-02-07 06:00:00,cpu_utilization,58.023
2026-02-07 07:00:00,cpu_utilization,73.271
2026-02-07 08:00:00,cpu_utilization,64.145
2026-02-07 09:00:00,cpu_utilization,67.331
2026-02-07 10:00:00,cpu_utilization,82.42
2026-02-07 11:00:00,cpu_utilization,70.05
2026-02-07 12:00:00,cpu_utilization,88.331
2026-02-07 13:00:00,cpu_utilization,87.85
2026-02-07 14:00:00,cpu_utilization,86.481
2026-02-07 15:00:00,cpu_utilization,99.0
2026-02-07 16:00:00,cpu_utilization,80.308
2026-02-07 17:00:00,cpu_utilization,98.925
2026-02-07 18:00:00,cpu_utilization,76.93
2026-02-07 19:00:00,cpu_utilization,64.194
2026-02-07 20:00:00,cpu_utilization,70.328
2026-02-07 21:00:00,cpu_utilization,56.518
2026-02-07 22:00:00,cpu_utilization,54.791
2026-02-07 23:00:00,cpu_utilization,60.271
2026-02-08 00:00:00,cpu_utilization,58.697
2026-02-08 01:00:00,cpu_utilization,47.495
2026-02-08 02:00:00,cpu_utilization,59.776
2026-02-08 03:00:00,cpu_utilization,61.768
2026-02-08 04:00:00,cpu_utilization,65.815
2026-02-08 05:00:00,cpu_utilization,61.438
2026-02-08 06:00:00,cpu_utilization,71.856
2026-02-08 07:00:00,cpu_utilization,50.262
2026-02-08 08:00:00,cpu_utilization,67.442
2026-02-08 09:00:00,cpu_utilization,67.726
2026-02-08 10:00:00,cpu_utilization,79.975
2026-02-08 11:00:00,cpu_utilization,78.195
2026-02-08 12:00:00,cpu_utilization,84.316
2026-02-08 13:00:00,cpu_utilization,99.0
2026-02-08 14:00:00,cpu_utilization,86.735
2026-02-08 15:00:00,cpu_utilization,90.808
2026-02-08 16:00:00,cpu_utilization,83.859
2026-02-08 17:00:00,cpu_utilization,83.481
2026-02-08 18:00:00,cpu_utilization,79.213
2026-02-08 19:00:00,cpu_utilization,78.428
2026-02-08 20:00:00,cpu_utilization,79.523
2026-02-08 21:00:00,cpu_utilization,78.739
2026-02-08 22:00:00,cpu_utilization,63.714
2026-02-08 23:00:00,cpu_utilization,62.243
2026-02-09 00:00:00,cpu_utilization,50.553
2026-02-09 01:00:00,cpu_utilization,57.276
2026-02-09 02:00:00,cpu_utilization,64.906
2026-02-09 03:00:00,cpu_utilization,64.943
2026-02-09 04:00:00,cpu_utilization,61.524
2026-02-09 05:00:00,cpu_utilization,69.801
2026-02-09 06:00:00,cpu_utilization,70.382
2026-02-09 07:00:00,cpu_utilization,80.418
2026-02-09 08:00:00,cpu_utilization,77.807
2026-02-09 09:00:00,cpu_utilization,77.323
2026-02-09 10:00:00,cpu_utilization,87.215
2026-02-09 11:00:00,cpu_utilization,64.829
2026-02-09 12:00:00,cpu_utilization,94.216
2026-02-09 13:00:00,cpu_utilization,63.781
2026-02-09 14:00:00,cpu_utilization,79.812
2026-02-09 15:00:00,cpu_utilization,96.619
2026-02-09 16:00:00,cpu_utilization,95.045
2026-02-09 17:00:00,cpu_utilization,79.082
2026-02-09 18:00:00,cpu_utilization,78.975
2026-02-09 19:00:00,cpu_utilization,91.313
2026-02-09 20:00:00,cpu_utilization,71.836
2026-02-09 21:00:00,cpu_utilization,89.011
2026-02-09 22:00:00,cpu_utilization,66.729
2026-02-09 23:00:00,cpu_utilization,66.298
2026-02-10 00:00:00,cpu_utilization,73.127
2026-02-10 01:00:00,cpu_utilization,59.46
2026-02-10 02:00:00,cpu_utilization,49.797
2026-02-10 03:00:00,cpu_utilization,57.57
2026-02-10 04:00:00,cpu_utilization,59.979
2026-02-10 05:00:00,cpu_utilization,52.224
2026-02-10 06:00:00,cpu_utilization,64.841
2026-02-10 07:00:00,cpu_utilization,65.31
2026-02-10 08:00:00,cpu_utilization,83.319
2026-02-10 09:00:00,cpu_utilization,80.878
2026-02-10 10:00:00,cpu_utilization,82.698
2026-02-10 11:00:00,cpu_utilization,87.856
2026-02-10 12:00:00,cpu_utilization,93.369
2026-02-10 13:00:00,cpu_utilization,98.335
2026-02-10 14:00:00,cpu_utilization,86.034
2026-02-10 15:00:00,cpu_utilization,85.104
2026-02-10 16:00:00,cpu_utilization,99.0
2026-02-10 17:00:00,cpu_utilization,85.515
2026-02-10 18:00:00,cpu_utilization,73.769
2026-02-10 19:00:00,cpu_utilization,84.331
2026-02-10 20:00:00,cpu_utilization,79.847
2026-02-10 21:00:00,cpu_utilization,59.254
2026-02-10 22:00:00,cpu_utilization,69.012
2026-02-10 23:00:00,cpu_utilization,69.351
2026-02-11 00:00:00,cpu_utilization,63.619
2026-02-11 01:00:00,cpu_utilization,63.899
2026-02-11 02:00:00,cpu_utilization,47.014
2026-02-11 03:00:00,cpu_utilization,61.528
2026-02-11 04:00:00,cpu_utilization,58.275
2026-02-11 05:00:00,cpu_utilization,59.712
2026-02-11 06:00:00,cpu_utilization,74.284
2026-02-11 07:00:00,cpu_utilization,83.513
2026-02-11 08:00:00,cpu_utilization,90.711
2026-02-11 09:00:00,cpu_utilization,91.551
2026-02-11 10:00:00,cpu_utilization,84.514
2026-02-11 11:00:00,cpu_utilization,91.96
2026-02-11 12:00:00,cpu_utilization,98.151
2026-02-11 13:00:00,cpu_utilization,94.802
2026-02-11 14:00:00,cpu_utilization,95.51
2026-02-11 15:00:00,cpu_utilization,99.0
2026-02-11 16:00:00,cpu_utilization,91.614
2026-02-11 17:00:00,cpu_utilization,83.412
2026-02-11 18:00:00,cpu_utilization,82.22
2026-02-11 19:00:00,cpu_utilization,86.284
2026-02-11 20:00:00,cpu_utilization,76.596
2026-02-11 21:00:00,cpu_utilization,74.653
2026-02-11 22:00:00,cpu_utilization,72.969
2026-02-11 23:00:00,cpu_utilization,60.899
2026-02-12 00:00:00,cpu_utilization,67.106
2026-02-12 01:00:00,cpu_utilization,62.306
2026-02-12 02:00:00,cpu_utilization,48.801
2026-02-12 03:00:00,cpu_utilization,70.85
2026-02-12 04:00:00,cpu_utilization,57.122
2026-02-12 05:00:00,cpu_utilization,50.765
2026-02-12 06:00:00,cpu_utilization,59.392
2026-02-12 07:00:00,cpu_utilization,63.943
2026-02-12 08:00:00,cpu_utilization,77.205
2026-02-12 09:00:00,cpu_utilization,79.274
2026-02-12 10:00:00,cpu_utilization,83.129
2026-02-12 11:00:00,cpu_utilization,94.528
2026-02-12 12:00:00,cpu_utilization,95.167
2026-02-12 13:00:00,cpu_utilization,96.793
2026-02-12 14:00:00,cpu_utilization,98.175
2026-02-12 15:00:00,cpu_utilization,99.0
2026-02-12 16:00:00,cpu_utilization,75.657
2026-02-12 17:00:00,cpu_utilization,86.762
2026-02-12 18:00:00,cpu_utilization,68.526
2026-02-12 19:00:00,cpu_utilization,81.933
2026-02-12 20:00:00,cpu_utilization,76.967
2026-02-12 21:00:00,cpu_utilization,80.728
2026-02-12 22:00:00,cpu_utilization,77.541
2026-02-12 23:00:00,cpu_utilization,65.952
2026-02-13 00:00:00,cpu_utilization,57.485
2026-02-13 01:00:00,cpu_utilization,63.589
2026-02-13 02:00:00,cpu_utilization,54.889
2026-02-13 03:00:00,cpu_utilization,59.732
2026-02-13 04:00:00,cpu_utilization,69.449
2026-02-13 05:00:00,cpu_utilization,59.976
2026-02-13 06:00:00,cpu_utilization,74.629
2026-02-13 07:00:00,cpu_utilization,77.962
2026-02-13 08:00:00,cpu_utilization,69.582
2026-02-13 09:00:00,cpu_utilization,89.688
2026-02-13 10:00:00,cpu_utilization,91.845
2026-02-13 11:00:00,cpu_utilization,90.817
2026-02-13 12:00:00,cpu_utilization,86.782
2026-02-13 13:00:00,cpu_utilization,87.823
2026-02-13 14:00:00,cpu_utilization,91.027
2026-02-13 15:00:00,cpu_utilization,99.0
2026-02-13 16:00:00,cpu_utilization,85.307
2026-02-13 17:00:00,cpu_utilization,93.61
2026-02-13 18:00:00,cpu_utilization,76.466
2026-02-13 19:00:00,cpu_utilization,80.444
2026-02-13 20:00:00,cpu_utilization,78.313
2026-02-13 21:00:00,cpu_utilization,92.356
2026-02-13 22:00:00,cpu_utilization,57.453
2026-02-13 23:00:00,cpu_utilization,76.538
2026-02-14 00:00:00,cpu_utilization,58.043
2026-02-14 01:00:00,cpu_utilization,58.354
2026-02-14 02:00:00,cpu_utilization,55.416
2026-02-14 03:00:00,cpu_utilization,58.658
2026-02-14 04:00:00,cpu_utilization,55.687
2026-02-14 05:00:00,cpu_utilization,71.427
2026-02-14 06:00:00,cpu_utilization,59.889
2026-02-14 07:00:00,cpu_utilization,76.958
2026-02-14 08:00:00,cpu_utilization,67.422
2026-02-14 09:00:00,cpu_utilization,76.772
2026-02-14 10:00:00,cpu_utilization,73.037
2026-02-14 11:00:00,cpu_utilization,88.999
2026-02-14 12:00:00,cpu_utilization,99.0
2026-02-14 13:00:00,cpu_utilization,89.435
2026-02-14 14:00:00,cpu_utilization,89.11
2026-02-14 15:00:00,cpu_utilization,81.173
2026-02-14 16:00:00,cpu_utilization,86.475
2026-02-14 17:00:00,cpu_utilization,72.725
2026-02-14 18:00:00,cpu_utilization,74.454
2026-02-14 19:00:00,cpu_utilization,79.248
2026-02-14 20:00:00,cpu_utilization,83.345
2026-02-14 21:00:00,cpu_utilization,90.626
2026-02-14 22:00:00,cpu_utilization,59.136
2026-02-14 23:00:00,cpu_utilization,71.601
2026-02-15 00:00:00,cpu_utilization,59.227
2026-02-15 01:00:00,cpu_utilization,54.286
2026-02-15 02:00:00,cpu_utilization,58.362
2026-02-15 03:00:00,cpu_utilization,56.028
2026-02-15 04:00:00,cpu_utilization,58.232
2026-02-15 05:00:00,cpu_utilization,56.96
2026-02-15 06:00:00,cpu_utilization,52.788
2026-02-15 07:00:00,cpu_utilization,55.983
2026-02-15 08:00:00,cpu_utilization,78.235
2026-02-15 09:00:00,cpu_utilization,75.472
2026-02-15 10:00:00,cpu_utilization,77.276
2026-02-15 11:00:00,cpu_utilization,85.859
2026-02-15 12:00:00,cpu_utilization,95.029
2026-02-15 13:00:00,cpu_utilization,91.929
2026-02-15 14:00:00,cpu_utilization,85.869
2026-02-15 15:00:00,cpu_utilization,99.0
2026-02-15 16:00:00,cpu_utilization,99.0
2026-02-15 17:00:00,cpu_utilization,89.855
2026-02-15 18:00:00,cpu_utilization,89.978
2026-02-15 19:00:00,cpu_utilization,87.801
2026-02-15 20:00:00,cpu_utilization,82.266
2026-02-15 21:00:00,cpu_utilization,73.497
2026-02-15 22:00:00,cpu_utilization,69.048
2026-02-15 23:00:00,cpu_utilization,64.708
2026-02-16 00:00:00,cpu_utilization,54.005
2026-02-16 01:00:00,cpu_utilization,66.609
2026-02-16 02:00:00,cpu_utilization,49.561
2026-02-16 03:00:00,cpu_utilization,54.683
2026-02-16 04:00:00,cpu_utilization,73.284
2026-02-16 05:00:00,cpu_utilization,72.456
2026-02-16 06:00:00,cpu_utilization,81.379
2026-02-16 07:00:00,cpu_utilization,71.666
2026-02-16 08:00:00,cpu_utilization,69.298
2026-02-16 09:00:00,cpu_utilization,81.269
2026-02-16 10:00:00,cpu_utilization,88.368
2026-02-16 11:00:00,cpu_utilization,91.93
2026-02-16 12:00:00,cpu_utilization,99.0
2026-02-16 13:00:00,cpu_utilization,93.103
2026-02-16 14:00:00,cpu_utilization,99.0
2026-02-16 15:00:00,cpu_utilization,88.12
2026-02-16 16:00:00,cpu_utilization,97.851
2026-02-16 17:00:00,cpu_utilization,91.431
2026-02-16 18:00:00,cpu_utilization,81.697
2026-02-16 19:00:00,cpu_utilization,81.486
2026-02-16 20:00:00,cpu_utilization,77.259
2026-02-16 21:00:00,cpu_utilization,71.93
2026-02-16 22:00:00,cpu_utilization,83.939
2026-02-16 23:00:00,cpu_utilization,65.271
2026-02-17 00:00:00,cpu_utilization,61.264
2026-02-17 01:00:00,cpu_utilization,44.656
2026-02-17 02:00:00,cpu_utilization,53.686
2026-02-17 03:00:00,cpu_utilization,59.367
2026-02-17 04:00:00,cpu_utilization,57.801
2026-02-17 05:00:00,cpu_utilization,77.22
2026-02-17 06:00:00,cpu_utilization,68.592
2026-02-17 07:00:00,cpu_utilization,84.579
2026-02-17 08:00:00,cpu_utilization,79.442
2026-02-17 09:00:00,cpu_utilization,83.923
2026-02-17 10:00:00,cpu_utilization,87.274
2026-02-17 11:00:00,cpu_utilization,91.76
2026-02-17 12:00:00,cpu_utilization,99.0
2026-02-17 13:00:00,cpu_utilization,77.868
2026-02-17 14:00:00,cpu_utilization,81.044
2026-02-17 15:00:00,cpu_utilization,92.115
2026-02-17 16:00:00,cpu_utilization,94.797
2026-02-17 17:00:00,cpu_utilization,97.359
2026-02-17 18:00:00,cpu_utilization,91.913
2026-02-17 19:00:00,cpu_utilization,80.731
2026-02-17 20:00:00,cpu_utilization,87.316
2026-02-17 21:00:00,cpu_utilization,82.765
2026-02-17 22:00:00,cpu_utilization,71.672
2026-02-17 23:00:00,cpu_utilization,74.191
2026-02-18 00:00:00,cpu_utilization,65.829
2026-02-18 01:00:00,cpu_utilization,57.375
2026-02-18 02:00:00,cpu_utilization,66.855
2026-02-18 03:00:00,cpu_utilization,62.788
2026-02-18 04:00:00,cpu_utilization,63.73
2026-02-18 05:00:00,cpu_utilization,78.382
2026-02-18 06:00:00,cpu_utilization,50.737
2026-02-18 07:00:00,cpu_utilization,63.362
2026-02-18 08:00:00,cpu_utilization,69.883
2026-02-18 09:00:00,cpu_utilization,81.151
2026-02-18 10:00:00,cpu_utilization,86.379
2026-02-18 11:00:00,cpu_utilization,80.103
2026-02-18 12:00:00,cpu_utilization,87.159
2026-02-18 13:00:00,cpu_utilization,89.97
2026-02-18 14:00:00,cpu_utilization,99.0
2026-02-18 15:00:00,cpu_utilization,99.0
2026-02-18 16:00:00,cpu_utilization,91.818
2026-02-18 17:00:00,cpu_utilization,89.361
2026-02-18 18:00:00,cpu_utilization,79.366
2026-02-18 19:00:00,cpu_utilization,68.972
2026-02-18 20:00:00,cpu_utilization,78.661
2026-02-18 21:00:00,cpu_utilization,66.972
2026-02-18 22:00:00,cpu_utilization,69.953
2026-02-18 23:00:00,cpu_utilization,54.12
2026-02-19 00:00:00,cpu_utilization,57.984
2026-02-19 01:00:00,cpu_utilization,63.488
2026-02-19 02:00:00,cpu_utilization,64.634
2026-02-19 03:00:00,cpu_utilization,65.675
2026-02-19 04:00:00,cpu_utilization,53.588
2026-02-19 05:00:00,cpu_utilization,73.868
2026-02-19 06:00:00,cpu_utilization,64.374
2026-02-19 07:00:00,cpu_utilization,80.198
2026-02-19 08:00:00,cpu_utilization,79.727
2026-02-19 09:00:00,cpu_utilization,73.478
2026-02-19 10:00:00,cpu_utilization,86.318
2026-02-19 11:00:00,cpu_utilization,95.517
2026-02-19 12:00:00,cpu_utilization,99.0
2026-02-19 13:00:00,cpu_utilization,96.161
2026-02-19 14:00:00,cpu_utilization,99.0
2026-02-19 15:00:00,cpu_utilization,99.0
2026-02-19 16:00:00,cpu_utilization,93.491
2026-02-19 17:00:00,cpu_utilization,98.703
2026-02-19 18:00:00,cpu_utilization,99.0
2026-02-19 19:00:00,cpu_utilization,99.0
2026-02-19 20:00:00,cpu_utilization,70.204
2026-02-19 21:00:00,cpu_utilization,67.975
2026-02-19 22:00:00,cpu_utilization,82.943
2026-02-19 23:00:00,cpu_utilization,58.888
2026-02-20 00:00:00,cpu_utilization,53.931
2026-02-20 01:00:00,cpu_utilization,58.842
2026-02-20 02:00:00,cpu_utilization,65.498
2026-02-20 03:00:00,cpu_utilization,61.948
2026-02-20 04:00:00,cpu_utilization,59.379
2026-02-20 05:00:00,cpu_utilization,62.068
2026-02-20 06:00:00,cpu_utilization,65.509
2026-02-20 07:00:00,cpu_utilization,68.531
2026-02-20 08:00:00,cpu_utilization,98.497
2026-02-20 09:00:00,cpu_utilization,87.301
2026-02-20 10:00:00,cpu_utilization,96.374
2026-02-20 11:00:00,cpu_utilization,89.113
2026-02-20 12:00:00,cpu_utilization,94.417
2026-02-20 13:00:00,cpu_utilization,92.012
2026-02-20 14:00:00,cpu_utilization,77.138
2026-02-20 15:00:00,cpu_utilization,86.733
2026-02-20 16:00:00,cpu_utilization,81.492
2026-02-20 17:00:00,cpu_utilization,75.136
2026-02-20 18:00:00,cpu_utilization,79.861
2026-02-20 19:00:00,cpu_utilization,95.7
2026-02-20 20:00:00,cpu_utilization,80.105
2026-02-20 21:00:00,cpu_utilization,86.144
2026-02-20 22:00:00,cpu_utilization,74.784
2026-02-20 23:00:00,cpu_utilization,74.047
2026-02-21 00:00:00,cpu_utilization,52.661
2026-02-21 01:00:00,cpu_utilization,62.28
2026-02-21 02:00:00,cpu_utilization,63.323
2026-02-21 03:00:00,cpu_utilization,53.511
2026-02-21 04:00:00,cpu_utilization,64.417
2026-02-21 05:00:00,cpu_utilization,67.349
2026-02-21 06:00:00,cpu_utilization,62.169
2026-02-21 07:00:00,cpu_utilization,61.942
2026-02-21 08:00:00,cpu_utilization,66.128
2026-02-21 09:00:00,cpu_utilization,80.97
2026-02-21 10:00:00,cpu_utilization,87.253
2026-02-21 11:00:00,cpu_utilization,82.043
2026-02-21 12:00:00,cpu_utilization,91.474
2026-02-21 13:00:00,cpu_utilization,97.642
2026-02-21 14:00:00,cpu_utilization,98.655
2026-02-21 15:00:00,cpu_utilization,99.0
2026-02-21 16:00:00,cpu_utilization,99.0
2026-02-21 17:00:00,cpu_utilization,80.481
2026-02-21 18:00:00,cpu_utilization,98.25
2026-02-21 19:00:00,cpu_utilization,76.21
2026-02-21 20:00:00,cpu_utilization,84.176
2026-02-21 21:00:00,cpu_utilization,71.72
2026-02-21 22:00:00,cpu_utilization,63.556
2026-02-21 23:00:00,cpu_utilization,48.682
2026-02-22 00:00:00,cpu_utilization,58.928
2026-02-22 01:00:00,cpu_utilization,46.045
2026-02-22 02:00:00,cpu_utilization,65.663
2026-02-22 03:00:00,cpu_utilization,70.691
2026-02-22 04:00:00,cpu_utilization,53.997
2026-02-22 05:00:00,cpu_utilization,65.667
2026-02-22 06:00:00,cpu_utilization,61.194
2026-02-22 07:00:00,cpu_utilization,66.328
2026-02-22 08:00:00,cpu_utilization,82.229
2026-02-22 09:00:00,cpu_utilization,80.401
2026-02-22 10:00:00,cpu_utilization,98.986
2026-02-22 11:00:00,cpu_utilization,84.957
2026-02-22 12:00:00,cpu_utilization,99.0
2026-02-22 13:00:00,cpu_utilization,94.289
2026-02-22 14:00:00,cpu_utilization,99.0
2026-02-22 15:00:00,cpu_utilization,89.968
2026-02-22 16:00:00,cpu_utilization,91.369
2026-02-22 17:00:00,cpu_utilization,87.999
2026-02-22 18:00:00,cpu_utilization,78.525
2026-02-22 19:00:00,cpu_utilization,86.186
2026-02-22 20:00:00,cpu_utilization,81.451
2026-02-22 21:00:00,cpu_utilization,76.357
2026-02-22 22:00:00,cpu_utilization,79.581
2026-02-22 23:00:00,cpu_utilization,75.17
2026-02-23 00:00:00,cpu_utilization,62.808
2026-02-23 01:00:00,cpu_utilization,67.012
2026-02-23 02:00:00,cpu_utilization,58.443
2026-02-23 03:00:00,cpu_utilization,64.25
2026-02-23 04:00:00,cpu_utilization,61.082
2026-02-23 05:00:00,cpu_utilization,81.719
2026-02-23 06:00:00,cpu_utilization,75.414
2026-02-23 07:00:00,cpu_utilization,75.119
2026-02-23 08:00:00,cpu_utilization,91.089
2026-02-23 09:00:00,cpu_utilization,68.852
2026-02-23 10:00:00,cpu_utilization,74.463
2026-02-23 11:00:00,cpu_utilization,99.0
2026-02-23 12:00:00,cpu_utilization,97.684
2026-02-23 13:00:00,cpu_utilization,99.0
2026-02-23 14:00:00,cpu_utilization,89.037
2026-02-23 15:00:00,cpu_utilization,98.867
2026-02-23 16:00:00,cpu_utilization,99.0
2026-02-23 17:00:00,cpu_utilization,99.0
2026-02-23 18:00:00,cpu_utilization,92.078
2026-02-23 19:00:00,cpu_utilization,82.884
2026-02-23 20:00:00,cpu_utilization,78.599
2026-02-23 21:00:00,cpu_utilization,60.082
2026-02-23 22:00:00,cpu_utilization,74.853
2026-02-23 23:00:00,cpu_utilization,75.846
2026-02-24 00:00:00,cpu_utilization,53.635
2026-02-24 01:00:00,cpu_utilization,59.168
2026-02-24 02:00:00,cpu_utilization,54.604
2026-02-24 03:00:00,cpu_utilization,56.773
2026-02-24 04:00:00,cpu_utilization,66.739
2026-02-24 05:00:00,cpu_utilization,52.515
2026-02-24 06:00:00,cpu_utilization,77.85
2026-02-24 07:00:00,cpu_utilization,83.326
2026-02-24 08:00:00,cpu_utilization,79.963
2026-02-24 09:00:00,cpu_utilization,66.803
2026-02-24 10:00:00,cpu_utilization,83.037
2026-02-24 11:00:00,cpu_utilization,99.0
2026-02-24 12:00:00,cpu_utilization,75.409
2026-02-24 13:00:00,cpu_utilization,96.668
2026-02-24 14:00:00,cpu_utilization,90.64
2026-02-24 15:00:00,cpu_utilization,99.0
2026-02-24 16:00:00,cpu_utilization,92.304
2026-02-24 17:00:00,cpu_utilization,98.094
2026-02-24 18:00:00,cpu_utilization,95.676
2026-02-24 19:00:00,cpu_utilization,99.0
2026-02-24 20:00:00,cpu_utilization,80.564
2026-02-24 21:00:00,cpu_utilization,80.556
2026-02-24 22:00:00,cpu_utilization,61.344
2026-02-24 23:00:00,cpu_utilization,79.037
2026-02-25 00:00:00,cpu_utilization,60.587
2026-02-25 01:00:00,cpu_utilization,60.405
2026-02-25 02:00:00,cpu_utilization,64.118
2026-02-25 03:00:00,cpu_utilization,52.424
2026-02-25 04:00:00,cpu_utilization,68.574
2026-02-25 05:00:00,cpu_utilization,77.362
2026-02-25 06:00:00,cpu_utilization,75.711
2026-02-25 07:00:00,cpu_utilization,65.016
2026-02-25 08:00:00,cpu_utilization,81.414
2026-02-25 09:00:00,cpu_utilization,93.017
2026-02-25 10:00:00,cpu_utilization,76.416
2026-02-25 11:00:00,cpu_utilization,86.588
2026-02-25 12:00:00,cpu_utilization,99.0
2026-02-25 13:00:00,cpu_utilization,99.0
2026-02-25 14:00:00,cpu_utilization,99.0
2026-02-25 15:00:00,cpu_utilization,99.0
2026-02-25 16:00:00,cpu_utilization,99.0
2026-02-25 17:00:00,cpu_utilization,99.0
2026-02-25 18:00:00,cpu_utilization,99.0
2026-02-25 19:00:00,cpu_utilization,85.55
2026-02-25 20:00:00,cpu_utilization,76.237
2026-02-25 21:00:00,cpu_utilization,81.402
2026-02-25 22:00:00,cpu_utilization,77.168
2026-02-25 23:00:00,cpu_utilization,65.732
2026-02-26 00:00:00,cpu_utilization,58.844
2026-02-26 01:00:00,cpu_utilization,83.802
2026-02-26 02:00:00,cpu_utilization,67.343
2026-02-26 03:00:00,cpu_utilization,59.501
2026-02-26 04:00:00,cpu_utilization,74.503
2026-02-26 05:00:00,cpu_utilization,69.181
2026-02-26 06:00:00,cpu_utilization,71.777
2026-02-26 07:00:00,cpu_utilization,82.657
2026-02-26 08:00:00,cpu_utilization,72.501
2026-02-26 09:00:00,cpu_utilization,90.334
2026-02-26 10:00:00,cpu_utilization,99.0
2026-02-26 11:00:00,cpu_utilization,99.0
2026-02-26 12:00:00,cpu_utilization,95.487
2026-02-26 13:00:00,cpu_utilization,96.256
2026-02-26 14:00:00,cpu_utilization,97.661
2026-02-26 15:00:00,cpu_utilization,98.317
2026-02-26 16:00:00,cpu_utilization,95.546
2026-02-26 17:00:00,cpu_utilization,99.0
2026-02-26 18:00:00,cpu_utilization,78.15
2026-02-26 19:00:00,cpu_utilization,94.589
2026-02-26 20:00:00,cpu_utilization,80.015
2026-02-26 21:00:00,cpu_utilization,81.427
2026-02-26 22:00:00,cpu_utilization,65.072
2026-02-26 23:00:00,cpu_utilization,81.007
2026-02-27 00:00:00,cpu_utilization,77.501
2026-02-27 01:00:00,cpu_utilization,73.432
2026-02-27 02:00:00,cpu_utilization,53.042
2026-02-27 03:00:00,cpu_utilization,72.424
2026-02-27 04:00:00,cpu_utilization,70.846
2026-02-27 05:00:00,cpu_utilization,57.644
2026-02-27 06:00:00,cpu_utilization,74.038
2026-02-27 07:00:00,cpu_utilization,81.508
2026-02-27 08:00:00,cpu_utilization,87.717
2026-02-27 09:00:00,cpu_utilization,89.363
2026-02-27 10:00:00,cpu_utilization,94.634
2026-02-27 11:00:00,cpu_utilization,99.0
2026-02-27 12:00:00,cpu_utilization,99.0
2026-02-27 13:00:00,cpu_utilization,77.808
2026-02-27 14:00:00,cpu_utilization,98.836
2026-02-27 15:00:00,cpu_utilization,99.0
2026-02-27 16:00:00,cpu_utilization,84.984
2026-02-27 17:00:00,cpu_utilization,96.911
2026-02-27 18:00:00,cpu_utilization,99.0
2026-02-27 19:00:00,cpu_utilization,79.432
2026-02-27 20:00:00,cpu_utilization,86.175
2026-02-27 21:00:00,cpu_utilization,71.517
2026-02-27 22:00:00,cpu_utilization,69.145
2026-02-27 23:00:00,cpu_utilization,82.629
2026-02-28 00:00:00,cpu_utilization,58.552
2026-02-28 01:00:00,cpu_utilization,64.81
2026-02-28 02:00:00,cpu_utilization,45.547
2026-02-28 03:00:00,cpu_utilization,76.047
2026-02-28 04:00:00,cpu_utilization,67.786
2026-02-28 05:00:00,cpu_utilization,64.383
2026-02-28 06:00:00,cpu_utilization,74.193
2026-02-28 07:00:00,cpu_utilization,62.67
2026-02-28 08:00:00,cpu_utilization,88.085
2026-02-28 09:00:00,cpu_utilization,80.71
2026-02-28 10:00:00,cpu_utilization,86.028
2026-02-28 11:00:00,cpu_utilization,87.474
2026-02-28 12:00:00,cpu_utilization,89.64
2026-02-28 13:00:00,cpu_utilization,99.0
2026-02-28 14:00:00,cpu_utilization,98.78
2026-02-28 15:00:00,cpu_utilization,99.0
2026-02-28 16:00:00,cpu_utilization,94.287
2026-02-28 17:00:00,cpu_utilization,95.621
2026-02-28 18:00:00,cpu_utilization,84.454
2026-02-28 19:00:00,cpu_utilization,99.0
2026-02-28 20:00:00,cpu_utilization,66.298
2026-02-28 21:00:00,cpu_utilization,84.288
2026-02-28 22:00:00,cpu_utilization,80.82
2026-02-28 23:00:00,cpu_utilization,59.35
2026-03-01 00:00:00,cpu_utilization,81.159
2026-03-01 01:00:00,cpu_utilization,69.508
2026-03-01 02:00:00,cpu_utilization,68.718
2026-03-01 03:00:00,cpu_utilization,61.805
2026-03-01 04:00:00,cpu_utilization,61.659
2026-03-01 05:00:00,cpu_utilization,64.6
2026-03-01 06:00:00,cpu_utilization,73.145
2026-03-01 07:00:00,cpu_utilization,85.59
2026-03-01 08:00:00,cpu_utilization,80.508
2026-03-01 09:00:00,cpu_utilization,76.442
2026-03-01 10:00:00,cpu_utilization,94.688
2026-03-01 11:00:00,cpu_utilization,99.0
2026-03-01 12:00:00,cpu_utilization,99.0
2026-03-01 13:00:00,cpu_utilization,99.0
2026-03-01 14:00:00,cpu_utilization,94.998
2026-03-01 15:00:00,cpu_utilization,89.138
2026-03-01 16:00:00,cpu_utilization,87.844
2026-03-01 17:00:00,cpu_utilization,78.863
2026-03-01 18:00:00,cpu_utilization,90.133
2026-03-01 19:00:00,cpu_utilization,83.246
2026-03-01 20:00:00,cpu_utilization,75.753
2026-03-01 21:00:00,cpu_utilization,50.987
2026-03-01 22:00:00,cpu_utilization,60.33
2026-03-01 23:00:00,cpu_utilization,75.566
2026-03-02 00:00:00,cpu_utilization,63.515
2026-03-02 01:00:00,cpu_utilization,69.936
2026-03-02 02:00:00,cpu_utilization,55.331
2026-03-02 03:00:00,cpu_utilization,78.597
2026-03-02 04:00:00,cpu_utilization,67.751
2026-03-02 05:00:00,cpu_utilization,74.102
2026-03-02 06:00:00,cpu_utilization,94.134
2026-03-02 07:00:00,cpu_utilization,92.019
2026-03-02 08:00:00,cpu_utilization,82.111
2026-03-02 09:00:00,cpu_utilization,84.495
2026-03-02 10:00:00,cpu_utilization,90.996
2026-03-02 11:00:00,cpu_utilization,99.0
2026-03-02 12:00:00,cpu_utilization,99.0
2026-03-02 13:00:00,cpu_utilization,98.879
2026-03-02 14:00:00,cpu_utilization,99.0
2026-03-02 15:00:00,cpu_utilization,99.0
2026-03-02 16:00:00,cpu_utilization,99.0
2026-03-02 17:00:00,cpu_utilization,98.18
2026-03-02 18:00:00,cpu_utilization,99.0
2026-03-02 19:00:00,cpu_utilization,92.279
2026-03-02 20:00:00,cpu_utilization,92.484
2026-03-02 21:00:00,cpu_utilization,74.342
2026-03-02 22:00:00,cpu_utilization,68.986
2026-03-02 23:00:00,cpu_utilization,75.784
2026-03-03 00:00:00,cpu_utilization,77.172
2026-03-03 01:00:00,cpu_utilization,67.805
2026-03-03 02:00:00,cpu_utilization,56.597
2026-03-03 03:00:00,cpu_utilization,56.637
2026-03-03 04:00:00,cpu_utilization,57.918
2026-03-03 05:00:00,cpu_utilization,58.073
2026-03-03 06:00:00,cpu_utilization,76.836
2026-03-03 07:00:00,cpu_utilization,89.32
2026-03-03 08:00:00,cpu_utilization,84.889
2026-03-03 09:00:00,cpu_utilization,71.589
2026-03-03 10:00:00,cpu_utilization,92.506
2026-03-03 11:00:00,cpu_utilization,96.476
2026-03-03 12:00:00,cpu_utilization,99.0
2026-03-03 13:00:00,cpu_utilization,90.816
2026-03-03 14:00:00,cpu_utilization,99.0
2026-03-03 15:00:00,cpu_utilization,99.0
2026-03-03 16:00:00,cpu_utilization,99.0
2026-03-03 17:00:00,cpu_utilization,99.0
2026-03-03 18:00:00,cpu_utilization,95.093
2026-03-03 19:00:00,cpu_utilization,92.492
2026-03-03 20:00:00,cpu_utilization,91.433
2026-03-03 21:00:00,cpu_utilization,74.095
2026-03-03 22:00:00,cpu_utilization,83.272
2026-03-03 23:00:00,cpu_utilization,61.554
2026-03-04 00:00:00,cpu_utilization,72.322
2026-03-04 01:00:00,cpu_utilization,69.345
2026-03-04 02:00:00,cpu_utilization,62.39
2026-03-04 03:00:00,cpu_utilization,67.77
2026-03-04 04:00:00,cpu_utilization,64.787
2026-03-04 05:00:00,cpu_utilization,64.072
2026-03-04 06:00:00,cpu_utilization,73.563
2026-03-04 07:00:00,cpu_utilization,71.919
2026-03-04 08:00:00,cpu_utilization,88.01
2026-03-04 09:00:00,cpu_utilization,80.904
2026-03-04 10:00:00,cpu_utilization,99.0
2026-03-04 11:00:00,cpu_utilization,88.758
2026-03-04 12:00:00,cpu_utilization,96.558
2026-03-04 13:00:00,cpu_utilization,97.908
2026-03-04 14:00:00,cpu_utilization,99.0
2026-03-04 15:00:00,cpu_utilization,99.0
2026-03-04 16:00:00,cpu_utilization,99.0
2026-03-04 17:00:00,cpu_utilization,99.0
2026-03-04 18:00:00,cpu_utilization,77.75
2026-03-04 19:00:00,cpu_utilization,89.94
2026-03-04 20:00:00,cpu_utilization,99.0
2026-03-04 21:00:00,cpu_utilization,82.062
2026-03-04 22:00:00,cpu_utilization,77.223
2026-03-04 23:00:00,cpu_utilization,77.355
2026-03-05 00:00:00,cpu_utilization,77.292
2026-03-05 01:00:00,cpu_utilization,52.368
2026-03-05 02:00:00,cpu_utilization,54.293
2026-03-05 03:00:00,cpu_utilization,70.066
2026-03-05 04:00:00,cpu_utilization,64.481
2026-03-05 05:00:00,cpu_utilization,83.574
2026-03-05 06:00:00,cpu_utilization,74.303
2026-03-05 07:00:00,cpu_utilization,65.707
2026-03-05 08:00:00,cpu_utilization,75.716
2026-03-05 09:00:00,cpu_utilization,68.539
2026-03-05 10:00:00,cpu_utilization,93.023
2026-03-05 11:00:00,cpu_utilization,97.135
2026-03-05 12:00:00,cpu_utilization,98.125
2026-03-05 13:00:00,cpu_utilization,99.0
2026-03-05 14:00:00,cpu_utilization,99.0
2026-03-05 15:00:00,cpu_utilization,99.0
2026-03-05 16:00:00,cpu_utilization,84.515
2026-03-05 17:00:00,cpu_utilization,99.0
2026-03-05 18:00:00,cpu_utilization,99.0
2026-03-05 19:00:00,cpu_utilization,93.192
2026-03-05 20:00:00,cpu_utilization,93.928
2026-03-05 21:00:00,cpu_utilization,72.117
2026-03-05 22:00:00,cpu_utilization,93.182
2026-03-05 23:00:00,cpu_utilization,65.727
2026-03-06 00:00:00,cpu_utilization,76.553
2026-03-06 01:00:00,cpu_utilization,55.281
2026-03-06 02:00:00,cpu_utilization,60.742
2026-03-06 03:00:00,cpu_utilization,80.946
2026-03-06 04:00:00,cpu_utilization,68.544
2026-03-06 05:00:00,cpu_utilization,80.229
2026-03-06 06:00:00,cpu_utilization,79.152
2026-03-06 07:00:00,cpu_utilization,80.776
2026-03-06 08:00:00,cpu_utilization,97.203
2026-03-06 09:00:00,cpu_utilization,89.075
2026-03-06 10:00:00,cpu_utilization,81.082
2026-03-06 11:00:00,cpu_utilization,92.648
2026-03-06 12:00:00,cpu_utilization,99.0
2026-03-06 13:00:00,cpu_utilization,99.0
2026-03-06 14:00:00,cpu_utilization,91.864
2026-03-06 15:00:00,cpu_utilization,98.01
2026-03-06 16:00:00,cpu_utilization,97.371
2026-03-06 17:00:00,cpu_utilization,96.258
2026-03-06 18:00:00,cpu_utilization,84.465
2026-03-06 19:00:00,cpu_utilization,86.122
2026-03-06 20:00:00,cpu_utilization,80.679
2026-03-06 21:00:00,cpu_utilization,88.04
2026-03-06 22:00:00,cpu_utilization,84.017
2026-03-06 23:00:00,cpu_utilization,72.668
2026-03-07 00:00:00,cpu_utilization,62.78
2026-03-07 01:00:00,cpu_utilization,65.256
2026-03-07 02:00:00,cpu_utilization,57.008
2026-03-07 03:00:00,cpu_utilization,54.998
2026-03-07 04:00:00,cpu_utilization,58.467
2026-03-07 05:00:00,cpu_utilization,63.789
2026-03-07 06:00:00,cpu_utilization,63.305
2026-03-07 07:00:00,cpu_utilization,78.269
2026-03-07 08:00:00,cpu_utilization,87.487
2026-03-07 09:00:00,cpu_utilization,73.629
2026-03-07 10:00:00,cpu_utilization,90.886
2026-03-07 11:00:00,cpu_utilization,92.671
2026-03-07 12:00:00,cpu_utilization,99.0
2026-03-07 13:00:00,cpu_utilization,99.0
2026-03-07 14:00:00,cpu_utilization,88.128
2026-03-07 15:00:00,cpu_utilization,89.063
2026-03-07 16:00:00,cpu_utilization,97.617
2026-03-07 17:00:00,cpu_utilization,99.0
2026-03-07 18:00:00,cpu_utilization,73.116
2026-03-07 19:00:00,cpu_utilization,89.272
2026-03-07 20:00:00,cpu_utilization,91.382
2026-03-07 21:00:00,cpu_utilization,76.0
2026-03-07 22:00:00,cpu_utilization,77.303
2026-03-07 23:00:00,cpu_utilization,63.567
2026-03-08 00:00:00,cpu_utilization,65.394
2026-03-08 01:00:00,cpu_utilization,51.601
2026-03-08 02:00:00,cpu_utilization,45.218
2026-03-08 03:00:00,cpu_utilization,72.146
2026-03-08 04:00:00,cpu_utilization,58.541
2026-03-08 05:00:00,cpu_utilization,65.655
2026-03-08 06:00:00,cpu_utilization,61.953
2026-03-08 07:00:00,cpu_utilization,66.124
2026-03-08 08:00:00,cpu_utilization,80.69
2026-03-08 09:00:00,cpu_utilization,80.921
2026-03-08 10:00:00,cpu_utilization,94.141
2026-03-08 11:00:00,cpu_utilization,98.483
2026-03-08 12:00:00,cpu_utilization,99.0
2026-03-08 13:00:00,cpu_utilization,99.0
2026-03-08 14:00:00,cpu_utilization,99.0
2026-03-08 15:00:00,cpu_utilization,91.053
2026-03-08 16:00:00,cpu_utilization,97.374
2026-03-08 17:00:00,cpu_utilization,99.0
2026-03-08 18:00:00,cpu_utilization,99.0
2026-03-08 19:00:00,cpu_utilization,75.564
2026-03-08 20:00:00,cpu_utilization,79.798
2026-03-08 21:00:00,cpu_utilization,88.521
2026-03-08 22:00:00,cpu_utilization,77.398
2026-03-08 23:00:00,cpu_utilization,71.185
2026-03-09 00:00:00,cpu_utilization,70.114
2026-03-09 01:00:00,cpu_utilization,67.005
2026-03-09 02:00:00,cpu_utilization,71.786
2026-03-09 03:00:00,cpu_utilization,68.092
2026-03-09 04:00:00,cpu_utilization,71.587
2026-03-09 05:00:00,cpu_utilization,75.435
2026-03-09 06:00:00,cpu_utilization,73.127
2026-03-09 07:00:00,cpu_utilization,87.168
2026-03-09 08:00:00,cpu_utilization,99.0
2026-03-09 09:00:00,cpu_utilization,78.049
2026-03-09 10:00:00,cpu_utilization,99.0
2026-03-09 11:00:00,cpu_utilization,94.288
2026-03-09 12:00:00,cpu_utilization,99.0
2026-03-09 13:00:00,cpu_utilization,99.0
2026-03-09 14:00:00,cpu_utilization,99.0
2026-03-09 15:00:00,cpu_utilization,99.0
2026-03-09 16:00:00,cpu_utilization,99.0
2026-03-09 17:00:00,cpu_utilization,99.0
2026-03-09 18:00:00,cpu_utilization,78.014
2026-03-09 19:00:00,cpu_utilization,99.0
2026-03-09 20:00:00,cpu_utilization,90.804
2026-03-09 21:00:00,cpu_utilization,91.786
2026-03-09 22:00:00,cpu_utilization,69.081
2026-03-09 23:00:00,cpu_utilization,68.484
2026-03-10 00:00:00,cpu_utilization,73.455
2026-03-10 01:00:00,cpu_utilization,70.371
2026-03-10 02:00:00,cpu_utilization,72.177
2026-03-10 03:00:00,cpu_utilization,79.219
2026-03-10 04:00:00,cpu_utilization,58.238
2026-03-10 05:00:00,cpu_utilization,83.029
2026-03-10 06:00:00,cpu_utilization,79.05
2026-03-10 07:00:00,cpu_utilization,81.713
2026-03-10 08:00:00,cpu_utilization,76.251
2026-03-10 09:00:00,cpu_utilization,96.721
2026-03-10 10:00:00,cpu_utilization,77.743
2026-03-10 11:00:00,cpu_utilization,99.0
2026-03-10 12:00:00,cpu_utilization,91.744
2026-03-10 13:00:00,cpu_utilization,99.0
2026-03-10 14:00:00,cpu_utilization,99.0
2026-03-10 15:00:00,cpu_utilization,99.0
2026-03-10 16:00:00,cpu_utilization,99.0
2026-03-10 17:00:00,cpu_utilization,95.357
2026-03-10 18:00:00,cpu_utilization,93.147
2026-03-10 19:00:00,cpu_utilization,99.0
2026-03-10 20:00:00,cpu_utilization,92.526
2026-03-10 21:00:00,cpu_utilization,80.51
2026-03-10 22:00:00,cpu_utilization,77.38
2026-03-10 23:00:00,cpu_utilization,63.025
2026-03-11 00:00:00,cpu_utilization,75.827
2026-03-11 01:00:00,cpu_utilization,56.861
2026-03-11 02:00:00,cpu_utilization,76.358
2026-03-11 03:00:00,cpu_utilization,72.004
2026-03-11 04:00:00,cpu_utilization,91.887
2026-03-11 05:00:00,cpu_utilization,66.869
2026-03-11 06:00:00,cpu_utilization,78.595
2026-03-11 07:00:00,cpu_utilization,98.162
2026-03-11 08:00:00,cpu_utilization,97.983
2026-03-11 09:00:00,cpu_utilization,87.559
2026-03-11 10:00:00,cpu_utilization,99.0
2026-03-11 11:00:00,cpu_utilization,99.0
2026-03-11 12:00:00,cpu_utilization,99.0
2026-03-11 13:00:00,cpu_utilization,99.0
2026-03-11 14:00:00,cpu_utilization,99.0
2026-03-11 15:00:00,cpu_utilization,93.18
2026-03-11 16:00:00,cpu_utilization,99.0
2026-03-11 17:00:00,cpu_utilization,99.0
2026-03-11 18:00:00,cpu_utilization,95.813
2026-03-11 19:00:00,cpu_utilization,80.388
2026-03-11 20:00:00,cpu_utilization,96.576
2026-03-11 21:00:00,cpu_utilization,86.943
2026-03-11 22:00:00,cpu_utilization,73.896
2026-03-11 23:00:00,cpu_utilization,73.749
2026-03-12 00:00:00,cpu_utilization,61.146
2026-03-12 01:00:00,cpu_utilization,63.168
2026-03-12 02:00:00,cpu_utilization,66.474
2026-03-12 03:00:00,cpu_utilization,81.235
2026-03-12 04:00:00,cpu_utilization,68.108
2026-03-12 05:00:00,cpu_utilization,81.224
2026-03-12 06:00:00,cpu_utilization,75.541
2026-03-12 07:00:00,cpu_utilization,86.191
2026-03-12 08:00:00,cpu_utilization,87.753
2026-03-12 09:00:00,cpu_utilization,99.0
2026-03-12 10:00:00,cpu_utilization,93.642
2026-03-12 11:00:00,cpu_utilization,89.086
2026-03-12 12:00:00,cpu_utilization,93.489
2026-03-12 13:00:00,cpu_utilization,99.0
2026-03-12 14:00:00,cpu_utilization,97.0
2026-03-12 15:00:00,cpu_utilization,99.0
2026-03-12 16:00:00,cpu_utilization,99.0
2026-03-12 17:00:00,cpu_utilization,99.0
2026-03-12 18:00:00,cpu_utilization,84.162
2026-03-12 19:00:00,cpu_utilization,95.37
2026-03-12 20:00:00,cpu_utilization,80.076
2026-03-12 21:00:00,cpu_utilization,80.512
2026-03-12 22:00:00,cpu_utilization,81.267
2026-03-12 23:00:00,cpu_utilization,57.823
2026-03-13 00:00:00,cpu_utilization,75.478
2026-03-13 01:00:00,cpu_utilization,87.027
2026-03-13 02:00:00,cpu_utilization,67.58
2026-03-13 03:00:00,cpu_utilization,73.918
2026-03-13 04:00:00,cpu_utilization,81.855
2026-03-13 05:00:00,cpu_utilization,75.222
2026-03-13 06:00:00,cpu_utilization,75.632
2026-03-13 07:00:00,cpu_utilization,66.433
2026-03-13 08:00:00,cpu_utilization,94.444
2026-03-13 09:00:00,cpu_utilization,93.087
2026-03-13 10:00:00,cpu_utilization,90.251
2026-03-13 11:00:00,cpu_utilization,99.0
2026-03-13 12:00:00,cpu_utilization,99.0
2026-03-13 13:00:00,cpu_utilization,99.0
2026-03-13 14:00:00,cpu_utilization,99.0
2026-03-13 15:00:00,cpu_utilization,96.122
2026-03-13 16:00:00,cpu_utilization,99.0
2026-03-13 17:00:00,cpu_utilization,91.024
2026-03-13 18:00:00,cpu_utilization,93.194
2026-03-13 19:00:00,cpu_utilization,99.0
2026-03-13 20:00:00,cpu_utilization,98.551
2026-03-13 21:00:00,cpu_utilization,85.672
2026-03-13 22:00:00,cpu_utilization,73.044
2026-03-13 23:00:00,cpu_utilization,72.624
2026-03-14 00:00:00,cpu_utilization,69.527
2026-03-14 01:00:00,cpu_utilization,67.461
2026-03-14 02:00:00,cpu_utilization,65.838
2026-03-14 03:00:00,cpu_utilization,66.95
2026-03-14 04:00:00,cpu_utilization,67.298
2026-03-14 05:00:00,cpu_utilization,60.355
2026-03-14 06:00:00,cpu_utilization,71.505
2026-03-14 07:00:00,cpu_utilization,87.313
2026-03-14 08:00:00,cpu_utilization,73.726
2026-03-14 09:00:00,cpu_utilization,87.833
2026-03-14 10:00:00,cpu_utilization,87.151
2026-03-14 11:00:00,cpu_utilization,98.346
2026-03-14 12:00:00,cpu_utilization,97.224
2026-03-14 13:00:00,cpu_utilization,99.0
2026-03-14 14:00:00,cpu_utilization,99.0
2026-03-14 15:00:00,cpu_utilization,91.691
2026-03-14 16:00:00,cpu_utilization,99.0
2026-03-14 17:00:00,cpu_utilization,91.366
2026-03-14 18:00:00,cpu_utilization,89.237
2026-03-14 19:00:00,cpu_utilization,92.04
2026-03-14 20:00:00,cpu_utilization,80.955
2026-03-14 21:00:00,cpu_utilization,87.391
2026-03-14 22:00:00,cpu_utilization,69.729
2026-03-14 23:00:00,cpu_utilization,67.264
2026-03-15 00:00:00,cpu_utilization,64.122
2026-03-15 01:00:00,cpu_utilization,63.067
2026-03-15 02:00:00,cpu_utilization,75.791
2026-03-15 03:00:00,cpu_utilization,72.659
2026-03-15 04:00:00,cpu_utilization,83.124
2026-03-15 05:00:00,cpu_utilization,90.464
2026-03-15 06:00:00,cpu_utilization,67.823
2026-03-15 07:00:00,cpu_utilization,80.992
2026-03-15 08:00:00,cpu_utilization,75.695
2026-03-15 09:00:00,cpu_utilization,83.561
2026-03-15 10:00:00,cpu_utilization,89.1
2026-03-15 11:00:00,cpu_utilization,89.43
2026-03-15 12:00:00,cpu_utilization,92.35
2026-03-15 13:00:00,cpu_utilization,99.0
2026-03-15 14:00:00,cpu_utilization,93.479
2026-03-15 15:00:00,cpu_utilization,99.0
2026-03-15 16:00:00,cpu_utilization,93.495
2026-03-15 17:00:00,cpu_utilization,99.0
2026-03-15 18:00:00,cpu_utilization,90.674
2026-03-15 19:00:00,cpu_utilization,90.538
2026-03-15 20:00:00,cpu_utilization,74.958
2026-03-15 21:00:00,cpu_utilization,94.329
2026-03-15 22:00:00,cpu_utilization,85.313
2026-03-15 23:00:00,cpu_utilization,75.022
2026-03-16 00:00:00,cpu_utilization,64.105
2026-03-16 01:00:00,cpu_utilization,74.785
2026-03-16 02:00:00,cpu_utilization,63.533
2026-03-16 03:00:00,cpu_utilization,84.834
2026-03-16 04:00:00,cpu_utilization,81.425
2026-03-16 05:00:00,cpu_utilization,78.594
2026-03-16 06:00:00,cpu_utilization,62.085
2026-03-16 07:00:00,cpu_utilization,78.068
2026-03-16 08:00:00,cpu_utilization,96.114
2026-03-16 09:00:00,cpu_utilization,99.0
2026-03-16 10:00:00,cpu_utilization,99.0
2026-03-16 11:00:00,cpu_utilization,90.658
2026-03-16 12:00:00,cpu_utilization,99.0
2026-03-16 13:00:00,cpu_utilization,99.0
2026-03-16 14:00:00,cpu_utilization,95.453
2026-03-16 15:00:00,cpu_utilization,99.0
2026-03-16 16:00:00,cpu_utilization,99.0
2026-03-16 17:00:00,cpu_utilization,99.0
2026-03-16 18:00:00,cpu_utilization,84.975
2026-03-16 19:00:00,cpu_utilization,92.863
2026-03-16 20:00:00,cpu_utilization,88.21
2026-03-16 21:00:00,cpu_utilization,85.003
2026-03-16 22:00:00,cpu_utilization,77.356
2026-03-16 23:00:00,cpu_utilization,74.61
2026-03-17 00:00:00,cpu_utilization,74.994
2026-03-17 01:00:00,cpu_utilization,77.071
2026-03-17 02:00:00,cpu_utilization,70.501
2026-03-17 03:00:00,cpu_utilization,70.29
2026-03-17 04:00:00,cpu_utilization,76.122
2026-03-17 05:00:00,cpu_utilization,62.895
2026-03-17 06:00:00,cpu_utilization,85.824
2026-03-17 07:00:00,cpu_utilization,86.363
2026-03-17 08:00:00,cpu_utilization,91.362
2026-03-17 09:00:00,cpu_utilization,99.0
2026-03-17 10:00:00,cpu_utilization,84.457
2026-03-17 11:00:00,cpu_utilization,88.035
2026-03-17 12:00:00,cpu_utilization,99.0
2026-03-17 13:00:00,cpu_utilization,99.0
2026-03-17 14:00:00,cpu_utilization,99.0
2026-03-17 15:00:00,cpu_utilization,99.0
2026-03-17 16:00:00,cpu_utilization,99.0
2026-03-17 17:00:00,cpu_utilization,99.0
2026-03-17 18:00:00,cpu_utilization,99.0
2026-03-17 19:00:00,cpu_utilization,93.814
2026-03-17 20:00:00,cpu_utilization,74.398
2026-03-17 21:00:00,cpu_utilization,92.773
2026-03-17 22:00:00,cpu_utilization,92.07
2026-03-17 23:00:00,cpu_utilization,83.743
2026-03-18 00:00:00,cpu_utilization,68.706
2026-03-18 01:00:00,cpu_utilization,79.354
2026-03-18 02:00:00,cpu_utilization,80.252
2026-03-18 03:00:00,cpu_utilization,86.47
2026-03-18 04:00:00,cpu_utilization,68.807
2026-03-18 05:00:00,cpu_utilization,76.882
2026-03-18 06:00:00,cpu_utilization,88.418
2026-03-18 07:00:00,cpu_utilization,87.259
2026-03-18 08:00:00,cpu_utilization,82.537
2026-03-18 09:00:00,cpu_utilization,99.0
2026-03-18 10:00:00,cpu_utilization,99.0
2026-03-18 11:00:00,cpu_utilization,99.0
2026-03-18 12:00:00,cpu_utilization,99.0
2026-03-18 13:00:00,cpu_utilization,99.0
2026-03-18 14:00:00,cpu_utilization,99.0
2026-03-18 15:00:00,cpu_utilization,99.0
2026-03-18 16:00:00,cpu_utilization,99.0
2026-03-18 17:00:00,cpu_utilization,99.0
2026-03-18 18:00:00,cpu_utilization,99.0
2026-03-18 19:00:00,cpu_utilization,84.354
2026-03-18 20:00:00,cpu_utilization,81.21
2026-03-18 21:00:00,cpu_utilization,70.749
2026-03-18 22:00:00,cpu_utilization,82.99
2026-03-18 23:00:00,cpu_utilization,70.072
2026-03-19 00:00:00,cpu_utilization,73.099
2026-03-19 01:00:00,cpu_utilization,79.686
2026-03-19 02:00:00,cpu_utilization,68.668
2026-03-19 03:00:00,cpu_utilization,76.282
2026-03-19 04:00:00,cpu_utilization,73.853
2026-03-19 05:00:00,cpu_utilization,84.503
2026-03-19 06:00:00,cpu_utilization,86.673
2026-03-19 07:00:00,cpu_utilization,81.696
2026-03-19 08:00:00,cpu_utilization,90.559
2026-03-19 09:00:00,cpu_utilization,99.0
2026-03-19 10:00:00,cpu_utilization,99.0
2026-03-19 11:00:00,cpu_utilization,93.514
2026-03-19 12:00:00,cpu_utilization,99.0
2026-03-19 13:00:00,cpu_utilization,99.0
2026-03-19 14:00:00,cpu_utilization,99.0
2026-03-19 15:00:00,cpu_utilization,99.0
2026-03-19 16:00:00,cpu_utilization,99.0
2026-03-19 17:00:00,cpu_utilization,99.0
2026-03-19 18:00:00,cpu_utilization,99.0
2026-03-19 19:00:00,cpu_utilization,99.0
2026-03-19 20:00:00,cpu_utilization,89.158
2026-03-19 21:00:00,cpu_utilization,89.368
2026-03-19 22:00:00,cpu_utilization,90.135
2026-03-19 23:00:00,cpu_utilization,74.956
2026-03-20 00:00:00,cpu_utilization,71.678
2026-03-20 01:00:00,cpu_utilization,65.272
2026-03-20 02:00:00,cpu_utilization,65.716
2026-03-20 03:00:00,cpu_utilization,60.236
2026-03-20 04:00:00,cpu_utilization,82.518
2026-03-20 05:00:00,cpu_utilization,94.029
2026-03-20 06:00:00,cpu_utilization,94.707
2026-03-20 07:00:00,cpu_utilization,74.655
2026-03-20 08:00:00,cpu_utilization,98.139
2026-03-20 09:00:00,cpu_utilization,99.0
2026-03-20 10:00:00,cpu_utilization,97.722
2026-03-20 11:00:00,cpu_utilization,99.0
2026-03-20 12:00:00,cpu_utilization,91.937
2026-03-20 13:00:00,cpu_utilization,99.0
2026-03-20 14:00:00,cpu_utilization,99.0
2026-03-20 15:00:00,cpu_utilization,99.0
2026-03-20 16:00:00,cpu_utilization,95.583
2026-03-20 17:00:00,cpu_utilization,99.0
2026-03-20 18:00:00,cpu_utilization,99.0
2026-03-20 19:00:00,cpu_utilization,90.931
2026-03-20 20:00:00,cpu_utilization,83.461
2026-03-20 21:00:00,cpu_utilization,70.667
2026-03-20 22:00:00,cpu_utilization,81.461
2026-03-20 23:00:00,cpu_utilization,75.229
2026-03-21 00:00:00,cpu_utilization,59.556
2026-03-21 01:00:00,cpu_utilization,73.808
2026-03-21 02:00:00,cpu_utilization,65.989
2026-03-21 03:00:00,cpu_utilization,61.614
2026-03-21 04:00:00,cpu_utilization,67.6
2026-03-21 05:00:00,cpu_utilization,83.486
2026-03-21 06:00:00,cpu_utilization,83.484
2026-03-21 07:00:00,cpu_utilization,81.98
2026-03-21 08:00:00,cpu_utilization,92.65
2026-03-21 09:00:00,cpu_utilization,83.086
2026-03-21 10:00:00,cpu_utilization,96.992
2026-03-21 11:00:00,cpu_utilization,99.0
2026-03-21 12:00:00,cpu_utilization,99.0
2026-03-21 13:00:00,cpu_utilization,99.0
2026-03-21 14:00:00,cpu_utilization,99.0
2026-03-21 15:00:00,cpu_utilization,99.0
2026-03-21 16:00:00,cpu_utilization,99.0
2026-03-21 17:00:00,cpu_utilization,77.25
2026-03-21 18:00:00,cpu_utilization,99.0
2026-03-21 19:00:00,cpu_utilization,68.173
2026-03-21 20:00:00,cpu_utilization,82.985
2026-03-21 21:00:00,cpu_utilization,91.475
2026-03-21 22:00:00,cpu_utilization,76.411
2026-03-21 23:00:00,cpu_utilization,63.51
2026-03-22 00:00:00,cpu_utilization,63.647
2026-03-22 01:00:00,cpu_utilization,78.832
2026-03-22 02:00:00,cpu_utilization,54.649
2026-03-22 03:00:00,cpu_utilization,79.684
2026-03-22 04:00:00,cpu_utilization,72.028
2026-03-22 05:00:00,cpu_utilization,65.808
2026-03-22 06:00:00,cpu_utilization,74.428
2026-03-22 07:00:00,cpu_utilization,75.314
2026-03-22 08:00:00,cpu_utilization,95.059
2026-03-22 09:00:00,cpu_utilization,98.665
2026-03-22 10:00:00,cpu_utilization,83.412
2026-03-22 11:00:00,cpu_utilization,97.682
2026-03-22 12:00:00,cpu_utilization,96.884
2026-03-22 13:00:00,cpu_utilization,99.0
2026-03-22 14:00:00,cpu_utilization,95.436
2026-03-22 15:00:00,cpu_utilization,99.0
2026-03-22 16:00:00,cpu_utilization,99.0
2026-03-22 17:00:00,cpu_utilization,91.723
2026-03-22 18:00:00,cpu_utilization,91.891
2026-03-22 19:00:00,cpu_utilization,86.573
2026-03-22 20:00:00,cpu_utilization,78.148
2026-03-22 21:00:00,cpu_utilization,84.463
2026-03-22 22:00:00,cpu_utilization,69.558
2026-03-22 23:00:00,cpu_utilization,58.228
2026-03-23 00:00:00,cpu_utilization,74.866
2026-03-23 01:00:00,cpu_utilization,61.7
2026-03-23 02:00:00,cpu_utilization,69.511
2026-03-23 03:00:00,cpu_utilization,68.887
2026-03-23 04:00:00,cpu_utilization,71.006
2026-03-23 05:00:00,cpu_utilization,96.862
2026-03-23 06:00:00,cpu_utilization,85.051
2026-03-23 07:00:00,cpu_utilization,90.922
2026-03-23 08:00:00,cpu_utilization,79.425
2026-03-23 09:00:00,cpu_utilization,93.081
2026-03-23 10:00:00,cpu_utilization,99.0
2026-03-23 11:00:00,cpu_utilization,98.222
2026-03-23 12:00:00,cpu_utilization,99.0
2026-03-23 13:00:00,cpu_utilization,99.0
2026-03-23 14:00:00,cpu_utilization,99.0
2026-03-23 15:00:00,cpu_utilization,99.0
2026-03-23 16:00:00,cpu_utilization,99.0
2026-03-23 17:00:00,cpu_utilization,99.0
2026-03-23 18:00:00,cpu_utilization,99.0
2026-03-23 19:00:00,cpu_utilization,96.604
2026-03-23 20:00:00,cpu_utilization,87.977
2026-03-23 21:00:00,cpu_utilization,93.092
2026-03-23 22:00:00,cpu_utilization,86.795
2026-03-23 23:00:00,cpu_utilization,80.469
2026-03-24 00:00:00,cpu_utilization,74.892
2026-03-24 01:00:00,cpu_utilization,82.928
2026-03-24 02:00:00,cpu_utilization,74.073
2026-03-24 03:00:00,cpu_utilization,74.138
2026-03-24 04:00:00,cpu_utilization,79.245
2026-03-24 05:00:00,cpu_utilization,94.859
2026-03-24 06:00:00,cpu_utilization,74.309
2026-03-24 07:00:00,cpu_utilization,95.55
2026-03-24 08:00:00,cpu_utilization,78.923
2026-03-24 09:00:00,cpu_utilization,99.0
2026-03-24 10:00:00,cpu_utilization,99.0
2026-03-24 11:00:00,cpu_utilization,99.0
2026-03-24 12:00:00,cpu_utilization,99.0
2026-03-24 13:00:00,cpu_utilization,99.0
2026-03-24 14:00:00,cpu_utilization,99.0
2026-03-24 15:00:00,cpu_utilization,99.0
2026-03-24 16:00:00,cpu_utilization,99.0
2026-03-24 17:00:00,cpu_utilization,99.0
2026-03-24 18:00:00,cpu_utilization,99.0
2026-03-24 19:00:00,cpu_utilization,92.787
2026-03-24 20:00:00,cpu_utilization,87.834
2026-03-24 21:00:00,cpu_utilization,78.761
2026-03-24 22:00:00,cpu_utilization,88.446
2026-03-24 23:00:00,cpu_utilization,85.973
2026-03-25 00:00:00,cpu_utilization,80.621
2026-03-25 01:00:00,cpu_utilization,84.709
2026-03-25 02:00:00,cpu_utilization,77.095
2026-03-25 03:00:00,cpu_utilization,80.159
2026-03-25 04:00:00,cpu_utilization,81.27
2026-03-25 05:00:00,cpu_utilization,80.986
2026-03-25 06:00:00,cpu_utilization,81.217
2026-03-25 07:00:00,cpu_utilization,99.0
2026-03-25 08:00:00,cpu_utilization,90.884
2026-03-25 09:00:00,cpu_utilization,93.85
2026-03-25 10:00:00,cpu_utilization,99.0
2026-03-25 11:00:00,cpu_utilization,99.0
2026-03-25 12:00:00,cpu_utilization,98.922
2026-03-25 13:00:00,cpu_utilization,99.0
2026-03-25 14:00:00,cpu_utilization,99.0
2026-03-25 15:00:00,cpu_utilization,99.0
2026-03-25 16:00:00,cpu_utilization,99.0
2026-03-25 17:00:00,cpu_utilization,99.0
2026-03-25 18:00:00,cpu_utilization,93.564
2026-03-25 19:00:00,cpu_utilization,99.0
2026-03-25 20:00:00,cpu_utilization,99.0
2026-03-25 21:00:00,cpu_utilization,89.994
2026-03-25 22:00:00,cpu_utilization,98.474
2026-03-25 23:00:00,cpu_utilization,83.316
2026-03-26 00:00:00,cpu_utilization,78.975
2026-03-26 01:00:00,cpu_utilization,72.137
2026-03-26 02:00:00,cpu_utilization,81.479
2026-03-26 03:00:00,cpu_utilization,81.268
2026-03-26 04:00:00,cpu_utilization,79.389
2026-03-26 05:00:00,cpu_utilization,75.83
2026-03-26 06:00:00,cpu_utilization,86.935
2026-03-26 07:00:00,cpu_utilization,89.697
2026-03-26 08:00:00,cpu_utilization,84.264
2026-03-26 09:00:00,cpu_utilization,87.834
2026-03-26 10:00:00,cpu_utilization,99.0
2026-03-26 11:00:00,cpu_utilization,86.899
2026-03-26 12:00:00,cpu_utilization,99.0
2026-03-26 13:00:00,cpu_utilization,99.0
2026-03-26 14:00:00,cpu_utilization,99.0
2026-03-26 15:00:00,cpu_utilization,99.0
2026-03-26 16:00:00,cpu_utilization,99.0
2026-03-26 17:00:00,cpu_utilization,99.0
2026-03-26 18:00:00,cpu_utilization,99.0
2026-03-26 19:00:00,cpu_utilization,99.0
2026-03-26 20:00:00,cpu_utilization,91.448
2026-03-26 21:00:00,cpu_utilization,98.48
2026-03-26 22:00:00,cpu_utilization,78.234
2026-03-26 23:00:00,cpu_utilization,84.831
2026-03-27 00:00:00,cpu_utilization,87.013
2026-03-27 01:00:00,cpu_utilization,83.132
2026-03-27 02:00:00,cpu_utilization,92.588
2026-03-27 03:00:00,cpu_utilization,71.78
2026-03-27 04:00:00,cpu_utilization,68.67
2026-03-27 05:00:00,cpu_utilization,74.627
2026-03-27 06:00:00,cpu_utilization,91.612
2026-03-27 07:00:00,cpu_utilization,94.671
2026-03-27 08:00:00,cpu_utilization,96.182
2026-03-27 09:00:00,cpu_utilization,91.057
2026-03-27 10:00:00,cpu_utilization,99.0
2026-03-27 11:00:00,cpu_utilization,98.348
2026-03-27 12:00:00,cpu_utilization,99.0
2026-03-27 13:00:00,cpu_utilization,99.0
2026-03-27 14:00:00,cpu_utilization,99.0
2026-03-27 15:00:00,cpu_utilization,99.0
2026-03-27 16:00:00,cpu_utilization,99.0
2026-03-27 17:00:00,cpu_utilization,93.772
2026-03-27 18:00:00,cpu_utilization,99.0
2026-03-27 19:00:00,cpu_utilization,91.478
2026-03-27 20:00:00,cpu_utilization,84.004
2026-03-27 21:00:00,cpu_utilization,99.0
2026-03-27 22:00:00,cpu_utilization,88.799
2026-03-27 23:00:00,cpu_utilization,85.944
2026-03-28 00:00:00,cpu_utilization,72.516
2026-03-28 01:00:00,cpu_utilization,71.825
2026-03-28 02:00:00,cpu_utilization,80.329
2026-03-28 03:00:00,cpu_utilization,72.986
2026-03-28 04:00:00,cpu_utilization,79.306
2026-03-28 05:00:00,cpu_utilization,76.371
2026-03-28 06:00:00,cpu_utilization,78.948
2026-03-28 07:00:00,cpu_utilization,74.789
2026-03-28 08:00:00,cpu_utilization,74.899
2026-03-28 09:00:00,cpu_utilization,93.305
2026-03-28 10:00:00,cpu_utilization,99.0
2026-03-28 11:00:00,cpu_utilization,93.214
2026-03-28 12:00:00,cpu_utilization,99.0
2026-03-28 13:00:00,cpu_utilization,99.0
2026-03-28 14:00:00,cpu_utilization,91.581
2026-03-28 15:00:00,cpu_utilization,99.0
2026-03-28 16:00:00,cpu_utilization,99.0
2026-03-28 17:00:00,cpu_utilization,99.0
2026-03-28 18:00:00,cpu_utilization,90.672
2026-03-28 19:00:00,cpu_utilization,96.845
2026-03-28 20:00:00,cpu_utilization,99.0
2026-03-28 21:00:00,cpu_utilization,92.513
2026-03-28 22:00:00,cpu_utilization,81.211
2026-03-28 23:00:00,cpu_utilization,74.519
2026-03-29 00:00:00,cpu_utilization,70.386
2026-03-29 01:00:00,cpu_utilization,77.383
2026-03-29 02:00:00,cpu_utilization,74.606
2026-03-29 03:00:00,cpu_utilization,78.712
2026-03-29 04:00:00,cpu_utilization,76.548
2026-03-29 05:00:00,cpu_utilization,84.921
2026-03-29 06:00:00,cpu_utilization,82.874
2026-03-29 07:00:00,cpu_utilization,92.754
2026-03-29 08:00:00,cpu_utilization,98.12
2026-03-29 09:00:00,cpu_utilization,89.394
2026-03-29 10:00:00,cpu_utilization,85.724
2026-03-29 11:00:00,cpu_utilization,99.0
2026-03-29 12:00:00,cpu_utilization,99.0
2026-03-29 13:00:00,cpu_utilization,94.914
2026-03-29 14:00:00,cpu_utilization,99.0
2026-03-29 15:00:00,cpu_utilization,99.0
2026-03-29 16:00:00,cpu_utilization,99.0
2026-03-29 17:00:00,cpu_utilization,99.0
2026-03-29 18:00:00,cpu_utilization,99.0
2026-03-29 19:00:00,cpu_utilization,87.631
2026-03-29 20:00:00,cpu_utilization,84.984
2026-03-29 21:00:00,cpu_utilization,88.419
2026-03-29 22:00:00,cpu_utilization,85.529
2026-03-29 23:00:00,cpu_utilization,82.666
2026-03-30 00:00:00,cpu_utilization,88.217
2026-03-30 01:00:00,cpu_utilization,80.736
2026-03-30 02:00:00,cpu_utilization,82.467
2026-03-30 03:00:00,cpu_utilization,77.11
2026-03-30 04:00:00,cpu_utilization,81.501
2026-03-30 05:00:00,cpu_utilization,84.738
2026-03-30 06:00:00,cpu_utilization,89.345
2026-03-30 07:00:00,cpu_utilization,98.164
2026-03-30 08:00:00,cpu_utilization,99.0
2026-03-30 09:00:00,cpu_utilization,99.0
2026-03-30 10:00:00,cpu_utilization,99.0
2026-03-30 11:00:00,cpu_utilization,99.0
2026-03-30 12:00:00,cpu_utilization,99.0
2026-03-30 13:00:00,cpu_utilization,99.0
2026-03-30 14:00:00,cpu_utilization,99.0
2026-03-30 15:00:00,cpu_utilization,99.0
2026-03-30 16:00:00,cpu_utilization,99.0
2026-03-30 17:00:00,cpu_utilization,99.0
2026-03-30 18:00:00,cpu_utilization,99.0
2026-03-30 19:00:00,cpu_utilization,99.0
2026-03-30 20:00:00,cpu_utilization,93.852
2026-03-30 21:00:00,cpu_utilization,94.828
2026-03-30 22:00:00,cpu_utilization,81.522
2026-03-30 23:00:00,cpu_utilization,81.39
2026-03-31 00:00:00,cpu_utilization,83.351
2026-03-31 01:00:00,cpu_utilization,86.35
2026-03-31 02:00:00,cpu_utilization,81.537
2026-03-31 03:00:00,cpu_utilization,89.688
2026-03-31 04:00:00,cpu_utilization,80.672
2026-03-31 05:00:00,cpu_utilization,81.653
2026-03-31 06:00:00,cpu_utilization,99.0
2026-03-31 07:00:00,cpu_utilization,95.569
2026-03-31 08:00:00,cpu_utilization,91.336
2026-03-31 09:00:00,cpu_utilization,96.215
2026-03-31 10:00:00,cpu_utilization,98.587
2026-03-31 11:00:00,cpu_utilization,99.0
2026-03-31 12:00:00,cpu_utilization,99.0
2026-03-31 13:00:00,cpu_utilization,99.0
2026-03-31 14:00:00,cpu_utilization,99.0
2026-03-31 15:00:00,cpu_utilization,99.0
2026-03-31 16:00:00,cpu_utilization,99.0
2026-03-31 17:00:00,cpu_utilization,99.0
2026-03-31 18:00:00,cpu_utilization,99.0
2026-03-31 19:00:00,cpu_utilization,99.0
2026-03-31 20:00:00,cpu_utilization,99.0
2026-03-31 21:00:00,cpu_utilization,86.192
2026-03-31 22:00:00,cpu_utilization,93.764
2026-03-31 23:00:00,cpu_utilization,78.683
2026-04-01 00:00:00,cpu_utilization,77.619
2026-04-01 01:00:00,cpu_utilization,72.46
2026-04-01 02:00:00,cpu_utilization,89.825
2026-04-01 03:00:00,cpu_utilization,85.115
2026-04-01 04:00:00,cpu_utilization,86.703
2026-04-01 05:00:00,cpu_utilization,94.72
2026-04-01 06:00:00,cpu_utilization,99.0
2026-04-01 07:00:00,cpu_utilization,79.173
2026-04-01 08:00:00,cpu_utilization,91.617
2026-04-01 09:00:00,cpu_utilization,97.271
2026-04-01 10:00:00,cpu_utilization,99.0
2026-04-01 11:00:00,cpu_utilization,99.0
2026-04-01 12:00:00,cpu_utilization,99.0
2026-04-01 13:00:00,cpu_utilization,99.0
2026-04-01 14:00:00,cpu_utilization,99.0
2026-04-01 15:00:00,cpu_utilization,99.0
2026-04-01 16:00:00,cpu_utilization,99.0
2026-04-01 17:00:00,cpu_utilization,99.0
2026-04-01 18:00:00,cpu_utilization,99.0
2026-04-01 19:00:00,cpu_utilization,99.0
2026-04-01 20:00:00,cpu_utilization,99.0
2026-04-01 21:00:00,cpu_utilization,94.975
2026-04-01 22:00:00,cpu_utilization,73.876
2026-04-01 23:00:00,cpu_utilization,77.047
2026-04-02 00:00:00,cpu_utilization,68.3
2026-04-02 01:00:00,cpu_utilization,80.582
2026-04-02 02:00:00,cpu_utilization,78.874
2026-04-02 03:00:00,cpu_utilization,76.732
2026-04-02 04:00:00,cpu_utilization,98.383
2026-04-02 05:00:00,cpu_utilization,89.566
2026-04-02 06:00:00,cpu_utilization,94.729
2026-04-02 07:00:00,cpu_utilization,85.831
2026-04-02 08:00:00,cpu_utilization,89.963
2026-04-02 09:00:00,cpu_utilization,99.0
2026-04-02 10:00:00,cpu_utilization,99.0
2026-04-02 11:00:00,cpu_utilization,95.887
2026-04-02 12:00:00,cpu_utilization,99.0
2026-04-02 13:00:00,cpu_utilization,99.0
2026-04-02 14:00:00,cpu_utilization,99.0
2026-04-02 15:00:00,cpu_utilization,99.0
2026-04-02 16:00:00,cpu_utilization,99.0
2026-04-02 17:00:00,cpu_utilization,99.0
2026-04-02 18:00:00,cpu_utilization,99.0
2026-04-02 19:00:00,cpu_utilization,99.0
2026-04-02 20:00:00,cpu_utilization,99.0
2026-04-02 21:00:00,cpu_utilization,91.176
2026-04-02 22:00:00,cpu_utilization,85.559
2026-04-02 23:00:00,cpu_utilization,88.999
2026-04-03 00:00:00,cpu_utilization,87.542
2026-04-03 01:00:00,cpu_utilization,77.402
2026-04-03 02:00:00,cpu_utilization,86.603
2026-04-03 03:00:00,cpu_utilization,88.748
2026-04-03 04:00:00,cpu_utilization,93.061
2026-04-03 05:00:00,cpu_utilization,99.0
2026-04-03 06:00:00,cpu_utilization,82.421
2026-04-03 07:00:00,cpu_utilization,93.822
2026-04-03 08:00:00,cpu_utilization,98.478
2026-04-03 09:00:00,cpu_utilization,99.0
2026-04-03 10:00:00,cpu_utilization,99.0
2026-04-03 11:00:00,cpu_utilization,99.0
2026-04-03 12:00:00,cpu_utilization,99.0
2026-04-03 13:00:00,cpu_utilization,99.0
2026-04-03 14:00:00,cpu_utilization,99.0
2026-04-03 15:00:00,cpu_utilization,99.0
2026-04-03 16:00:00,cpu_utilization,99.0
2026-04-03 17:00:00,cpu_utilization,99.0
2026-04-03 18:00:00,cpu_utilization,99.0
2026-04-03 19:00:00,cpu_utilization,99.0
2026-04-03 20:00:00,cpu_utilization,99.0
2026-04-03 21:00:00,cpu_utilization,96.182
2026-04-03 22:00:00,cpu_utilization,93.521
2026-04-03 23:00:00,cpu_utilization,77.31
2026-04-04 00:00:00,cpu_utilization,67.717
2026-04-04 01:00:00,cpu_utilization,88.895
2026-04-04 02:00:00,cpu_utilization,68.249
2026-04-04 03:00:00,cpu_utilization,67.917
2026-04-04 04:00:00,cpu_utilization,77.772
2026-04-04 05:00:00,cpu_utilization,80.242
2026-04-04 06:00:00,cpu_utilization,77.489
2026-04-04 07:00:00,cpu_utilization,86.628
2026-04-04 08:00:00,cpu_utilization,99.0
2026-04-04 09:00:00,cpu_utilization,91.974
2026-04-04 10:00:00,cpu_utilization,91.632
2026-04-04 11:00:00,cpu_utilization,99.0
2026-04-04 12:00:00,cpu_utilization,99.0
2026-04-04 13:00:00,cpu_utilization,99.0
2026-04-04 14:00:00,cpu_utilization,99.0
2026-04-04 15:00:00,cpu_utilization,99.0
2026-04-04 16:00:00,cpu_utilization,99.0
2026-04-04 17:00:00,cpu_utilization,99.0
2026-04-04 18:00:00,cpu_utilization,94.632
2026-04-04 19:00:00,cpu_utilization,97.926
2026-04-04 20:00:00,cpu_utilization,99.0
2026-04-04 21:00:00,cpu_utilization,70.27
2026-04-04 22:00:00,cpu_utilization,93.267
2026-04-04 23:00:00,cpu_utilization,71.827
2026-04-05 00:00:00,cpu_utilization,81.101
2026-04-05 01:00:00,cpu_utilization,78.638
2026-04-05 02:00:00,cpu_utilization,84.746
2026-04-05 03:00:00,cpu_utilization,81.108
2026-04-05 04:00:00,cpu_utilization,59.498
2026-04-05 05:00:00,cpu_utilization,75.117
2026-04-05 06:00:00,cpu_utilization,86.247
2026-04-05 07:00:00,cpu_utilization,87.94
2026-04-05 08:00:00,cpu_utilization,97.998
2026-04-05 09:00:00,cpu_utilization,99.0
2026-04-05 10:00:00,cpu_utilization,99.0
2026-04-05 11:00:00,cpu_utilization,99.0
2026-04-05 12:00:00,cpu_utilization,95.067
2026-04-05 13:00:00,cpu_utilization,99.0
2026-04-05 14:00:00,cpu_utilization,99.0
2026-04-05 15:00:00,cpu_utilization,99.0
2026-04-05 16:00:00,cpu_utilization,99.0
2026-04-05 17:00:00,cpu_utilization,99.0
2026-04-05 18:00:00,cpu_utilization,99.0
2026-04-05 19:00:00,cpu_utilization,74.524
2026-04-05 20:00:00,cpu_utilization,84.168
2026-04-05 21:00:00,cpu_utilization,99.0
2026-04-05 22:00:00,cpu_utilization,81.057
2026-04-05 23:00:00,cpu_utilization,65.846
2026-04-06 00:00:00,cpu_utilization,93.834
2026-04-06 01:00:00,cpu_utilization,82.278
2026-04-06 02:00:00,cpu_utilization,90.416
2026-04-06 03:00:00,cpu_utilization,84.423
2026-04-06 04:00:00,cpu_utilization,87.692
2026-04-06 05:00:00,cpu_utilization,89.806
2026-04-06 06:00:00,cpu_utilization,96.228
2026-04-06 07:00:00,cpu_utilization,99.0
2026-04-06 08:00:00,cpu_utilization,99.0
2026-04-06 09:00:00,cpu_utilization,91.718
2026-04-06 10:00:00,cpu_utilization,99.0
2026-04-06 11:00:00,cpu_utilization,99.0
2026-04-06 12:00:00,cpu_utilization,99.0
2026-04-06 13:00:00,cpu_utilization,99.0
2026-04-06 14:00:00,cpu_utilization,99.0
2026-04-06 15:00:00,cpu_utilization,99.0
2026-04-06 16:00:00,cpu_utilization,99.0
2026-04-06 17:00:00,cpu_utilization,99.0
2026-04-06 18:00:00,cpu_utilization,99.0
2026-04-06 19:00:00,cpu_utilization,99.0
2026-04-06 20:00:00,cpu_utilization,95.978
2026-04-06 21:00:00,cpu_utilization,88.139
2026-04-06 22:00:00,cpu_utilization,68.835
2026-04-06 23:00:00,cpu_utilization,83.748
2026-04-07 00:00:00,cpu_utilization,87.338
2026-04-07 01:00:00,cpu_utilization,78.658
2026-04-07 02:00:00,cpu_utilization,97.491
2026-04-07 03:00:00,cpu_utilization,82.746
2026-04-07 04:00:00,cpu_utilization,94.784
2026-04-07 05:00:00,cpu_utilization,89.425
2026-04-07 06:00:00,cpu_utilization,97.691
2026-04-07 07:00:00,cpu_utilization,97.673
2026-04-07 08:00:00,cpu_utilization,99.0
2026-04-07 09:00:00,cpu_utilization,99.0
2026-04-07 10:00:00,cpu_utilization,99.0
2026-04-07 11:00:00,cpu_utilization,99.0
2026-04-07 12:00:00,cpu_utilization,99.0
2026-04-07 13:00:00,cpu_utilization,99.0
2026-04-07 14:00:00,cpu_utilization,99.0
2026-04-07 15:00:00,cpu_utilization,99.0
2026-04-07 16:00:00,cpu_utilization,99.0
2026-04-07 17:00:00,cpu_utilization,99.0
2026-04-07 18:00:00,cpu_utilization,99.0
2026-04-07 19:00:00,cpu_utilization,99.0
2026-04-07 20:00:00,cpu_utilization,81.265
2026-04-07 21:00:00,cpu_utilization,99.0
2026-04-07 22:00:00,cpu_utilization,73.612
2026-04-07 23:00:00,cpu_utilization,99.0
2026-04-08 00:00:00,cpu_utilization,86.171
2026-04-08 01:00:00,cpu_utilization,91.033
2026-04-08 02:00:00,cpu_utilization,75.223
2026-04-08 03:00:00,cpu_utilization,70.651
2026-04-08 04:00:00,cpu_utilization,86.974
2026-04-08 05:00:00,cpu_utilization,87.497
2026-04-08 06:00:00,cpu_utilization,87.58
2026-04-08 07:00:00,cpu_utilization,96.549
2026-04-08 08:00:00,cpu_utilization,99.0
2026-04-08 09:00:00,cpu_utilization,99.0
2026-04-08 10:00:00,cpu_utilization,99.0
2026-04-08 11:00:00,cpu_utilization,99.0
2026-04-08 12:00:00,cpu_utilization,99.0
2026-04-08 13:00:00,cpu_utilization,99.0
2026-04-08 14:00:00,cpu_utilization,99.0
2026-04-08 15:00:00,cpu_utilization,99.0
2026-04-08 16:00:00,cpu_utilization,99.0
2026-04-08 17:00:00,cpu_utilization,99.0
2026-04-08 18:00:00,cpu_utilization,99.0
2026-04-08 19:00:00,cpu_utilization,99.0
2026-04-08 20:00:00,cpu_utilization,99.0
2026-04-08 21:00:00,cpu_utilization,99.0
2026-04-08 22:00:00,cpu_utilization,97.012
2026-04-08 23:00:00,cpu_utilization,93.063
2026-04-09 00:00:00,cpu_utilization,84.95
2026-04-09 01:00:00,cpu_utilization,85.048
2026-04-09 02:00:00,cpu_utilization,73.391
2026-04-09 03:00:00,cpu_utilization,66.012
2026-04-09 04:00:00,cpu_utilization,86.52
2026-04-09 05:00:00,cpu_utilization,90.79
2026-04-09 06:00:00,cpu_utilization,99.0
2026-04-09 07:00:00,cpu_utilization,99.0
2026-04-09 08:00:00,cpu_utilization,99.0
2026-04-09 09:00:00,cpu_utilization,97.673
2026-04-09 10:00:00,cpu_utilization,99.0
2026-04-09 11:00:00,cpu_utilization,99.0
2026-04-09 12:00:00,cpu_utilization,99.0
2026-04-09 13:00:00,cpu_utilization,99.0
2026-04-09 14:00:00,cpu_utilization,99.0
2026-04-09 15:00:00,cpu_utilization,99.0
2026-04-09 16:00:00,cpu_utilization,99.0
2026-04-09 17:00:00,cpu_utilization,99.0
2026-04-09 18:00:00,cpu_utilization,99.0
2026-04-09 19:00:00,cpu_utilization,99.0
2026-04-09 20:00:00,cpu_utilization,99.0
2026-04-09 21:00:00,cpu_utilization,99.0
2026-04-09 22:00:00,cpu_utilization,89.394
2026-04-09 23:00:00,cpu_utilization,69.008
2026-04-10 00:00:00,cpu_utilization,89.715
2026-04-10 01:00:00,cpu_utilization,78.307
2026-04-10 02:00:00,cpu_utilization,83.645
2026-04-10 03:00:00,cpu_utilization,83.242
2026-04-10 04:00:00,cpu_utilization,83.562
2026-04-10 05:00:00,cpu_utilization,94.953
2026-04-10 06:00:00,cpu_utilization,80.113
2026-04-10 07:00:00,cpu_utilization,92.599
2026-04-10 08:00:00,cpu_utilization,99.0
2026-04-10 09:00:00,cpu_utilization,99.0
2026-04-10 10:00:00,cpu_utilization,97.578
2026-04-10 11:00:00,cpu_utilization,99.0
2026-04-10 12:00:00,cpu_utilization,99.0
2026-04-10 13:00:00,cpu_utilization,99.0
2026-04-10 14:00:00,cpu_utilization,99.0
2026-04-10 15:00:00,cpu_utilization,99.0
2026-04-10 16:00:00,cpu_utilization,99.0
2026-04-10 17:00:00,cpu_utilization,99.0
2026-04-10 18:00:00,cpu_utilization,99.0
2026-04-10 19:00:00,cpu_utilization,96.99
2026-04-10 20:00:00,cpu_utilization,98.093
2026-04-10 21:00:00,cpu_utilization,95.521
2026-04-10 22:00:00,cpu_utilization,87.51
2026-04-10 23:00:00,cpu_utilization,93.664
2026-04-11 00:00:00,cpu_utilization,77.468
2026-04-11 01:00:00,cpu_utilization,87.098
2026-04-11 02:00:00,cpu_utilization,80.91
2026-04-11 03:00:00,cpu_utilization,73.712
2026-04-11 04:00:00,cpu_utilization,74.181
2026-04-11 05:00:00,cpu_utilization,70.807
2026-04-11 06:00:00,cpu_utilization,90.059
2026-04-11 07:00:00,cpu_utilization,89.256
2026-04-11 08:00:00,cpu_utilization,77.791
2026-04-11 09:00:00,cpu_utilization,97.16
2026-04-11 10:00:00,cpu_utilization,98.597
2026-04-11 11:00:00,cpu_utilization,99.0
2026-04-11 12:00:00,cpu_utilization,98.807
2026-04-11 13:00:00,cpu_utilization,99.0
2026-04-11 14:00:00,cpu_utilization,99.0
2026-04-11 15:00:00,cpu_utilization,99.0
2026-04-11 16:00:00,cpu_utilization,99.0
2026-04-11 17:00:00,cpu_utilization,99.0
2026-04-11 18:00:00,cpu_utilization,99.0
2026-04-11 19:00:00,cpu_utilization,83.009
2026-04-11 20:00:00,cpu_utilization,82.095
2026-04-11 21:00:00,cpu_utilization,90.098
2026-04-11 22:00:00,cpu_utilization,99.0
2026-04-11 23:00:00,cpu_utilization,80.825
2026-04-12 00:00:00,cpu_utilization,82.276
2026-04-12 01:00:00,cpu_utilization,88.759
2026-04-12 02:00:00,cpu_utilization,95.948
2026-04-12 03:00:00,cpu_utilization,75.11
2026-04-12 04:00:00,cpu_utilization,81.406
2026-04-12 05:00:00,cpu_utilization,98.996
2026-04-12 06:00:00,cpu_utilization,75.987
2026-04-12 07:00:00,cpu_utilization,99.0
2026-04-12 08:00:00,cpu_utilization,89.054
2026-04-12 09:00:00,cpu_utilization,99.0
2026-04-12 10:00:00,cpu_utilization,99.0
2026-04-12 11:00:00,cpu_utilization,99.0
2026-04-12 12:00:00,cpu_utilization,99.0
2026-04-12 13:00:00,cpu_utilization,99.0
2026-04-12 14:00:00,cpu_utilization,99.0
2026-04-12 15:00:00,cpu_utilization,99.0
2026-04-12 16:00:00,cpu_utilization,99.0
2026-04-12 17:00:00,cpu_utilization,99.0
2026-04-12 18:00:00,cpu_utilization,98.608
2026-04-12 19:00:00,cpu_utilization,99.0
2026-04-12 20:00:00,cpu_utilization,99.0
2026-04-12 21:00:00,cpu_utilization,99.0
2026-04-12 22:00:00,cpu_utilization,85.444
2026-04-12 23:00:00,cpu_utilization,81.078
2026-04-13 00:00:00,cpu_utilization,93.127
2026-04-13 01:00:00,cpu_utilization,91.748
2026-04-13 02:00:00,cpu_utilization,80.319
2026-04-13 03:00:00,cpu_utilization,82.006
2026-04-13 04:00:00,cpu_utilization,91.377
2026-04-13 05:00:00,cpu_utilization,83.305
2026-04-13 06:00:00,cpu_utilization,90.388
2026-04-13 07:00:00,cpu_utilization,98.748
2026-04-13 08:00:00,cpu_utilization,99.0
2026-04-13 09:00:00,cpu_utilization,99.0
2026-04-13 10:00:00,cpu_utilization,97.005
2026-04-13 11:00:00,cpu_utilization,99.0
2026-04-13 12:00:00,cpu_utilization,99.0
2026-04-13 13:00:00,cpu_utilization,99.0
2026-04-13 14:00:00,cpu_utilization,99.0
2026-04-13 15:00:00,cpu_utilization,99.0
2026-04-13 16:00:00,cpu_utilization,99.0
2026-04-13 17:00:00,cpu_utilization,99.0
2026-04-13 18:00:00,cpu_utilization,99.0
2026-04-13 19:00:00,cpu_utilization,99.0
2026-04-13 20:00:00,cpu_utilization,99.0
2026-04-13 21:00:00,cpu_utilization,98.412
2026-04-13 22:00:00,cpu_utilization,90.272
2026-04-13 23:00:00,cpu_utilization,86.784
2026-04-14 00:00:00,cpu_utilization,90.03
2026-04-14 01:00:00,cpu_utilization,90.301
2026-04-14 02:00:00,cpu_utilization,77.771
2026-04-14 03:00:00,cpu_utilization,85.955
2026-04-14 04:00:00,cpu_utilization,71.227
2026-04-14 05:00:00,cpu_utilization,92.052
2026-04-14 06:00:00,cpu_utilization,99.0
2026-04-14 07:00:00,cpu_utilization,96.223
2026-04-14 08:00:00,cpu_utilization,99.0
2026-04-14 09:00:00,cpu_utilization,99.0
2026-04-14 10:00:00,cpu_utilization,99.0
2026-04-14 11:00:00,cpu_utilization,99.0
2026-04-14 12:00:00,cpu_utilization,99.0
2026-04-14 13:00:00,cpu_utilization,99.0
2026-04-14 14:00:00,cpu_utilization,99.0
2026-04-14 15:00:00,cpu_utilization,99.0
2026-04-14 16:00:00,cpu_utilization,99.0
2026-04-14 17:00:00,cpu_utilization,99.0
2026-04-14 18:00:00,cpu_utilization,99.0
2026-04-14 19:00:00,cpu_utilization,99.0
2026-04-14 20:00:00,cpu_utilization,99.0
2026-04-14 21:00:00,cpu_utilization,92.619
2026-04-14 22:00:00,cpu_utilization,99.0
2026-04-14 23:00:00,cpu_utilization,99.0
2026-04-15 00:00:00,cpu_utilization,86.863
2026-04-15 01:00:00,cpu_utilization,68.519
2026-04-15 02:00:00,cpu_utilization,81.079
2026-04-15 03:00:00,cpu_utilization,95.95
2026-04-15 04:00:00,cpu_utilization,92.336
2026-04-15 05:00:00,cpu_utilization,92.781
2026-04-15 06:00:00,cpu_utilization,99.0
2026-04-15 07:00:00,cpu_utilization,99.0
2026-04-15 08:00:00,cpu_utilization,99.0
2026-04-15 09:00:00,cpu_utilization,99.0
2026-04-15 10:00:00,cpu_utilization,99.0
2026-04-15 11:00:00,cpu_utilization,99.0
2026-04-15 12:00:00,cpu_utilization,99.0
2026-04-15 13:00:00,cpu_utilization,99.0
2026-04-15 14:00:00,cpu_utilization,99.0
2026-04-15 15:00:00,cpu_utilization,99.0
2026-04-15 16:00:00,cpu_utilization,99.0
2026-04-15 17:00:00,cpu_utilization,99.0
2026-04-15 18:00:00,cpu_utilization,99.0
2026-04-15 19:00:00,cpu_utilization,99.0
2026-04-15 20:00:00,cpu_utilization,99.0
2026-04-15 21:00:00,cpu_utilization,99.0
2026-04-15 22:00:00,cpu_utilization,99.0
2026-04-15 23:00:00,cpu_utilization,77.422
2026-04-16 00:00:00,cpu_utilization,86.55
2026-04-16 01:00:00,cpu_utilization,99.0
2026-04-16 02:00:00,cpu_utilization,84.186
2026-04-16 03:00:00,cpu_utilization,72.124
2026-04-16 04:00:00,cpu_utilization,99.0
2026-04-16 05:00:00,cpu_utilization,96.681
2026-04-16 06:00:00,cpu_utilization,94.408
2026-04-16 07:00:00,cpu_utilization,96.356
2026-04-16 08:00:00,cpu_utilization,99.0
2026-04-16 09:00:00,cpu_utilization,99.0
2026-04-16 10:00:00,cpu_utilization,99.0
2026-04-16 11:00:00,cpu_utilization,99.0
2026-04-16 12:00:00,cpu_utilization,99.0
2026-04-16 13:00:00,cpu_utilization,99.0
2026-04-16 14:00:00,cpu_utilization,99.0
2026-04-16 15:00:00,cpu_utilization,99.0
2026-04-16 16:00:00,cpu_utilization,99.0
2026-04-16 17:00:00,cpu_utilization,99.0
2026-04-16 18:00:00,cpu_utilization,99.0
2026-04-16 19:00:00,cpu_utilization,99.0
2026-04-16 20:00:00,cpu_utilization,99.0
2026-04-16 21:00:00,cpu_utilization,99.0
2026-04-16 22:00:00,cpu_utilization,92.692
2026-04-16 23:00:00,cpu_utilization,97.846
2026-04-17 00:00:00,cpu_utilization,88.339
2026-04-17 01:00:00,cpu_utilization,83.026
2026-04-17 02:00:00,cpu_utilization,83.833
2026-04-17 03:00:00,cpu_utilization,99.0
2026-04-17 04:00:00,cpu_utilization,74.896
2026-04-17 05:00:00,cpu_utilization,95.652
2026-04-17 06:00:00,cpu_utilization,81.967
2026-04-17 07:00:00,cpu_utilization,98.893
2026-04-17 08:00:00,cpu_utilization,99.0
2026-04-17 09:00:00,cpu_utilization,92.433
2026-04-17 10:00:00,cpu_utilization,99.0
2026-04-17 11:00:00,cpu_utilization,99.0
2026-04-17 12:00:00,cpu_utilization,99.0
2026-04-17 13:00:00,cpu_utilization,99.0
2026-04-17 14:00:00,cpu_utilization,99.0
2026-04-17 15:00:00,cpu_utilization,99.0
2026-04-17 16:00:00,cpu_utilization,99.0
2026-04-17 17:00:00,cpu_utilization,99.0
2026-04-17 18:00:00,cpu_utilization,99.0
2026-04-17 19:00:00,cpu_utilization,99.0
2026-04-17 20:00:00,cpu_utilization,99.0
2026-04-17 21:00:00,cpu_utilization,92.479
2026-04-17 22:00:00,cpu_utilization,97.299
2026-04-17 23:00:00,cpu_utilization,95.494
2026-04-18 00:00:00,cpu_utilization,69.584
2026-04-18 01:00:00,cpu_utilization,86.035
2026-04-18 02:00:00,cpu_utilization,99.0
2026-04-18 03:00:00,cpu_utilization,87.436
2026-04-18 04:00:00,cpu_utilization,95.92
2026-04-18 05:00:00,cpu_utilization,88.474
2026-04-18 06:00:00,cpu_utilization,90.171
2026-04-18 07:00:00,cpu_utilization,98.166
2026-04-18 08:00:00,cpu_utilization,93.266
2026-04-18 09:00:00,cpu_utilization,96.76
2026-04-18 10:00:00,cpu_utilization,99.0
2026-04-18 11:00:00,cpu_utilization,99.0
2026-04-18 12:00:00,cpu_utilization,99.0
2026-04-18 13:00:00,cpu_utilization,99.0
2026-04-18 14:00:00,cpu_utilization,99.0
2026-04-18 15:00:00,cpu_utilization,99.0
2026-04-18 16:00:00,cpu_utilization,99.0
2026-04-18 17:00:00,cpu_utilization,99.0
2026-04-18 18:00:00,cpu_utilization,99.0
2026-04-18 19:00:00,cpu_utilization,99.0
2026-04-18 20:00:00,cpu_utilization,99.0
2026-04-18 21:00:00,cpu_utilization,99.0
2026-04-18 22:00:00,cpu_utilization,84.379
2026-04-18 23:00:00,cpu_utilization,99.0
2026-04-19 00:00:00,cpu_utilization,88.251
2026-04-19 01:00:00,cpu_utilization,88.416
2026-04-19 02:00:00,cpu_utilization,69.252
2026-04-19 03:00:00,cpu_utilization,76.167
2026-04-19 04:00:00,cpu_utilization,94.468
2026-04-19 05:00:00,cpu_utilization,89.738
2026-04-19 06:00:00,cpu_utilization,75.879
2026-04-19 07:00:00,cpu_utilization,99.0
2026-04-19 08:00:00,cpu_utilization,95.875
2026-04-19 09:00:00,cpu_utilization,99.0
2026-04-19 10:00:00,cpu_utilization,99.0
2026-04-19 11:00:00,cpu_utilization,99.0
2026-04-19 12:00:00,cpu_utilization,99.0
2026-04-19 13:00:00,cpu_utilization,99.0
2026-04-19 14:00:00,cpu_utilization,99.0
2026-04-19 15:00:00,cpu_utilization,99.0
2026-04-19 16:00:00,cpu_utilization,99.0
2026-04-19 17:00:00,cpu_utilization,99.0
2026-04-19 18:00:00,cpu_utilization,96.061
2026-04-19 19:00:00,cpu_utilization,99.0
2026-04-19 20:00:00,cpu_utilization,95.617
2026-04-19 21:00:00,cpu_utilization,92.662
2026-04-19 22:00:00,cpu_utilization,76.623
2026-04-19 23:00:00,cpu_utilization,82.335
2026-04-20 00:00:00,cpu_utilization,89.939
2026-04-20 01:00:00,cpu_utilization,95.662
2026-04-20 02:00:00,cpu_utilization,81.454
2026-04-20 03:00:00,cpu_utilization,99.0
2026-04-20 04:00:00,cpu_utilization,84.595
2026-04-20 05:00:00,cpu_utilization,87.485
2026-04-20 06:00:00,cpu_utilization,99.0
2026-04-20 07:00:00,cpu_utilization,99.0
2026-04-20 08:00:00,cpu_utilization,99.0
2026-04-20 09:00:00,cpu_utilization,99.0
2026-04-20 10:00:00,cpu_utilization,99.0
2026-04-20 11:00:00,cpu_utilization,99.0
2026-04-20 12:00:00,cpu_utilization,99.0
2026-04-20 13:00:00,cpu_utilization,99.0
2026-04-20 14:00:00,cpu_utilization,99.0
2026-04-20 15:00:00,cpu_utilization,99.0
2026-04-20 16:00:00,cpu_utilization,99.0
2026-04-20 17:00:00,cpu_utilization,99.0
2026-04-20 18:00:00,cpu_utilization,99.0
2026-04-20 19:00:00,cpu_utilization,99.0
2026-04-20 20:00:00,cpu_utilization,99.0
2026-04-20 21:00:00,cpu_utilization,99.0
2026-04-20 22:00:00,cpu_utilization,99.0
2026-04-20 23:00:00,cpu_utilization,88.593
2026-04-21 00:00:00,cpu_utilization,95.141
2026-04-21 01:00:00,cpu_utilization,87.948
2026-04-21 02:00:00,cpu_utilization,80.301
2026-04-21 03:00:00,cpu_utilization,81.033
2026-04-21 04:00:00,cpu_utilization,99.0
2026-04-21 05:00:00,cpu_utilization,92.131
2026-04-21 06:00:00,cpu_utilization,99.0
2026-04-21 07:00:00,cpu_utilization,97.378
2026-04-21 08:00:00,cpu_utilization,99.0
2026-04-21 09:00:00,cpu_utilization,99.0
2026-04-21 10:00:00,cpu_utilization,99.0
2026-04-21 11:00:00,cpu_utilization,99.0
2026-04-21 12:00:00,cpu_utilization,99.0
2026-04-21 13:00:00,cpu_utilization,99.0
2026-04-21 14:00:00,cpu_utilization,99.0
2026-04-21 15:00:00,cpu_utilization,99.0
2026-04-21 16:00:00,cpu_utilization,99.0
2026-04-21 17:00:00,cpu_utilization,99.0
2026-04-21 18:00:00,cpu_utilization,99.0
2026-04-21 19:00:00,cpu_utilization,99.0
2026-04-21 20:00:00,cpu_utilization,98.314
2026-04-21 21:00:00,cpu_utilization,96.139
2026-04-21 22:00:00,cpu_utilization,94.637
2026-04-21 23:00:00,cpu_utilization,82.276
2026-04-22 00:00:00,cpu_utilization,87.483
2026-04-22 01:00:00,cpu_utilization,90.034
2026-04-22 02:00:00,cpu_utilization,85.292
2026-04-22 03:00:00,cpu_utilization,86.948
2026-04-22 04:00:00,cpu_utilization,90.776
2026-04-22 05:00:00,cpu_utilization,88.568
2026-04-22 06:00:00,cpu_utilization,99.0
2026-04-22 07:00:00,cpu_utilization,99.0
2026-04-22 08:00:00,cpu_utilization,99.0
2026-04-22 09:00:00,cpu_utilization,99.0
2026-04-22 10:00:00,cpu_utilization,99.0
2026-04-22 11:00:00,cpu_utilization,99.0
2026-04-22 12:00:00,cpu_utilization,99.0
2026-04-22 13:00:00,cpu_utilization,99.0
2026-04-22 14:00:00,cpu_utilization,99.0
2026-04-22 15:00:00,cpu_utilization,99.0
2026-04-22 16:00:00,cpu_utilization,99.0
2026-04-22 17:00:00,cpu_utilization,99.0
2026-04-22 18:00:00,cpu_utilization,99.0
2026-04-22 19:00:00,cpu_utilization,99.0
2026-04-22 20:00:00,cpu_utilization,94.928
2026-04-22 21:00:00,cpu_utilization,99.0
2026-04-22 22:00:00,cpu_utilization,83.796
2026-04-22 23:00:00,cpu_utilization,92.22
2026-04-23 00:00:00,cpu_utilization,99.0
2026-04-23 01:00:00,cpu_utilization,74.237
2026-04-23 02:00:00,cpu_utilization,78.684
2026-04-23 03:00:00,cpu_utilization,81.295
2026-04-23 04:00:00,cpu_utilization,90.861
2026-04-23 05:00:00,cpu_utilization,91.32
2026-04-23 06:00:00,cpu_utilization,99.0
2026-04-23 07:00:00,cpu_utilization,99.0
2026-04-23 08:00:00,cpu_utilization,99.0
2026-04-23 09:00:00,cpu_utilization,99.0
2026-04-23 10:00:00,cpu_utilization,99.0
2026-04-23 11:00:00,cpu_utilization,99.0
2026-04-23 12:00:00,cpu_utilization,99.0
2026-04-23 13:00:00,cpu_utilization,99.0
2026-04-23 14:00:00,cpu_utilization,99.0
2026-04-23 15:00:00,cpu_utilization,99.0
2026-04-23 16:00:00,cpu_utilization,99.0
2026-04-23 17:00:00,cpu_utilization,99.0
2026-04-23 18:00:00,cpu_utilization,99.0
2026-04-23 19:00:00,cpu_utilization,88.993
2026-04-23 20:00:00,cpu_utilization,99.0
2026-04-23 21:00:00,cpu_utilization,99.0
2026-04-23 22:00:00,cpu_utilization,97.875
2026-04-23 23:00:00,cpu_utilization,99.0
2026-04-24 00:00:00,cpu_utilization,91.129
2026-04-24 01:00:00,cpu_utilization,80.826
2026-04-24 02:00:00,cpu_utilization,88.221
2026-04-24 03:00:00,cpu_utilization,90.524
2026-04-24 04:00:00,cpu_utilization,92.719
2026-04-24 05:00:00,cpu_utilization,95.973
2026-04-24 06:00:00,cpu_utilization,99.0
2026-04-24 07:00:00,cpu_utilization,94.095
2026-04-24 08:00:00,cpu_utilization,99.0
2026-04-24 09:00:00,cpu_utilization,99.0
2026-04-24 10:00:00,cpu_utilization,99.0
2026-04-24 11:00:00,cpu_utilization,99.0
2026-04-24 12:00:00,cpu_utilization,99.0
2026-04-24 13:00:00,cpu_utilization,99.0
2026-04-24 14:00:00,cpu_utilization,99.0
2026-04-24 15:00:00,cpu_utilization,99.0
2026-04-24 16:00:00,cpu_utilization,99.0
2026-04-24 17:00:00,cpu_utilization,99.0
2026-04-24 18:00:00,cpu_utilization,99.0
2026-04-24 19:00:00,cpu_utilization,99.0
2026-04-24 20:00:00,cpu_utilization,99.0
2026-04-24 21:00:00,cpu_utilization,99.0
2026-04-24 22:00:00,cpu_utilization,98.507
2026-04-24 23:00:00,cpu_utilization,91.78
2026-04-25 00:00:00,cpu_utilization,79.529
2026-04-25 01:00:00,cpu_utilization,83.423
2026-04-25 02:00:00,cpu_utilization,99.0
2026-04-25 03:00:00,cpu_utilization,96.477
2026-04-25 04:00:00,cpu_utilization,80.333
2026-04-25 05:00:00,cpu_utilization,95.216
2026-04-25 06:00:00,cpu_utilization,87.129
2026-04-25 07:00:00,cpu_utilization,83.929
2026-04-25 08:00:00,cpu_utilization,99.0
2026-04-25 09:00:00,cpu_utilization,99.0
2026-04-25 10:00:00,cpu_utilization,99.0
2026-04-25 11:00:00,cpu_utilization,99.0
2026-04-25 12:00:00,cpu_utilization,99.0
2026-04-25 13:00:00,cpu_utilization,99.0
2026-04-25 14:00:00,cpu_utilization,99.0
2026-04-25 15:00:00,cpu_utilization,99.0
2026-04-25 16:00:00,cpu_utilization,99.0
2026-04-25 17:00:00,cpu_utilization,99.0
2026-04-25 18:00:00,cpu_utilization,99.0
2026-04-25 19:00:00,cpu_utilization,98.093
2026-04-25 20:00:00,cpu_utilization,99.0
2026-04-25 21:00:00,cpu_utilization,99.0
2026-04-25 22:00:00,cpu_utilization,99.0
2026-04-25 23:00:00,cpu_utilization,97.335
2026-04-26 00:00:00,cpu_utilization,81.961
2026-04-26 01:00:00,cpu_utilization,72.801
2026-04-26 02:00:00,cpu_utilization,80.873
2026-04-26 03:00:00,cpu_utilization,92.885
2026-04-26 04:00:00,cpu_utilization,83.253
2026-04-26 05:00:00,cpu_utilization,84.915
2026-04-26 06:00:00,cpu_utilization,79.642
2026-04-26 07:00:00,cpu_utilization,99.0
2026-04-26 08:00:00,cpu_utilization,99.0
2026-04-26 09:00:00,cpu_utilization,99.0
2026-04-26 10:00:00,cpu_utilization,99.0
2026-04-26 11:00:00,cpu_utilization,99.0
2026-04-26 12:00:00,cpu_utilization,99.0
2026-04-26 13:00:00,cpu_utilization,99.0
2026-04-26 14:00:00,cpu_utilization,99.0
2026-04-26 15:00:00,cpu_utilization,99.0
2026-04-26 16:00:00,cpu_utilization,99.0
2026-04-26 17:00:00,cpu_utilization,99.0
2026-04-26 18:00:00,cpu_utilization,99.0
2026-04-26 19:00:00,cpu_utilization,99.0
2026-04-26 20:00:00,cpu_utilization,99.0
2026-04-26 21:00:00,cpu_utilization,93.536
2026-04-26 22:00:00,cpu_utilization,98.51
2026-04-26 23:00:00,cpu_utilization,99.0
2026-04-27 00:00:00,cpu_utilization,96.102
2026-04-27 01:00:00,cpu_utilization,91.999
2026-04-27 02:00:00,cpu_utilization,90.734
2026-04-27 03:00:00,cpu_utilization,90.828
2026-04-27 04:00:00,cpu_utilization,88.482
2026-04-27 05:00:00,cpu_utilization,92.378
2026-04-27 06:00:00,cpu_utilization,99.0
2026-04-27 07:00:00,cpu_utilization,99.0
2026-04-27 08:00:00,cpu_utilization,99.0
2026-04-27 09:00:00,cpu_utilization,99.0
2026-04-27 10:00:00,cpu_utilization,99.0
2026-04-27 11:00:00,cpu_utilization,99.0
2026-04-27 12:00:00,cpu_utilization,99.0
2026-04-27 13:00:00,cpu_utilization,99.0
2026-04-27 14:00:00,cpu_utilization,99.0
2026-04-27 15:00:00,cpu_utilization,99.0
2026-04-27 16:00:00,cpu_utilization,99.0
2026-04-27 17:00:00,cpu_utilization,99.0
2026-04-27 18:00:00,cpu_utilization,99.0
2026-04-27 19:00:00,cpu_utilization,99.0
2026-04-27 20:00:00,cpu_utilization,99.0
2026-04-27 21:00:00,cpu_utilization,99.0
2026-04-27 22:00:00,cpu_utilization,99.0
2026-04-27 23:00:00,cpu_utilization,80.974
2026-04-28 00:00:00,cpu_utilization,95.682
2026-04-28 01:00:00,cpu_utilization,80.667
2026-04-28 02:00:00,cpu_utilization,86.005
2026-04-28 03:00:00,cpu_utilization,88.796
2026-04-28 04:00:00,cpu_utilization,90.163
2026-04-28 05:00:00,cpu_utilization,92.136
2026-04-28 06:00:00,cpu_utilization,99.0
2026-04-28 07:00:00,cpu_utilization,99.0
2026-04-28 08:00:00,cpu_utilization,97.488
2026-04-28 09:00:00,cpu_utilization,99.0
2026-04-28 10:00:00,cpu_utilization,99.0
2026-04-28 11:00:00,cpu_utilization,99.0
2026-04-28 12:00:00,cpu_utilization,99.0
2026-04-28 13:00:00,cpu_utilization,99.0
2026-04-28 14:00:00,cpu_utilization,99.0
2026-04-28 15:00:00,cpu_utilization,99.0
2026-04-28 16:00:00,cpu_utilization,99.0
2026-04-28 17:00:00,cpu_utilization,99.0
2026-04-28 18:00:00,cpu_utilization,99.0
2026-04-28 19:00:00,cpu_utilization,99.0
2026-04-28 20:00:00,cpu_utilization,96.089
2026-04-28 21:00:00,cpu_utilization,99.0
2026-04-28 22:00:00,cpu_utilization,93.118
2026-04-28 23:00:00,cpu_utilization,99.0
2026-04-29 00:00:00,cpu_utilization,99.0
2026-04-29 01:00:00,cpu_utilization,84.142
2026-04-29 02:00:00,cpu_utilization,95.458
2026-04-29 03:00:00,cpu_utilization,91.283
2026-04-29 04:00:00,cpu_utilization,98.394
2026-04-29 05:00:00,cpu_utilization,98.683
2026-04-29 06:00:00,cpu_utilization,99.0
2026-04-29 07:00:00,cpu_utilization,99.0
2026-04-29 08:00:00,cpu_utilization,99.0
2026-04-29 09:00:00,cpu_utilization,99.0
2026-04-29 10:00:00,cpu_utilization,99.0
2026-04-29 11:00:00,cpu_utilization,99.0
2026-04-29 12:00:00,cpu_utilization,99.0
2026-04-29 13:00:00,cpu_utilization,99.0
2026-04-29 14:00:00,cpu_utilization,99.0
2026-04-29 15:00:00,cpu_utilization,99.0
2026-04-29 16:00:00,cpu_utilization,99.0
2026-04-29 17:00:00,cpu_utilization,99.0
2026-04-29 18:00:00,cpu_utilization,99.0
2026-04-29 19:00:00,cpu_utilization,99.0
2026-04-29 20:00:00,cpu_utilization,99.0
2026-04-29 21:00:00,cpu_utilization,99.0
2026-04-29 22:00:00,cpu_utilization,94.297
2026-04-29 23:00:00,cpu_utilization,99.0
2026-04-30 00:00:00,cpu_utilization,93.831
2026-04-30 01:00:00,cpu_utilization,93.549
2026-04-30 02:00:00,cpu_utilization,89.227
2026-04-30 03:00:00,cpu_utilization,85.457
2026-04-30 04:00:00,cpu_utilization,82.642
2026-04-30 05:00:00,cpu_utilization,99.0
2026-04-30 06:00:00,cpu_utilization,94.749
2026-04-30 07:00:00,cpu_utilization,99.0
2026-04-30 08:00:00,cpu_utilization,99.0
2026-04-30 09:00:00,cpu_utilization,99.0
2026-04-30 10:00:00,cpu_utilization,99.0
2026-04-30 11:00:00,cpu_utilization,99.0
2026-04-30 12:00:00,cpu_utilization,99.0
2026-04-30 13:00:00,cpu_utilization,99.0
2026-04-30 14:00:00,cpu_utilization,99.0
2026-04-30 15:00:00,cpu_utilization,99.0
2026-04-30 16:00:00,cpu_utilization,99.0
2026-04-30 17:00:00,cpu_utilization,99.0
2026-04-30 18:00:00,cpu_utilization,99.0
2026-04-30 19:00:00,cpu_utilization,96.966
2026-04-30 20:00:00,cpu_utilization,99.0
2026-04-30 21:00:00,cpu_utilization,99.0
2026-04-30 22:00:00,cpu_utilization,94.654
2026-04-30 23:00:00,cpu_utilization,99.0
2026-01-01 00:00:00,memory_utilization,56.636
2026-01-01 01:00:00,memory_utilization,58.396
2026-01-01 02:00:00,memory_utilization,57.298
2026-01-01 03:00:00,memory_utilization,59.667
2026-01-01 04:00:00,memory_utilization,55.17
2026-01-01 05:00:00,memory_utilization,58.622
2026-01-01 06:00:00,memory_utilization,62.166
2026-01-01 07:00:00,memory_utilization,63.228
2026-01-01 08:00:00,memory_utilization,63.658
2026-01-01 09:00:00,memory_utilization,67.106
2026-01-01 10:00:00,memory_utilization,67.592
2026-01-01 11:00:00,memory_utilization,76.291
2026-01-01 12:00:00,memory_utilization,75.638
2026-01-01 13:00:00,memory_utilization,74.009
2026-01-01 14:00:00,memory_utilization,74.441
2026-01-01 15:00:00,memory_utilization,71.309
2026-01-01 16:00:00,memory_utilization,81.075
2026-01-01 17:00:00,memory_utilization,74.684
2026-01-01 18:00:00,memory_utilization,67.51
2026-01-01 19:00:00,memory_utilization,72.991
2026-01-01 20:00:00,memory_utilization,63.058
2026-01-01 21:00:00,memory_utilization,55.74
2026-01-01 22:00:00,memory_utilization,65.002
2026-01-01 23:00:00,memory_utilization,54.743
2026-01-02 00:00:00,memory_utilization,53.495
2026-01-02 01:00:00,memory_utilization,54.565
2026-01-02 02:00:00,memory_utilization,59.681
2026-01-02 03:00:00,memory_utilization,54.495
2026-01-02 04:00:00,memory_utilization,49.616
2026-01-02 05:00:00,memory_utilization,60.256
2026-01-02 06:00:00,memory_utilization,57.615
2026-01-02 07:00:00,memory_utilization,72.392
2026-01-02 08:00:00,memory_utilization,66.07
2026-01-02 09:00:00,memory_utilization,58.025
2026-01-02 10:00:00,memory_utilization,73.899
2026-01-02 11:00:00,memory_utilization,84.338
2026-01-02 12:00:00,memory_utilization,84.42
2026-01-02 13:00:00,memory_utilization,86.912
2026-01-02 14:00:00,memory_utilization,73.085
2026-01-02 15:00:00,memory_utilization,82.354
2026-01-02 16:00:00,memory_utilization,73.002
2026-01-02 17:00:00,memory_utilization,75.845
2026-01-02 18:00:00,memory_utilization,65.891
2026-01-02 19:00:00,memory_utilization,66.158
2026-01-02 20:00:00,memory_utilization,62.911
2026-01-02 21:00:00,memory_utilization,67.697
2026-01-02 22:00:00,memory_utilization,64.332
2026-01-02 23:00:00,memory_utilization,59.245
2026-01-03 00:00:00,memory_utilization,44.145
2026-01-03 01:00:00,memory_utilization,48.158
2026-01-03 02:00:00,memory_utilization,45.594
2026-01-03 03:00:00,memory_utilization,54.1
2026-01-03 04:00:00,memory_utilization,56.86
2026-01-03 05:00:00,memory_utilization,58.176
2026-01-03 06:00:00,memory_utilization,51.621
2026-01-03 07:00:00,memory_utilization,44.612
2026-01-03 08:00:00,memory_utilization,52.598
2026-01-03 09:00:00,memory_utilization,71.665
2026-01-03 10:00:00,memory_utilization,65.463
2026-01-03 11:00:00,memory_utilization,66.219
2026-01-03 12:00:00,memory_utilization,80.111
2026-01-03 13:00:00,memory_utilization,79.44
2026-01-03 14:00:00,memory_utilization,73.663
2026-01-03 15:00:00,memory_utilization,71.683
2026-01-03 16:00:00,memory_utilization,71.309
2026-01-03 17:00:00,memory_utilization,71.216
2026-01-03 18:00:00,memory_utilization,75.613
2026-01-03 19:00:00,memory_utilization,66.849
2026-01-03 20:00:00,memory_utilization,65.279
2026-01-03 21:00:00,memory_utilization,64.408
2026-01-03 22:00:00,memory_utilization,49.837
2026-01-03 23:00:00,memory_utilization,56.992
2026-01-04 00:00:00,memory_utilization,49.856
2026-01-04 01:00:00,memory_utilization,37.567
2026-01-04 02:00:00,memory_utilization,39.116
2026-01-04 03:00:00,memory_utilization,45.093
2026-01-04 04:00:00,memory_utilization,54.057
2026-01-04 05:00:00,memory_utilization,53.895
2026-01-04 06:00:00,memory_utilization,56.751
2026-01-04 07:00:00,memory_utilization,68.496
2026-01-04 08:00:00,memory_utilization,55.52
2026-01-04 09:00:00,memory_utilization,64.852
2026-01-04 10:00:00,memory_utilization,69.423
2026-01-04 11:00:00,memory_utilization,66.723
2026-01-04 12:00:00,memory_utilization,72.471
2026-01-04 13:00:00,memory_utilization,65.546
2026-01-04 14:00:00,memory_utilization,81.023
2026-01-04 15:00:00,memory_utilization,70.174
2026-01-04 16:00:00,memory_utilization,82.558
2026-01-04 17:00:00,memory_utilization,70.35
2026-01-04 18:00:00,memory_utilization,73.185
2026-01-04 19:00:00,memory_utilization,64.902
2026-01-04 20:00:00,memory_utilization,61.927
2026-01-04 21:00:00,memory_utilization,56.073
2026-01-04 22:00:00,memory_utilization,56.713
2026-01-04 23:00:00,memory_utilization,55.24
2026-01-05 00:00:00,memory_utilization,52.914
2026-01-05 01:00:00,memory_utilization,55.03
2026-01-05 02:00:00,memory_utilization,52.214
2026-01-05 03:00:00,memory_utilization,67.189
2026-01-05 04:00:00,memory_utilization,56.459
2026-01-05 05:00:00,memory_utilization,66.559
2026-01-05 06:00:00,memory_utilization,60.358
2026-01-05 07:00:00,memory_utilization,65.545
2026-01-05 08:00:00,memory_utilization,60.765
2026-01-05 09:00:00,memory_utilization,68.26
2026-01-05 10:00:00,memory_utilization,74.461
2026-01-05 11:00:00,memory_utilization,83.841
2026-01-05 12:00:00,memory_utilization,78.946
2026-01-05 13:00:00,memory_utilization,85.972
2026-01-05 14:00:00,memory_utilization,82.684
2026-01-05 15:00:00,memory_utilization,87.226
2026-01-05 16:00:00,memory_utilization,77.613
2026-01-05 17:00:00,memory_utilization,87.97
2026-01-05 18:00:00,memory_utilization,71.125
2026-01-05 19:00:00,memory_utilization,66.844
2026-01-05 20:00:00,memory_utilization,61.538
2026-01-05 21:00:00,memory_utilization,76.155
2026-01-05 22:00:00,memory_utilization,65.721
2026-01-05 23:00:00,memory_utilization,57.486
2026-01-06 00:00:00,memory_utilization,63.513
2026-01-06 01:00:00,memory_utilization,59.525
2026-01-06 02:00:00,memory_utilization,65.527
2026-01-06 03:00:00,memory_utilization,48.384
2026-01-06 04:00:00,memory_utilization,56.013
2026-01-06 05:00:00,memory_utilization,56.952
2026-01-06 06:00:00,memory_utilization,51.9
2026-01-06 07:00:00,memory_utilization,69.982
2026-01-06 08:00:00,memory_utilization,66.452
2026-01-06 09:00:00,memory_utilization,74.626
2026-01-06 10:00:00,memory_utilization,85.639
2026-01-06 11:00:00,memory_utilization,74.577
2026-01-06 12:00:00,memory_utilization,76.163
2026-01-06 13:00:00,memory_utilization,80.078
2026-01-06 14:00:00,memory_utilization,84.848
2026-01-06 15:00:00,memory_utilization,76.688
2026-01-06 16:00:00,memory_utilization,75.185
2026-01-06 17:00:00,memory_utilization,81.737
2026-01-06 18:00:00,memory_utilization,75.877
2026-01-06 19:00:00,memory_utilization,60.884
2026-01-06 20:00:00,memory_utilization,61.893
2026-01-06 21:00:00,memory_utilization,72.438
2026-01-06 22:00:00,memory_utilization,64.066
2026-01-06 23:00:00,memory_utilization,55.778
2026-01-07 00:00:00,memory_utilization,56.848
2026-01-07 01:00:00,memory_utilization,56.585
2026-01-07 02:00:00,memory_utilization,59.807
2026-01-07 03:00:00,memory_utilization,49.764
2026-01-07 04:00:00,memory_utilization,53.567
2026-01-07 05:00:00,memory_utilization,61.061
2026-01-07 06:00:00,memory_utilization,61.701
2026-01-07 07:00:00,memory_utilization,67.971
2026-01-07 08:00:00,memory_utilization,62.088
2026-01-07 09:00:00,memory_utilization,73.145
2026-01-07 10:00:00,memory_utilization,79.73
2026-01-07 11:00:00,memory_utilization,79.209
2026-01-07 12:00:00,memory_utilization,79.396
2026-01-07 13:00:00,memory_utilization,79.438
2026-01-07 14:00:00,memory_utilization,76.17
2026-01-07 15:00:00,memory_utilization,79.593
2026-01-07 16:00:00,memory_utilization,85.071
2026-01-07 17:00:00,memory_utilization,76.288
2026-01-07 18:00:00,memory_utilization,69.967
2026-01-07 19:00:00,memory_utilization,69.079
2026-01-07 20:00:00,memory_utilization,69.456
2026-01-07 21:00:00,memory_utilization,63.497
2026-01-07 22:00:00,memory_utilization,64.915
2026-01-07 23:00:00,memory_utilization,62.635
2026-01-08 00:00:00,memory_utilization,62.577
2026-01-08 01:00:00,memory_utilization,64.069
2026-01-08 02:00:00,memory_utilization,61.539
2026-01-08 03:00:00,memory_utilization,52.316
2026-01-08 04:00:00,memory_utilization,53.686
2026-01-08 05:00:00,memory_utilization,59.75
2026-01-08 06:00:00,memory_utilization,60.376
2026-01-08 07:00:00,memory_utilization,59.853
2026-01-08 08:00:00,memory_utilization,66.46
2026-01-08 09:00:00,memory_utilization,69.419
2026-01-08 10:00:00,memory_utilization,71.345
2026-01-08 11:00:00,memory_utilization,75.628
2026-01-08 12:00:00,memory_utilization,85.025
2026-01-08 13:00:00,memory_utilization,81.345
2026-01-08 14:00:00,memory_utilization,93.135
2026-01-08 15:00:00,memory_utilization,81.238
2026-01-08 16:00:00,memory_utilization,77.754
2026-01-08 17:00:00,memory_utilization,77.336
2026-01-08 18:00:00,memory_utilization,76.13
2026-01-08 19:00:00,memory_utilization,74.148
2026-01-08 20:00:00,memory_utilization,79.268
2026-01-08 21:00:00,memory_utilization,61.57
2026-01-08 22:00:00,memory_utilization,67.215
2026-01-08 23:00:00,memory_utilization,61.491
2026-01-09 00:00:00,memory_utilization,50.708
2026-01-09 01:00:00,memory_utilization,61.236
2026-01-09 02:00:00,memory_utilization,63.33
2026-01-09 03:00:00,memory_utilization,53.133
2026-01-09 04:00:00,memory_utilization,58.591
2026-01-09 05:00:00,memory_utilization,51.934
2026-01-09 06:00:00,memory_utilization,56.77
2026-01-09 07:00:00,memory_utilization,71.216
2026-01-09 08:00:00,memory_utilization,66.768
2026-01-09 09:00:00,memory_utilization,66.68
2026-01-09 10:00:00,memory_utilization,76.283
2026-01-09 11:00:00,memory_utilization,75.027
2026-01-09 12:00:00,memory_utilization,77.21
2026-01-09 13:00:00,memory_utilization,84.478
2026-01-09 14:00:00,memory_utilization,75.399
2026-01-09 15:00:00,memory_utilization,76.29
2026-01-09 16:00:00,memory_utilization,80.407
2026-01-09 17:00:00,memory_utilization,82.594
2026-01-09 18:00:00,memory_utilization,81.471
2026-01-09 19:00:00,memory_utilization,69.079
2026-01-09 20:00:00,memory_utilization,74.003
2026-01-09 21:00:00,memory_utilization,62.307
2026-01-09 22:00:00,memory_utilization,72.483
2026-01-09 23:00:00,memory_utilization,55.216
2026-01-10 00:00:00,memory_utilization,60.563
2026-01-10 01:00:00,memory_utilization,49.457
2026-01-10 02:00:00,memory_utilization,62.415
2026-01-10 03:00:00,memory_utilization,55.732
2026-01-10 04:00:00,memory_utilization,48.913
2026-01-10 05:00:00,memory_utilization,53.307
2026-01-10 06:00:00,memory_utilization,62.327
2026-01-10 07:00:00,memory_utilization,66.596
2026-01-10 08:00:00,memory_utilization,64.103
2026-01-10 09:00:00,memory_utilization,67.804
2026-01-10 10:00:00,memory_utilization,74.285
2026-01-10 11:00:00,memory_utilization,73.655
2026-01-10 12:00:00,memory_utilization,68.454
2026-01-10 13:00:00,memory_utilization,72.073
2026-01-10 14:00:00,memory_utilization,77.741
2026-01-10 15:00:00,memory_utilization,82.252
2026-01-10 16:00:00,memory_utilization,83.073
2026-01-10 17:00:00,memory_utilization,77.002
2026-01-10 18:00:00,memory_utilization,72.073
2026-01-10 19:00:00,memory_utilization,71.505
2026-01-10 20:00:00,memory_utilization,61.339
2026-01-10 21:00:00,memory_utilization,60.819
2026-01-10 22:00:00,memory_utilization,54.588
2026-01-10 23:00:00,memory_utilization,49.998
2026-01-11 00:00:00,memory_utilization,56.02
2026-01-11 01:00:00,memory_utilization,54.099
2026-01-11 02:00:00,memory_utilization,56.219
2026-01-11 03:00:00,memory_utilization,55.938
2026-01-11 04:00:00,memory_utilization,55.638
2026-01-11 05:00:00,memory_utilization,59.133
2026-01-11 06:00:00,memory_utilization,58.64
2026-01-11 07:00:00,memory_utilization,63.83
2026-01-11 08:00:00,memory_utilization,61.258
2026-01-11 09:00:00,memory_utilization,69.861
2026-01-11 10:00:00,memory_utilization,74.267
2026-01-11 11:00:00,memory_utilization,70.08
2026-01-11 12:00:00,memory_utilization,75.612
2026-01-11 13:00:00,memory_utilization,73.452
2026-01-11 14:00:00,memory_utilization,74.364
2026-01-11 15:00:00,memory_utilization,70.981
2026-01-11 16:00:00,memory_utilization,81.754
2026-01-11 17:00:00,memory_utilization,78.865
2026-01-11 18:00:00,memory_utilization,73.756
2026-01-11 19:00:00,memory_utilization,78.054
2026-01-11 20:00:00,memory_utilization,64.159
2026-01-11 21:00:00,memory_utilization,77.176
2026-01-11 22:00:00,memory_utilization,58.003
2026-01-11 23:00:00,memory_utilization,57.95
2026-01-12 00:00:00,memory_utilization,57.871
2026-01-12 01:00:00,memory_utilization,60.541
2026-01-12 02:00:00,memory_utilization,62.466
2026-01-12 03:00:00,memory_utilization,58.145
2026-01-12 04:00:00,memory_utilization,68.815
2026-01-12 05:00:00,memory_utilization,63.052
2026-01-12 06:00:00,memory_utilization,65.712
2026-01-12 07:00:00,memory_utilization,62.727
2026-01-12 08:00:00,memory_utilization,72.488
2026-01-12 09:00:00,memory_utilization,72.85
2026-01-12 10:00:00,memory_utilization,73.391
2026-01-12 11:00:00,memory_utilization,75.053
2026-01-12 12:00:00,memory_utilization,94.219
2026-01-12 13:00:00,memory_utilization,80.76
2026-01-12 14:00:00,memory_utilization,75.219
2026-01-12 15:00:00,memory_utilization,78.622
2026-01-12 16:00:00,memory_utilization,80.674
2026-01-12 17:00:00,memory_utilization,81.777
2026-01-12 18:00:00,memory_utilization,79.35
2026-01-12 19:00:00,memory_utilization,77.083
2026-01-12 20:00:00,memory_utilization,67.388
2026-01-12 21:00:00,memory_utilization,69.226
2026-01-12 22:00:00,memory_utilization,60.268
2026-01-12 23:00:00,memory_utilization,59.083
2026-01-13 00:00:00,memory_utilization,55.703
2026-01-13 01:00:00,memory_utilization,53.169
2026-01-13 02:00:00,memory_utilization,64.041
2026-01-13 03:00:00,memory_utilization,62.59
2026-01-13 04:00:00,memory_utilization,65.247
2026-01-13 05:00:00,memory_utilization,62.485
2026-01-13 06:00:00,memory_utilization,68.676
2026-01-13 07:00:00,memory_utilization,58.898
2026-01-13 08:00:00,memory_utilization,75.143
2026-01-13 09:00:00,memory_utilization,74.837
2026-01-13 10:00:00,memory_utilization,80.0
2026-01-13 11:00:00,memory_utilization,81.267
2026-01-13 12:00:00,memory_utilization,76.357
2026-01-13 13:00:00,memory_utilization,75.019
2026-01-13 14:00:00,memory_utilization,79.376
2026-01-13 15:00:00,memory_utilization,85.37
2026-01-13 16:00:00,memory_utilization,84.815
2026-01-13 17:00:00,memory_utilization,72.636
2026-01-13 18:00:00,memory_utilization,72.103
2026-01-13 19:00:00,memory_utilization,70.516
2026-01-13 20:00:00,memory_utilization,69.257
2026-01-13 21:00:00,memory_utilization,61.146
2026-01-13 22:00:00,memory_utilization,57.97
2026-01-13 23:00:00,memory_utilization,58.504
2026-01-14 00:00:00,memory_utilization,61.155
2026-01-14 01:00:00,memory_utilization,53.64
2026-01-14 02:00:00,memory_utilization,58.573
2026-01-14 03:00:00,memory_utilization,64.872
2026-01-14 04:00:00,memory_utilization,54.287
2026-01-14 05:00:00,memory_utilization,61.688
2026-01-14 06:00:00,memory_utilization,70.348
2026-01-14 07:00:00,memory_utilization,66.045
2026-01-14 08:00:00,memory_utilization,68.392
2026-01-14 09:00:00,memory_utilization,80.201
2026-01-14 10:00:00,memory_utilization,75.765
2026-01-14 11:00:00,memory_utilization,85.322
2026-01-14 12:00:00,memory_utilization,83.869
2026-01-14 13:00:00,memory_utilization,81.227
2026-01-14 14:00:00,memory_utilization,85.766
2026-01-14 15:00:00,memory_utilization,84.579
2026-01-14 16:00:00,memory_utilization,86.901
2026-01-14 17:00:00,memory_utilization,77.166
2026-01-14 18:00:00,memory_utilization,77.646
2026-01-14 19:00:00,memory_utilization,74.256
2026-01-14 20:00:00,memory_utilization,74.997
2026-01-14 21:00:00,memory_utilization,63.262
2026-01-14 22:00:00,memory_utilization,70.597
2026-01-14 23:00:00,memory_utilization,65.376
2026-01-15 00:00:00,memory_utilization,54.571
2026-01-15 01:00:00,memory_utilization,66.016
2026-01-15 02:00:00,memory_utilization,70.754
2026-01-15 03:00:00,memory_utilization,65.02
2026-01-15 04:00:00,memory_utilization,68.363
2026-01-15 05:00:00,memory_utilization,63.58
2026-01-15 06:00:00,memory_utilization,57.348
2026-01-15 07:00:00,memory_utilization,59.348
2026-01-15 08:00:00,memory_utilization,72.967
2026-01-15 09:00:00,memory_utilization,71.856
2026-01-15 10:00:00,memory_utilization,73.155
2026-01-15 11:00:00,memory_utilization,79.918
2026-01-15 12:00:00,memory_utilization,85.234
2026-01-15 13:00:00,memory_utilization,76.109
2026-01-15 14:00:00,memory_utilization,81.556
2026-01-15 15:00:00,memory_utilization,90.958
2026-01-15 16:00:00,memory_utilization,76.852
2026-01-15 17:00:00,memory_utilization,84.688
2026-01-15 18:00:00,memory_utilization,75.448
2026-01-15 19:00:00,memory_utilization,77.725
2026-01-15 20:00:00,memory_utilization,77.395
2026-01-15 21:00:00,memory_utilization,72.527
2026-01-15 22:00:00,memory_utilization,70.49
2026-01-15 23:00:00,memory_utilization,57.719
2026-01-16 00:00:00,memory_utilization,67.156
2026-01-16 01:00:00,memory_utilization,56.143
2026-01-16 02:00:00,memory_utilization,61.314
2026-01-16 03:00:00,memory_utilization,61.734
2026-01-16 04:00:00,memory_utilization,64.085
2026-01-16 05:00:00,memory_utilization,65.27
2026-01-16 06:00:00,memory_utilization,61.869
2026-01-16 07:00:00,memory_utilization,62.251
2026-01-16 08:00:00,memory_utilization,76.486
2026-01-16 09:00:00,memory_utilization,76.177
2026-01-16 10:00:00,memory_utilization,83.907
2026-01-16 11:00:00,memory_utilization,80.44
2026-01-16 12:00:00,memory_utilization,75.562
2026-01-16 13:00:00,memory_utilization,88.636
2026-01-16 14:00:00,memory_utilization,82.38
2026-01-16 15:00:00,memory_utilization,85.551
2026-01-16 16:00:00,memory_utilization,79.423
2026-01-16 17:00:00,memory_utilization,88.993
2026-01-16 18:00:00,memory_utilization,73.921
2026-01-16 19:00:00,memory_utilization,73.741
2026-01-16 20:00:00,memory_utilization,72.877
2026-01-16 21:00:00,memory_utilization,63.791
2026-01-16 22:00:00,memory_utilization,68.029
2026-01-16 23:00:00,memory_utilization,71.968
2026-01-17 00:00:00,memory_utilization,54.492
2026-01-17 01:00:00,memory_utilization,57.74
2026-01-17 02:00:00,memory_utilization,41.626
2026-01-17 03:00:00,memory_utilization,55.605
2026-01-17 04:00:00,memory_utilization,55.451
2026-01-17 05:00:00,memory_utilization,54.849
2026-01-17 06:00:00,memory_utilization,66.852
2026-01-17 07:00:00,memory_utilization,62.726
2026-01-17 08:00:00,memory_utilization,66.594
2026-01-17 09:00:00,memory_utilization,68.719
2026-01-17 10:00:00,memory_utilization,63.933
2026-01-17 11:00:00,memory_utilization,70.36
2026-01-17 12:00:00,memory_utilization,82.751
2026-01-17 13:00:00,memory_utilization,68.612
2026-01-17 14:00:00,memory_utilization,75.757
2026-01-17 15:00:00,memory_utilization,77.2
2026-01-17 16:00:00,memory_utilization,86.735
2026-01-17 17:00:00,memory_utilization,79.971
2026-01-17 18:00:00,memory_utilization,70.875
2026-01-17 19:00:00,memory_utilization,77.307
2026-01-17 20:00:00,memory_utilization,63.994
2026-01-17 21:00:00,memory_utilization,69.655
2026-01-17 22:00:00,memory_utilization,54.939
2026-01-17 23:00:00,memory_utilization,64.632
2026-01-18 00:00:00,memory_utilization,55.346
2026-01-18 01:00:00,memory_utilization,51.053
2026-01-18 02:00:00,memory_utilization,54.719
2026-01-18 03:00:00,memory_utilization,57.619
2026-01-18 04:00:00,memory_utilization,54.975
2026-01-18 05:00:00,memory_utilization,62.143
2026-01-18 06:00:00,memory_utilization,58.962
2026-01-18 07:00:00,memory_utilization,67.891
2026-01-18 08:00:00,memory_utilization,70.124
2026-01-18 09:00:00,memory_utilization,70.732
2026-01-18 10:00:00,memory_utilization,71.742
2026-01-18 11:00:00,memory_utilization,77.21
2026-01-18 12:00:00,memory_utilization,81.129
2026-01-18 13:00:00,memory_utilization,89.903
2026-01-18 14:00:00,memory_utilization,84.718
2026-01-18 15:00:00,memory_utilization,84.51
2026-01-18 16:00:00,memory_utilization,93.892
2026-01-18 17:00:00,memory_utilization,79.14
2026-01-18 18:00:00,memory_utilization,76.516
2026-01-18 19:00:00,memory_utilization,74.737
2026-01-18 20:00:00,memory_utilization,63.084
2026-01-18 21:00:00,memory_utilization,62.822
2026-01-18 22:00:00,memory_utilization,59.634
2026-01-18 23:00:00,memory_utilization,62.936
2026-01-19 00:00:00,memory_utilization,62.013
2026-01-19 01:00:00,memory_utilization,62.394
2026-01-19 02:00:00,memory_utilization,66.749
2026-01-19 03:00:00,memory_utilization,66.055
2026-01-19 04:00:00,memory_utilization,62.147
2026-01-19 05:00:00,memory_utilization,61.531
2026-01-19 06:00:00,memory_utilization,73.06
2026-01-19 07:00:00,memory_utilization,74.166
2026-01-19 08:00:00,memory_utilization,65.389
2026-01-19 09:00:00,memory_utilization,74.978
2026-01-19 10:00:00,memory_utilization,80.284
2026-01-19 11:00:00,memory_utilization,85.853
2026-01-19 12:00:00,memory_utilization,88.435
2026-01-19 13:00:00,memory_utilization,86.521
2026-01-19 14:00:00,memory_utilization,88.454
2026-01-19 15:00:00,memory_utilization,85.458
2026-01-19 16:00:00,memory_utilization,80.587
2026-01-19 17:00:00,memory_utilization,80.761
2026-01-19 18:00:00,memory_utilization,79.695
2026-01-19 19:00:00,memory_utilization,76.55
2026-01-19 20:00:00,memory_utilization,64.208
2026-01-19 21:00:00,memory_utilization,68.561
2026-01-19 22:00:00,memory_utilization,67.953
2026-01-19 23:00:00,memory_utilization,63.798
2026-01-20 00:00:00,memory_utilization,62.082
2026-01-20 01:00:00,memory_utilization,64.575
2026-01-20 02:00:00,memory_utilization,56.349
2026-01-20 03:00:00,memory_utilization,54.031
2026-01-20 04:00:00,memory_utilization,61.647
2026-01-20 05:00:00,memory_utilization,69.133
2026-01-20 06:00:00,memory_utilization,76.254
2026-01-20 07:00:00,memory_utilization,74.639
2026-01-20 08:00:00,memory_utilization,66.511
2026-01-20 09:00:00,memory_utilization,75.814
2026-01-20 10:00:00,memory_utilization,81.171
2026-01-20 11:00:00,memory_utilization,83.279
2026-01-20 12:00:00,memory_utilization,87.013
2026-01-20 13:00:00,memory_utilization,80.948
2026-01-20 14:00:00,memory_utilization,86.285
2026-01-20 15:00:00,memory_utilization,87.671
2026-01-20 16:00:00,memory_utilization,88.517
2026-01-20 17:00:00,memory_utilization,78.471
2026-01-20 18:00:00,memory_utilization,78.306
2026-01-20 19:00:00,memory_utilization,63.637
2026-01-20 20:00:00,memory_utilization,70.961
2026-01-20 21:00:00,memory_utilization,68.358
2026-01-20 22:00:00,memory_utilization,63.006
2026-01-20 23:00:00,memory_utilization,66.465
2026-01-21 00:00:00,memory_utilization,63.468
2026-01-21 01:00:00,memory_utilization,51.271
2026-01-21 02:00:00,memory_utilization,63.254
2026-01-21 03:00:00,memory_utilization,57.961
2026-01-21 04:00:00,memory_utilization,66.248
2026-01-21 05:00:00,memory_utilization,59.335
2026-01-21 06:00:00,memory_utilization,68.398
2026-01-21 07:00:00,memory_utilization,69.744
2026-01-21 08:00:00,memory_utilization,75.8
2026-01-21 09:00:00,memory_utilization,78.031
2026-01-21 10:00:00,memory_utilization,79.044
2026-01-21 11:00:00,memory_utilization,75.142
2026-01-21 12:00:00,memory_utilization,77.362
2026-01-21 13:00:00,memory_utilization,83.046
2026-01-21 14:00:00,memory_utilization,86.351
2026-01-21 15:00:00,memory_utilization,82.96
2026-01-21 16:00:00,memory_utilization,87.946
2026-01-21 17:00:00,memory_utilization,81.535
2026-01-21 18:00:00,memory_utilization,75.639
2026-01-21 19:00:00,memory_utilization,76.197
2026-01-21 20:00:00,memory_utilization,75.629
2026-01-21 21:00:00,memory_utilization,73.037
2026-01-21 22:00:00,memory_utilization,77.928
2026-01-21 23:00:00,memory_utilization,62.724
2026-01-22 00:00:00,memory_utilization,63.812
2026-01-22 01:00:00,memory_utilization,65.13
2026-01-22 02:00:00,memory_utilization,62.491
2026-01-22 03:00:00,memory_utilization,60.532
2026-01-22 04:00:00,memory_utilization,56.505
2026-01-22 05:00:00,memory_utilization,63.623
2026-01-22 06:00:00,memory_utilization,63.311
2026-01-22 07:00:00,memory_utilization,62.959
2026-01-22 08:00:00,memory_utilization,70.738
2026-01-22 09:00:00,memory_utilization,72.604
2026-01-22 10:00:00,memory_utilization,83.671
2026-01-22 11:00:00,memory_utilization,86.261
2026-01-22 12:00:00,memory_utilization,80.661
2026-01-22 13:00:00,memory_utilization,85.096
2026-01-22 14:00:00,memory_utilization,77.533
2026-01-22 15:00:00,memory_utilization,83.961
2026-01-22 16:00:00,memory_utilization,87.247
2026-01-22 17:00:00,memory_utilization,87.488
2026-01-22 18:00:00,memory_utilization,77.331
2026-01-22 19:00:00,memory_utilization,83.279
2026-01-22 20:00:00,memory_utilization,67.354
2026-01-22 21:00:00,memory_utilization,65.606
2026-01-22 22:00:00,memory_utilization,72.516
2026-01-22 23:00:00,memory_utilization,74.856
2026-01-23 00:00:00,memory_utilization,67.079
2026-01-23 01:00:00,memory_utilization,63.229
2026-01-23 02:00:00,memory_utilization,52.064
2026-01-23 03:00:00,memory_utilization,53.355
2026-01-23 04:00:00,memory_utilization,65.331
2026-01-23 05:00:00,memory_utilization,64.818
2026-01-23 06:00:00,memory_utilization,63.583
2026-01-23 07:00:00,memory_utilization,72.352
2026-01-23 08:00:00,memory_utilization,75.724
2026-01-23 09:00:00,memory_utilization,82.994
2026-01-23 10:00:00,memory_utilization,81.867
2026-01-23 11:00:00,memory_utilization,89.829
2026-01-23 12:00:00,memory_utilization,85.652
2026-01-23 13:00:00,memory_utilization,86.252
2026-01-23 14:00:00,memory_utilization,92.578
2026-01-23 15:00:00,memory_utilization,81.973
2026-01-23 16:00:00,memory_utilization,99.0
2026-01-23 17:00:00,memory_utilization,85.672
2026-01-23 18:00:00,memory_utilization,83.232
2026-01-23 19:00:00,memory_utilization,81.077
2026-01-23 20:00:00,memory_utilization,84.75
2026-01-23 21:00:00,memory_utilization,76.239
2026-01-23 22:00:00,memory_utilization,61.375
2026-01-23 23:00:00,memory_utilization,73.95
2026-01-24 00:00:00,memory_utilization,58.264
2026-01-24 01:00:00,memory_utilization,59.324
2026-01-24 02:00:00,memory_utilization,52.001
2026-01-24 03:00:00,memory_utilization,61.455
2026-01-24 04:00:00,memory_utilization,56.784
2026-01-24 05:00:00,memory_utilization,62.467
2026-01-24 06:00:00,memory_utilization,63.049
2026-01-24 07:00:00,memory_utilization,77.006
2026-01-24 08:00:00,memory_utilization,80.416
2026-01-24 09:00:00,memory_utilization,73.861
2026-01-24 10:00:00,memory_utilization,76.861
2026-01-24 11:00:00,memory_utilization,77.177
2026-01-24 12:00:00,memory_utilization,86.499
2026-01-24 13:00:00,memory_utilization,80.542
2026-01-24 14:00:00,memory_utilization,80.506
2026-01-24 15:00:00,memory_utilization,87.115
2026-01-24 16:00:00,memory_utilization,78.35
2026-01-24 17:00:00,memory_utilization,78.964
2026-01-24 18:00:00,memory_utilization,68.778
2026-01-24 19:00:00,memory_utilization,77.33
2026-01-24 20:00:00,memory_utilization,80.425
2026-01-24 21:00:00,memory_utilization,71.239
2026-01-24 22:00:00,memory_utilization,72.066
2026-01-24 23:00:00,memory_utilization,58.059
2026-01-25 00:00:00,memory_utilization,61.582
2026-01-25 01:00:00,memory_utilization,54.504
2026-01-25 02:00:00,memory_utilization,57.69
2026-01-25 03:00:00,memory_utilization,63.117
2026-01-25 04:00:00,memory_utilization,60.982
2026-01-25 05:00:00,memory_utilization,55.335
2026-01-25 06:00:00,memory_utilization,58.326
2026-01-25 07:00:00,memory_utilization,60.907
2026-01-25 08:00:00,memory_utilization,73.394
2026-01-25 09:00:00,memory_utilization,84.38
2026-01-25 10:00:00,memory_utilization,83.785
2026-01-25 11:00:00,memory_utilization,69.996
2026-01-25 12:00:00,memory_utilization,88.507
2026-01-25 13:00:00,memory_utilization,87.3
2026-01-25 14:00:00,memory_utilization,75.319
2026-01-25 15:00:00,memory_utilization,81.138
2026-01-25 16:00:00,memory_utilization,86.951
2026-01-25 17:00:00,memory_utilization,82.336
2026-01-25 18:00:00,memory_utilization,70.572
2026-01-25 19:00:00,memory_utilization,77.295
2026-01-25 20:00:00,memory_utilization,60.465
2026-01-25 21:00:00,memory_utilization,66.951
2026-01-25 22:00:00,memory_utilization,70.879
2026-01-25 23:00:00,memory_utilization,62.814
2026-01-26 00:00:00,memory_utilization,63.413
2026-01-26 01:00:00,memory_utilization,69.174
2026-01-26 02:00:00,memory_utilization,69.21
2026-01-26 03:00:00,memory_utilization,71.313
2026-01-26 04:00:00,memory_utilization,70.351
2026-01-26 05:00:00,memory_utilization,73.312
2026-01-26 06:00:00,memory_utilization,74.073
2026-01-26 07:00:00,memory_utilization,74.648
2026-01-26 08:00:00,memory_utilization,76.892
2026-01-26 09:00:00,memory_utilization,78.382
2026-01-26 10:00:00,memory_utilization,76.418
2026-01-26 11:00:00,memory_utilization,80.207
2026-01-26 12:00:00,memory_utilization,85.498
2026-01-26 13:00:00,memory_utilization,89.332
2026-01-26 14:00:00,memory_utilization,95.756
2026-01-26 15:00:00,memory_utilization,87.952
2026-01-26 16:00:00,memory_utilization,91.998
2026-01-26 17:00:00,memory_utilization,90.488
2026-01-26 18:00:00,memory_utilization,81.467
2026-01-26 19:00:00,memory_utilization,82.721
2026-01-26 20:00:00,memory_utilization,75.442
2026-01-26 21:00:00,memory_utilization,80.183
2026-01-26 22:00:00,memory_utilization,73.875
2026-01-26 23:00:00,memory_utilization,62.276
2026-01-27 00:00:00,memory_utilization,67.147
2026-01-27 01:00:00,memory_utilization,73.399
2026-01-27 02:00:00,memory_utilization,63.862
2026-01-27 03:00:00,memory_utilization,67.433
2026-01-27 04:00:00,memory_utilization,69.141
2026-01-27 05:00:00,memory_utilization,63.154
2026-01-27 06:00:00,memory_utilization,73.394
2026-01-27 07:00:00,memory_utilization,66.783
2026-01-27 08:00:00,memory_utilization,73.748
2026-01-27 09:00:00,memory_utilization,85.378
2026-01-27 10:00:00,memory_utilization,84.696
2026-01-27 11:00:00,memory_utilization,83.893
2026-01-27 12:00:00,memory_utilization,89.573
2026-01-27 13:00:00,memory_utilization,88.257
2026-01-27 14:00:00,memory_utilization,89.047
2026-01-27 15:00:00,memory_utilization,91.877
2026-01-27 16:00:00,memory_utilization,83.775
2026-01-27 17:00:00,memory_utilization,85.725
2026-01-27 18:00:00,memory_utilization,81.495
2026-01-27 19:00:00,memory_utilization,72.252
2026-01-27 20:00:00,memory_utilization,72.49
2026-01-27 21:00:00,memory_utilization,81.845
2026-01-27 22:00:00,memory_utilization,73.052
2026-01-27 23:00:00,memory_utilization,62.043
2026-01-28 00:00:00,memory_utilization,59.07
2026-01-28 01:00:00,memory_utilization,65.03
2026-01-28 02:00:00,memory_utilization,73.006
2026-01-28 03:00:00,memory_utilization,64.693
2026-01-28 04:00:00,memory_utilization,73.379
2026-01-28 05:00:00,memory_utilization,70.528
2026-01-28 06:00:00,memory_utilization,73.628
2026-01-28 07:00:00,memory_utilization,67.506
2026-01-28 08:00:00,memory_utilization,81.996
2026-01-28 09:00:00,memory_utilization,78.757
2026-01-28 10:00:00,memory_utilization,87.659
2026-01-28 11:00:00,memory_utilization,81.776
2026-01-28 12:00:00,memory_utilization,88.658
2026-01-28 13:00:00,memory_utilization,90.749
2026-01-28 14:00:00,memory_utilization,88.646
2026-01-28 15:00:00,memory_utilization,91.048
2026-01-28 16:00:00,memory_utilization,86.512
2026-01-28 17:00:00,memory_utilization,82.71
2026-01-28 18:00:00,memory_utilization,91.515
2026-01-28 19:00:00,memory_utilization,85.857
2026-01-28 20:00:00,memory_utilization,73.72
2026-01-28 21:00:00,memory_utilization,77.278
2026-01-28 22:00:00,memory_utilization,67.847
2026-01-28 23:00:00,memory_utilization,63.169
2026-01-29 00:00:00,memory_utilization,72.373
2026-01-29 01:00:00,memory_utilization,57.502
2026-01-29 02:00:00,memory_utilization,70.266
2026-01-29 03:00:00,memory_utilization,64.795
2026-01-29 04:00:00,memory_utilization,66.218
2026-01-29 05:00:00,memory_utilization,71.249
2026-01-29 06:00:00,memory_utilization,74.61
2026-01-29 07:00:00,memory_utilization,70.484
2026-01-29 08:00:00,memory_utilization,81.329
2026-01-29 09:00:00,memory_utilization,81.431
2026-01-29 10:00:00,memory_utilization,77.496
2026-01-29 11:00:00,memory_utilization,85.43
2026-01-29 12:00:00,memory_utilization,95.111
2026-01-29 13:00:00,memory_utilization,97.804
2026-01-29 14:00:00,memory_utilization,93.435
2026-01-29 15:00:00,memory_utilization,83.505
2026-01-29 16:00:00,memory_utilization,90.729
2026-01-29 17:00:00,memory_utilization,90.642
2026-01-29 18:00:00,memory_utilization,87.549
2026-01-29 19:00:00,memory_utilization,84.969
2026-01-29 20:00:00,memory_utilization,79.772
2026-01-29 21:00:00,memory_utilization,74.506
2026-01-29 22:00:00,memory_utilization,68.95
2026-01-29 23:00:00,memory_utilization,60.035
2026-01-30 00:00:00,memory_utilization,69.334
2026-01-30 01:00:00,memory_utilization,67.385
2026-01-30 02:00:00,memory_utilization,68.852
2026-01-30 03:00:00,memory_utilization,59.803
2026-01-30 04:00:00,memory_utilization,70.933
2026-01-30 05:00:00,memory_utilization,79.905
2026-01-30 06:00:00,memory_utilization,72.528
2026-01-30 07:00:00,memory_utilization,74.74
2026-01-30 08:00:00,memory_utilization,79.717
2026-01-30 09:00:00,memory_utilization,91.458
2026-01-30 10:00:00,memory_utilization,79.09
2026-01-30 11:00:00,memory_utilization,87.727
2026-01-30 12:00:00,memory_utilization,84.638
2026-01-30 13:00:00,memory_utilization,87.118
2026-01-30 14:00:00,memory_utilization,90.032
2026-01-30 15:00:00,memory_utilization,96.626
2026-01-30 16:00:00,memory_utilization,97.713
2026-01-30 17:00:00,memory_utilization,89.06
2026-01-30 18:00:00,memory_utilization,82.469
2026-01-30 19:00:00,memory_utilization,93.94
2026-01-30 20:00:00,memory_utilization,76.25
2026-01-30 21:00:00,memory_utilization,72.444
2026-01-30 22:00:00,memory_utilization,63.549
2026-01-30 23:00:00,memory_utilization,76.937
2026-01-31 00:00:00,memory_utilization,67.834
2026-01-31 01:00:00,memory_utilization,73.901
2026-01-31 02:00:00,memory_utilization,54.473
2026-01-31 03:00:00,memory_utilization,69.139
2026-01-31 04:00:00,memory_utilization,63.415
2026-01-31 05:00:00,memory_utilization,69.02
2026-01-31 06:00:00,memory_utilization,59.254
2026-01-31 07:00:00,memory_utilization,77.746
2026-01-31 08:00:00,memory_utilization,77.462
2026-01-31 09:00:00,memory_utilization,76.458
2026-01-31 10:00:00,memory_utilization,82.791
2026-01-31 11:00:00,memory_utilization,78.241
2026-01-31 12:00:00,memory_utilization,81.096
2026-01-31 13:00:00,memory_utilization,82.893
2026-01-31 14:00:00,memory_utilization,76.373
2026-01-31 15:00:00,memory_utilization,89.555
2026-01-31 16:00:00,memory_utilization,90.023
2026-01-31 17:00:00,memory_utilization,78.67
2026-01-31 18:00:00,memory_utilization,81.45
2026-01-31 19:00:00,memory_utilization,75.505
2026-01-31 20:00:00,memory_utilization,75.386
2026-01-31 21:00:00,memory_utilization,67.519
2026-01-31 22:00:00,memory_utilization,63.364
2026-01-31 23:00:00,memory_utilization,70.574
2026-02-01 00:00:00,memory_utilization,63.105
2026-02-01 01:00:00,memory_utilization,72.354
2026-02-01 02:00:00,memory_utilization,62.085
2026-02-01 03:00:00,memory_utilization,57.649
2026-02-01 04:00:00,memory_utilization,69.631
2026-02-01 05:00:00,memory_utilization,68.576
2026-02-01 06:00:00,memory_utilization,71.559
2026-02-01 07:00:00,memory_utilization,76.79
2026-02-01 08:00:00,memory_utilization,70.697
2026-02-01 09:00:00,memory_utilization,76.449
2026-02-01 10:00:00,memory_utilization,79.14
2026-02-01 11:00:00,memory_utilization,76.047
2026-02-01 12:00:00,memory_utilization,83.107
2026-02-01 13:00:00,memory_utilization,92.324
2026-02-01 14:00:00,memory_utilization,87.256
2026-02-01 15:00:00,memory_utilization,78.948
2026-02-01 16:00:00,memory_utilization,76.718
2026-02-01 17:00:00,memory_utilization,90.932
2026-02-01 18:00:00,memory_utilization,79.689
2026-02-01 19:00:00,memory_utilization,74.028
2026-02-01 20:00:00,memory_utilization,72.807
2026-02-01 21:00:00,memory_utilization,63.703
2026-02-01 22:00:00,memory_utilization,75.328
2026-02-01 23:00:00,memory_utilization,63.78
2026-02-02 00:00:00,memory_utilization,75.769
2026-02-02 01:00:00,memory_utilization,68.009
2026-02-02 02:00:00,memory_utilization,74.508
2026-02-02 03:00:00,memory_utilization,69.07
2026-02-02 04:00:00,memory_utilization,73.27
2026-02-02 05:00:00,memory_utilization,74.524
2026-02-02 06:00:00,memory_utilization,76.548
2026-02-02 07:00:00,memory_utilization,78.084
2026-02-02 08:00:00,memory_utilization,78.304
2026-02-02 09:00:00,memory_utilization,92.169
2026-02-02 10:00:00,memory_utilization,80.969
2026-02-02 11:00:00,memory_utilization,88.029
2026-02-02 12:00:00,memory_utilization,90.007
2026-02-02 13:00:00,memory_utilization,93.161
2026-02-02 14:00:00,memory_utilization,89.429
2026-02-02 15:00:00,memory_utilization,92.759
2026-02-02 16:00:00,memory_utilization,89.16
2026-02-02 17:00:00,memory_utilization,80.206
2026-02-02 18:00:00,memory_utilization,85.696
2026-02-02 19:00:00,memory_utilization,77.269
2026-02-02 20:00:00,memory_utilization,71.012
2026-02-02 21:00:00,memory_utilization,77.281
2026-02-02 22:00:00,memory_utilization,76.159
2026-02-02 23:00:00,memory_utilization,73.886
2026-02-03 00:00:00,memory_utilization,72.2
2026-02-03 01:00:00,memory_utilization,58.52
2026-02-03 02:00:00,memory_utilization,60.987
2026-02-03 03:00:00,memory_utilization,78.086
2026-02-03 04:00:00,memory_utilization,64.2
2026-02-03 05:00:00,memory_utilization,74.415
2026-02-03 06:00:00,memory_utilization,70.429
2026-02-03 07:00:00,memory_utilization,77.175
2026-02-03 08:00:00,memory_utilization,76.734
2026-02-03 09:00:00,memory_utilization,85.832
2026-02-03 10:00:00,memory_utilization,86.62
2026-02-03 11:00:00,memory_utilization,86.198
2026-02-03 12:00:00,memory_utilization,85.113
2026-02-03 13:00:00,memory_utilization,92.92
2026-02-03 14:00:00,memory_utilization,85.944
2026-02-03 15:00:00,memory_utilization,93.755
2026-02-03 16:00:00,memory_utilization,99.0
2026-02-03 17:00:00,memory_utilization,95.298
2026-02-03 18:00:00,memory_utilization,89.672
2026-02-03 19:00:00,memory_utilization,82.776
2026-02-03 20:00:00,memory_utilization,70.422
2026-02-03 21:00:00,memory_utilization,70.417
2026-02-03 22:00:00,memory_utilization,80.566
2026-02-03 23:00:00,memory_utilization,67.736
2026-02-04 00:00:00,memory_utilization,66.299
2026-02-04 01:00:00,memory_utilization,67.787
2026-02-04 02:00:00,memory_utilization,62.914
2026-02-04 03:00:00,memory_utilization,62.517
2026-02-04 04:00:00,memory_utilization,69.615
2026-02-04 05:00:00,memory_utilization,67.335
2026-02-04 06:00:00,memory_utilization,70.591
2026-02-04 07:00:00,memory_utilization,73.302
2026-02-04 08:00:00,memory_utilization,82.944
2026-02-04 09:00:00,memory_utilization,82.295
2026-02-04 10:00:00,memory_utilization,85.475
2026-02-04 11:00:00,memory_utilization,91.856
2026-02-04 12:00:00,memory_utilization,90.086
2026-02-04 13:00:00,memory_utilization,90.622
2026-02-04 14:00:00,memory_utilization,94.792
2026-02-04 15:00:00,memory_utilization,95.39
2026-02-04 16:00:00,memory_utilization,90.133
2026-02-04 17:00:00,memory_utilization,89.382
2026-02-04 18:00:00,memory_utilization,82.603
2026-02-04 19:00:00,memory_utilization,79.332
2026-02-04 20:00:00,memory_utilization,84.394
2026-02-04 21:00:00,memory_utilization,79.685
2026-02-04 22:00:00,memory_utilization,76.86
2026-02-04 23:00:00,memory_utilization,73.521
2026-02-05 00:00:00,memory_utilization,70.459
2026-02-05 01:00:00,memory_utilization,72.529
2026-02-05 02:00:00,memory_utilization,73.332
2026-02-05 03:00:00,memory_utilization,73.639
2026-02-05 04:00:00,memory_utilization,69.796
2026-02-05 05:00:00,memory_utilization,79.16
2026-02-05 06:00:00,memory_utilization,75.87
2026-02-05 07:00:00,memory_utilization,80.802
2026-02-05 08:00:00,memory_utilization,82.174
2026-02-05 09:00:00,memory_utilization,85.123
2026-02-05 10:00:00,memory_utilization,83.121
2026-02-05 11:00:00,memory_utilization,92.81
2026-02-05 12:00:00,memory_utilization,99.0
2026-02-05 13:00:00,memory_utilization,90.571
2026-02-05 14:00:00,memory_utilization,93.227
2026-02-05 15:00:00,memory_utilization,90.25
2026-02-05 16:00:00,memory_utilization,88.86
2026-02-05 17:00:00,memory_utilization,97.134
2026-02-05 18:00:00,memory_utilization,83.579
2026-02-05 19:00:00,memory_utilization,81.697
2026-02-05 20:00:00,memory_utilization,73.043
2026-02-05 21:00:00,memory_utilization,74.104
2026-02-05 22:00:00,memory_utilization,66.474
2026-02-05 23:00:00,memory_utilization,75.708
2026-02-06 00:00:00,memory_utilization,84.658
2026-02-06 01:00:00,memory_utilization,67.645
2026-02-06 02:00:00,memory_utilization,60.754
2026-02-06 03:00:00,memory_utilization,74.015
2026-02-06 04:00:00,memory_utilization,67.097
2026-02-06 05:00:00,memory_utilization,79.153
2026-02-06 06:00:00,memory_utilization,73.75
2026-02-06 07:00:00,memory_utilization,74.913
2026-02-06 08:00:00,memory_utilization,80.306
2026-02-06 09:00:00,memory_utilization,88.109
2026-02-06 10:00:00,memory_utilization,86.095
2026-02-06 11:00:00,memory_utilization,87.252
2026-02-06 12:00:00,memory_utilization,90.666
2026-02-06 13:00:00,memory_utilization,86.518
2026-02-06 14:00:00,memory_utilization,95.289
2026-02-06 15:00:00,memory_utilization,83.979
2026-02-06 16:00:00,memory_utilization,89.512
2026-02-06 17:00:00,memory_utilization,93.64
2026-02-06 18:00:00,memory_utilization,88.891
2026-02-06 19:00:00,memory_utilization,87.451
2026-02-06 20:00:00,memory_utilization,81.087
2026-02-06 21:00:00,memory_utilization,84.173
2026-02-06 22:00:00,memory_utilization,80.071
2026-02-06 23:00:00,memory_utilization,75.211
2026-02-07 00:00:00,memory_utilization,70.654
2026-02-07 01:00:00,memory_utilization,68.588
2026-02-07 02:00:00,memory_utilization,62.248
2026-02-07 03:00:00,memory_utilization,58.152
2026-02-07 04:00:00,memory_utilization,68.191
2026-02-07 05:00:00,memory_utilization,70.744
2026-02-07 06:00:00,memory_utilization,75.969
2026-02-07 07:00:00,memory_utilization,68.748
2026-02-07 08:00:00,memory_utilization,72.021
2026-02-07 09:00:00,memory_utilization,81.976
2026-02-07 10:00:00,memory_utilization,82.233
2026-02-07 11:00:00,memory_utilization,75.663
2026-02-07 12:00:00,memory_utilization,88.893
2026-02-07 13:00:00,memory_utilization,78.972
2026-02-07 14:00:00,memory_utilization,83.935
2026-02-07 15:00:00,memory_utilization,95.029
2026-02-07 16:00:00,memory_utilization,96.214
2026-02-07 17:00:00,memory_utilization,79.122
2026-02-07 18:00:00,memory_utilization,81.086
2026-02-07 19:00:00,memory_utilization,80.07
2026-02-07 20:00:00,memory_utilization,85.675
2026-02-07 21:00:00,memory_utilization,71.217
2026-02-07 22:00:00,memory_utilization,68.421
2026-02-07 23:00:00,memory_utilization,76.081
2026-02-08 00:00:00,memory_utilization,64.575
2026-02-08 01:00:00,memory_utilization,68.879
2026-02-08 02:00:00,memory_utilization,57.491
2026-02-08 03:00:00,memory_utilization,64.448
2026-02-08 04:00:00,memory_utilization,58.223
2026-02-08 05:00:00,memory_utilization,63.169
2026-02-08 06:00:00,memory_utilization,75.145
2026-02-08 07:00:00,memory_utilization,73.612
2026-02-08 08:00:00,memory_utilization,75.389
2026-02-08 09:00:00,memory_utilization,76.365
2026-02-08 10:00:00,memory_utilization,81.918
2026-02-08 11:00:00,memory_utilization,87.03
2026-02-08 12:00:00,memory_utilization,92.364
2026-02-08 13:00:00,memory_utilization,75.54
2026-02-08 14:00:00,memory_utilization,84.934
2026-02-08 15:00:00,memory_utilization,89.498
2026-02-08 16:00:00,memory_utilization,87.027
2026-02-08 17:00:00,memory_utilization,87.649
2026-02-08 18:00:00,memory_utilization,84.503
2026-02-08 19:00:00,memory_utilization,78.764
2026-02-08 20:00:00,memory_utilization,74.567
2026-02-08 21:00:00,memory_utilization,72.886
2026-02-08 22:00:00,memory_utilization,76.981
2026-02-08 23:00:00,memory_utilization,65.11
2026-02-09 00:00:00,memory_utilization,71.642
2026-02-09 01:00:00,memory_utilization,71.692
2026-02-09 02:00:00,memory_utilization,78.186
2026-02-09 03:00:00,memory_utilization,69.309
2026-02-09 04:00:00,memory_utilization,76.822
2026-02-09 05:00:00,memory_utilization,80.113
2026-02-09 06:00:00,memory_utilization,76.137
2026-02-09 07:00:00,memory_utilization,78.315
2026-02-09 08:00:00,memory_utilization,80.847
2026-02-09 09:00:00,memory_utilization,84.337
2026-02-09 10:00:00,memory_utilization,92.799
2026-02-09 11:00:00,memory_utilization,92.186
2026-02-09 12:00:00,memory_utilization,94.133
2026-02-09 13:00:00,memory_utilization,88.547
2026-02-09 14:00:00,memory_utilization,89.763
2026-02-09 15:00:00,memory_utilization,99.0
2026-02-09 16:00:00,memory_utilization,92.139
2026-02-09 17:00:00,memory_utilization,87.265
2026-02-09 18:00:00,memory_utilization,95.827
2026-02-09 19:00:00,memory_utilization,87.205
2026-02-09 20:00:00,memory_utilization,85.599
2026-02-09 21:00:00,memory_utilization,78.93
2026-02-09 22:00:00,memory_utilization,75.151
2026-02-09 23:00:00,memory_utilization,73.429
2026-02-10 00:00:00,memory_utilization,65.474
2026-02-10 01:00:00,memory_utilization,70.767
2026-02-10 02:00:00,memory_utilization,72.296
2026-02-10 03:00:00,memory_utilization,80.495
2026-02-10 04:00:00,memory_utilization,72.89
2026-02-10 05:00:00,memory_utilization,62.714
2026-02-10 06:00:00,memory_utilization,76.418
2026-02-10 07:00:00,memory_utilization,93.498
2026-02-10 08:00:00,memory_utilization,87.256
2026-02-10 09:00:00,memory_utilization,81.993
2026-02-10 10:00:00,memory_utilization,91.916
2026-02-10 11:00:00,memory_utilization,87.753
2026-02-10 12:00:00,memory_utilization,86.619
2026-02-10 13:00:00,memory_utilization,92.863
2026-02-10 14:00:00,memory_utilization,95.49
2026-02-10 15:00:00,memory_utilization,85.28
2026-02-10 16:00:00,memory_utilization,87.715
2026-02-10 17:00:00,memory_utilization,91.623
2026-02-10 18:00:00,memory_utilization,87.063
2026-02-10 19:00:00,memory_utilization,88.202
2026-02-10 20:00:00,memory_utilization,77.067
2026-02-10 21:00:00,memory_utilization,83.623
2026-02-10 22:00:00,memory_utilization,71.257
2026-02-10 23:00:00,memory_utilization,82.922
2026-02-11 00:00:00,memory_utilization,64.241
2026-02-11 01:00:00,memory_utilization,66.176
2026-02-11 02:00:00,memory_utilization,73.335
2026-02-11 03:00:00,memory_utilization,79.996
2026-02-11 04:00:00,memory_utilization,74.467
2026-02-11 05:00:00,memory_utilization,77.631
2026-02-11 06:00:00,memory_utilization,77.408
2026-02-11 07:00:00,memory_utilization,75.1
2026-02-11 08:00:00,memory_utilization,80.905
2026-02-11 09:00:00,memory_utilization,80.42
2026-02-11 10:00:00,memory_utilization,82.998
2026-02-11 11:00:00,memory_utilization,93.904
2026-02-11 12:00:00,memory_utilization,88.204
2026-02-11 13:00:00,memory_utilization,96.635
2026-02-11 14:00:00,memory_utilization,88.955
2026-02-11 15:00:00,memory_utilization,96.555
2026-02-11 16:00:00,memory_utilization,91.449
2026-02-11 17:00:00,memory_utilization,99.0
2026-02-11 18:00:00,memory_utilization,91.155
2026-02-11 19:00:00,memory_utilization,92.839
2026-02-11 20:00:00,memory_utilization,79.794
2026-02-11 21:00:00,memory_utilization,80.765
2026-02-11 22:00:00,memory_utilization,72.703
2026-02-11 23:00:00,memory_utilization,73.073
2026-02-12 00:00:00,memory_utilization,71.941
2026-02-12 01:00:00,memory_utilization,68.442
2026-02-12 02:00:00,memory_utilization,65.602
2026-02-12 03:00:00,memory_utilization,65.039
2026-02-12 04:00:00,memory_utilization,61.625
2026-02-12 05:00:00,memory_utilization,69.967
2026-02-12 06:00:00,memory_utilization,80.889
2026-02-12 07:00:00,memory_utilization,72.672
2026-02-12 08:00:00,memory_utilization,76.947
2026-02-12 09:00:00,memory_utilization,95.866
2026-02-12 10:00:00,memory_utilization,86.642
2026-02-12 11:00:00,memory_utilization,93.933
2026-02-12 12:00:00,memory_utilization,97.464
2026-02-12 13:00:00,memory_utilization,98.782
2026-02-12 14:00:00,memory_utilization,88.284
2026-02-12 15:00:00,memory_utilization,94.35
2026-02-12 16:00:00,memory_utilization,86.233
2026-02-12 17:00:00,memory_utilization,99.0
2026-02-12 18:00:00,memory_utilization,81.994
2026-02-12 19:00:00,memory_utilization,81.853
2026-02-12 20:00:00,memory_utilization,78.801
2026-02-12 21:00:00,memory_utilization,73.433
2026-02-12 22:00:00,memory_utilization,84.803
2026-02-12 23:00:00,memory_utilization,87.685
2026-02-13 00:00:00,memory_utilization,71.305
2026-02-13 01:00:00,memory_utilization,65.901
2026-02-13 02:00:00,memory_utilization,60.927
2026-02-13 03:00:00,memory_utilization,71.318
2026-02-13 04:00:00,memory_utilization,72.174
2026-02-13 05:00:00,memory_utilization,72.424
2026-02-13 06:00:00,memory_utilization,79.291
2026-02-13 07:00:00,memory_utilization,83.072
2026-02-13 08:00:00,memory_utilization,85.835
2026-02-13 09:00:00,memory_utilization,85.763
2026-02-13 10:00:00,memory_utilization,84.748
2026-02-13 11:00:00,memory_utilization,96.088
2026-02-13 12:00:00,memory_utilization,94.747
2026-02-13 13:00:00,memory_utilization,99.0
2026-02-13 14:00:00,memory_utilization,99.0
2026-02-13 15:00:00,memory_utilization,88.828
2026-02-13 16:00:00,memory_utilization,87.585
2026-02-13 17:00:00,memory_utilization,89.09
2026-02-13 18:00:00,memory_utilization,85.119
2026-02-13 19:00:00,memory_utilization,91.3
2026-02-13 20:00:00,memory_utilization,86.193
2026-02-13 21:00:00,memory_utilization,86.844
2026-02-13 22:00:00,memory_utilization,80.454
2026-02-13 23:00:00,memory_utilization,77.048
2026-02-14 00:00:00,memory_utilization,75.039
2026-02-14 01:00:00,memory_utilization,70.209
2026-02-14 02:00:00,memory_utilization,67.81
2026-02-14 03:00:00,memory_utilization,75.298
2026-02-14 04:00:00,memory_utilization,69.689
2026-02-14 05:00:00,memory_utilization,69.516
2026-02-14 06:00:00,memory_utilization,69.352
2026-02-14 07:00:00,memory_utilization,79.968
2026-02-14 08:00:00,memory_utilization,85.762
2026-02-14 09:00:00,memory_utilization,82.448
2026-02-14 10:00:00,memory_utilization,92.153
2026-02-14 11:00:00,memory_utilization,78.266
2026-02-14 12:00:00,memory_utilization,89.764
2026-02-14 13:00:00,memory_utilization,91.058
2026-02-14 14:00:00,memory_utilization,88.05
2026-02-14 15:00:00,memory_utilization,99.0
2026-02-14 16:00:00,memory_utilization,89.782
2026-02-14 17:00:00,memory_utilization,86.186
2026-02-14 18:00:00,memory_utilization,85.887
2026-02-14 19:00:00,memory_utilization,72.867
2026-02-14 20:00:00,memory_utilization,75.994
2026-02-14 21:00:00,memory_utilization,81.621
2026-02-14 22:00:00,memory_utilization,70.684
2026-02-14 23:00:00,memory_utilization,67.217
2026-02-15 00:00:00,memory_utilization,76.02
2026-02-15 01:00:00,memory_utilization,74.993
2026-02-15 02:00:00,memory_utilization,70.486
2026-02-15 03:00:00,memory_utilization,66.052
2026-02-15 04:00:00,memory_utilization,68.347
2026-02-15 05:00:00,memory_utilization,67.449
2026-02-15 06:00:00,memory_utilization,68.999
2026-02-15 07:00:00,memory_utilization,71.663
2026-02-15 08:00:00,memory_utilization,76.919
2026-02-15 09:00:00,memory_utilization,77.959
2026-02-15 10:00:00,memory_utilization,78.226
2026-02-15 11:00:00,memory_utilization,89.645
2026-02-15 12:00:00,memory_utilization,91.646
2026-02-15 13:00:00,memory_utilization,99.0
2026-02-15 14:00:00,memory_utilization,88.775
2026-02-15 15:00:00,memory_utilization,93.207
2026-02-15 16:00:00,memory_utilization,92.109
2026-02-15 17:00:00,memory_utilization,87.387
2026-02-15 18:00:00,memory_utilization,89.911
2026-02-15 19:00:00,memory_utilization,87.189
2026-02-15 20:00:00,memory_utilization,81.862
2026-02-15 21:00:00,memory_utilization,75.859
2026-02-15 22:00:00,memory_utilization,72.473
2026-02-15 23:00:00,memory_utilization,64.955
2026-02-16 00:00:00,memory_utilization,70.95
2026-02-16 01:00:00,memory_utilization,70.689
2026-02-16 02:00:00,memory_utilization,67.788
2026-02-16 03:00:00,memory_utilization,76.035
2026-02-16 04:00:00,memory_utilization,81.035
2026-02-16 05:00:00,memory_utilization,72.436
2026-02-16 06:00:00,memory_utilization,80.897
2026-02-16 07:00:00,memory_utilization,77.222
2026-02-16 08:00:00,memory_utilization,83.991
2026-02-16 09:00:00,memory_utilization,85.188
2026-02-16 10:00:00,memory_utilization,94.561
2026-02-16 11:00:00,memory_utilization,90.661
2026-02-16 12:00:00,memory_utilization,99.0
2026-02-16 13:00:00,memory_utilization,95.969
2026-02-16 14:00:00,memory_utilization,94.376
2026-02-16 15:00:00,memory_utilization,90.967
2026-02-16 16:00:00,memory_utilization,97.318
2026-02-16 17:00:00,memory_utilization,98.639
2026-02-16 18:00:00,memory_utilization,93.063
2026-02-16 19:00:00,memory_utilization,99.0
2026-02-16 20:00:00,memory_utilization,92.881
2026-02-16 21:00:00,memory_utilization,81.107
2026-02-16 22:00:00,memory_utilization,78.178
2026-02-16 23:00:00,memory_utilization,79.649
2026-02-17 00:00:00,memory_utilization,71.222
2026-02-17 01:00:00,memory_utilization,80.062
2026-02-17 02:00:00,memory_utilization,75.648
2026-02-17 03:00:00,memory_utilization,75.549
2026-02-17 04:00:00,memory_utilization,78.918
2026-02-17 05:00:00,memory_utilization,86.023
2026-02-17 06:00:00,memory_utilization,80.767
2026-02-17 07:00:00,memory_utilization,82.259
2026-02-17 08:00:00,memory_utilization,93.492
2026-02-17 09:00:00,memory_utilization,93.91
2026-02-17 10:00:00,memory_utilization,90.379
2026-02-17 11:00:00,memory_utilization,94.513
2026-02-17 12:00:00,memory_utilization,97.389
2026-02-17 13:00:00,memory_utilization,99.0
2026-02-17 14:00:00,memory_utilization,91.273
2026-02-17 15:00:00,memory_utilization,89.953
2026-02-17 16:00:00,memory_utilization,92.047
2026-02-17 17:00:00,memory_utilization,89.772
2026-02-17 18:00:00,memory_utilization,88.909
2026-02-17 19:00:00,memory_utilization,92.425
2026-02-17 20:00:00,memory_utilization,85.319
2026-02-17 21:00:00,memory_utilization,84.058
2026-02-17 22:00:00,memory_utilization,74.078
2026-02-17 23:00:00,memory_utilization,75.425
2026-02-18 00:00:00,memory_utilization,78.78
2026-02-18 01:00:00,memory_utilization,77.638
2026-02-18 02:00:00,memory_utilization,70.649
2026-02-18 03:00:00,memory_utilization,75.507
2026-02-18 04:00:00,memory_utilization,86.91
2026-02-18 05:00:00,memory_utilization,77.753
2026-02-18 06:00:00,memory_utilization,76.878
2026-02-18 07:00:00,memory_utilization,82.387
2026-02-18 08:00:00,memory_utilization,86.841
2026-02-18 09:00:00,memory_utilization,88.748
2026-02-18 10:00:00,memory_utilization,92.259
2026-02-18 11:00:00,memory_utilization,87.702
2026-02-18 12:00:00,memory_utilization,92.031
2026-02-18 13:00:00,memory_utilization,97.314
2026-02-18 14:00:00,memory_utilization,97.662
2026-02-18 15:00:00,memory_utilization,95.266
2026-02-18 16:00:00,memory_utilization,96.031
2026-02-18 17:00:00,memory_utilization,95.332
2026-02-18 18:00:00,memory_utilization,97.007
2026-02-18 19:00:00,memory_utilization,89.188
2026-02-18 20:00:00,memory_utilization,88.592
2026-02-18 21:00:00,memory_utilization,80.8
2026-02-18 22:00:00,memory_utilization,83.492
2026-02-18 23:00:00,memory_utilization,80.043
2026-02-19 00:00:00,memory_utilization,80.605
2026-02-19 01:00:00,memory_utilization,78.662
2026-02-19 02:00:00,memory_utilization,77.648
2026-02-19 03:00:00,memory_utilization,74.639
2026-02-19 04:00:00,memory_utilization,77.572
2026-02-19 05:00:00,memory_utilization,83.59
2026-02-19 06:00:00,memory_utilization,77.516
2026-02-19 07:00:00,memory_utilization,80.546
2026-02-19 08:00:00,memory_utilization,87.719
2026-02-19 09:00:00,memory_utilization,92.012
2026-02-19 10:00:00,memory_utilization,88.727
2026-02-19 11:00:00,memory_utilization,94.977
2026-02-19 12:00:00,memory_utilization,96.806
2026-02-19 13:00:00,memory_utilization,87.417
2026-02-19 14:00:00,memory_utilization,97.822
2026-02-19 15:00:00,memory_utilization,97.743
2026-02-19 16:00:00,memory_utilization,96.547
2026-02-19 17:00:00,memory_utilization,99.0
2026-02-19 18:00:00,memory_utilization,86.913
2026-02-19 19:00:00,memory_utilization,85.993
2026-02-19 20:00:00,memory_utilization,73.967
2026-02-19 21:00:00,memory_utilization,81.536
2026-02-19 22:00:00,memory_utilization,79.086
2026-02-19 23:00:00,memory_utilization,76.047
2026-02-20 00:00:00,memory_utilization,82.246
2026-02-20 01:00:00,memory_utilization,79.83
2026-02-20 02:00:00,memory_utilization,75.525
2026-02-20 03:00:00,memory_utilization,73.71
2026-02-20 04:00:00,memory_utilization,81.911
2026-02-20 05:00:00,memory_utilization,78.606
2026-02-20 06:00:00,memory_utilization,77.117
2026-02-20 07:00:00,memory_utilization,75.539
2026-02-20 08:00:00,memory_utilization,85.037
2026-02-20 09:00:00,memory_utilization,94.141
2026-02-20 10:00:00,memory_utilization,99.0
2026-02-20 11:00:00,memory_utilization,96.091
2026-02-20 12:00:00,memory_utilization,93.882
2026-02-20 13:00:00,memory_utilization,93.0
2026-02-20 14:00:00,memory_utilization,99.0
2026-02-20 15:00:00,memory_utilization,90.138
2026-02-20 16:00:00,memory_utilization,99.0
2026-02-20 17:00:00,memory_utilization,99.0
2026-02-20 18:00:00,memory_utilization,95.605
2026-02-20 19:00:00,memory_utilization,89.45
2026-02-20 20:00:00,memory_utilization,90.285
2026-02-20 21:00:00,memory_utilization,85.227
2026-02-20 22:00:00,memory_utilization,77.605
2026-02-20 23:00:00,memory_utilization,88.281
2026-02-21 00:00:00,memory_utilization,70.306
2026-02-21 01:00:00,memory_utilization,74.763
2026-02-21 02:00:00,memory_utilization,58.4
2026-02-21 03:00:00,memory_utilization,77.302
2026-02-21 04:00:00,memory_utilization,79.481
2026-02-21 05:00:00,memory_utilization,74.211
2026-02-21 06:00:00,memory_utilization,79.359
2026-02-21 07:00:00,memory_utilization,82.27
2026-02-21 08:00:00,memory_utilization,79.387
2026-02-21 09:00:00,memory_utilization,88.46
2026-02-21 10:00:00,memory_utilization,84.594
2026-02-21 11:00:00,memory_utilization,88.096
2026-02-21 12:00:00,memory_utilization,98.7
2026-02-21 13:00:00,memory_utilization,99.0
2026-02-21 14:00:00,memory_utilization,91.177
2026-02-21 15:00:00,memory_utilization,90.65
2026-02-21 16:00:00,memory_utilization,89.909
2026-02-21 17:00:00,memory_utilization,94.911
2026-02-21 18:00:00,memory_utilization,83.781
2026-02-21 19:00:00,memory_utilization,87.688
2026-02-21 20:00:00,memory_utilization,86.551
2026-02-21 21:00:00,memory_utilization,79.288
2026-02-21 22:00:00,memory_utilization,81.903
2026-02-21 23:00:00,memory_utilization,72.864
2026-02-22 00:00:00,memory_utilization,71.427
2026-02-22 01:00:00,memory_utilization,66.43
2026-02-22 02:00:00,memory_utilization,76.011
2026-02-22 03:00:00,memory_utilization,67.519
2026-02-22 04:00:00,memory_utilization,74.318
2026-02-22 05:00:00,memory_utilization,74.137
2026-02-22 06:00:00,memory_utilization,71.733
2026-02-22 07:00:00,memory_utilization,76.864
2026-02-22 08:00:00,memory_utilization,89.947
2026-02-22 09:00:00,memory_utilization,87.165
2026-02-22 10:00:00,memory_utilization,84.023
2026-02-22 11:00:00,memory_utilization,93.099
2026-02-22 12:00:00,memory_utilization,92.767
2026-02-22 13:00:00,memory_utilization,99.0
2026-02-22 14:00:00,memory_utilization,96.567
2026-02-22 15:00:00,memory_utilization,92.847
2026-02-22 16:00:00,memory_utilization,99.0
2026-02-22 17:00:00,memory_utilization,82.475
2026-02-22 18:00:00,memory_utilization,89.685
2026-02-22 19:00:00,memory_utilization,96.309
2026-02-22 20:00:00,memory_utilization,82.668
2026-02-22 21:00:00,memory_utilization,71.495
2026-02-22 22:00:00,memory_utilization,75.305
2026-02-22 23:00:00,memory_utilization,82.09
2026-02-23 00:00:00,memory_utilization,79.884
2026-02-23 01:00:00,memory_utilization,72.629
2026-02-23 02:00:00,memory_utilization,73.006
2026-02-23 03:00:00,memory_utilization,74.06
2026-02-23 04:00:00,memory_utilization,79.882
2026-02-23 05:00:00,memory_utilization,86.692
2026-02-23 06:00:00,memory_utilization,87.766
2026-02-23 07:00:00,memory_utilization,87.696
2026-02-23 08:00:00,memory_utilization,81.882
2026-02-23 09:00:00,memory_utilization,85.024
2026-02-23 10:00:00,memory_utilization,97.242
2026-02-23 11:00:00,memory_utilization,90.352
2026-02-23 12:00:00,memory_utilization,97.876
2026-02-23 13:00:00,memory_utilization,99.0
2026-02-23 14:00:00,memory_utilization,94.96
2026-02-23 15:00:00,memory_utilization,95.136
2026-02-23 16:00:00,memory_utilization,98.606
2026-02-23 17:00:00,memory_utilization,99.0
2026-02-23 18:00:00,memory_utilization,99.0
2026-02-23 19:00:00,memory_utilization,94.879
2026-02-23 20:00:00,memory_utilization,89.124
2026-02-23 21:00:00,memory_utilization,81.937
2026-02-23 22:00:00,memory_utilization,77.437
2026-02-23 23:00:00,memory_utilization,77.77
2026-02-24 00:00:00,memory_utilization,80.485
2026-02-24 01:00:00,memory_utilization,78.938
2026-02-24 02:00:00,memory_utilization,66.364
2026-02-24 03:00:00,memory_utilization,73.363
2026-02-24 04:00:00,memory_utilization,84.53
2026-02-24 05:00:00,memory_utilization,80.829
2026-02-24 06:00:00,memory_utilization,75.851
2026-02-24 07:00:00,memory_utilization,97.627
2026-02-24 08:00:00,memory_utilization,88.827
2026-02-24 09:00:00,memory_utilization,94.017
2026-02-24 10:00:00,memory_utilization,97.006
2026-02-24 11:00:00,memory_utilization,95.673
2026-02-24 12:00:00,memory_utilization,95.798
2026-02-24 13:00:00,memory_utilization,99.0
2026-02-24 14:00:00,memory_utilization,99.0
2026-02-24 15:00:00,memory_utilization,99.0
2026-02-24 16:00:00,memory_utilization,99.0
2026-02-24 17:00:00,memory_utilization,92.603
2026-02-24 18:00:00,memory_utilization,99.0
2026-02-24 19:00:00,memory_utilization,88.06
2026-02-24 20:00:00,memory_utilization,90.604
2026-02-24 21:00:00,memory_utilization,77.903
2026-02-24 22:00:00,memory_utilization,73.02
2026-02-24 23:00:00,memory_utilization,82.348
2026-02-25 00:00:00,memory_utilization,74.822
2026-02-25 01:00:00,memory_utilization,67.741
2026-02-25 02:00:00,memory_utilization,79.999
2026-02-25 03:00:00,memory_utilization,88.323
2026-02-25 04:00:00,memory_utilization,85.887
2026-02-25 05:00:00,memory_utilization,79.578
2026-02-25 06:00:00,memory_utilization,83.412
2026-02-25 07:00:00,memory_utilization,90.719
2026-02-25 08:00:00,memory_utilization,95.015
2026-02-25 09:00:00,memory_utilization,90.81
2026-02-25 10:00:00,memory_utilization,95.611
2026-02-25 11:00:00,memory_utilization,99.0
2026-02-25 12:00:00,memory_utilization,99.0
2026-02-25 13:00:00,memory_utilization,99.0
2026-02-25 14:00:00,memory_utilization,99.0
2026-02-25 15:00:00,memory_utilization,99.0
2026-02-25 16:00:00,memory_utilization,99.0
2026-02-25 17:00:00,memory_utilization,99.0
2026-02-25 18:00:00,memory_utilization,99.0
2026-02-25 19:00:00,memory_utilization,90.776
2026-02-25 20:00:00,memory_utilization,97.735
2026-02-25 21:00:00,memory_utilization,89.245
2026-02-25 22:00:00,memory_utilization,99.0
2026-02-25 23:00:00,memory_utilization,75.226
2026-02-26 00:00:00,memory_utilization,75.853
2026-02-26 01:00:00,memory_utilization,80.213
2026-02-26 02:00:00,memory_utilization,79.714
2026-02-26 03:00:00,memory_utilization,87.906
2026-02-26 04:00:00,memory_utilization,76.03
2026-02-26 05:00:00,memory_utilization,85.821
2026-02-26 06:00:00,memory_utilization,89.612
2026-02-26 07:00:00,memory_utilization,90.235
2026-02-26 08:00:00,memory_utilization,85.031
2026-02-26 09:00:00,memory_utilization,99.0
2026-02-26 10:00:00,memory_utilization,99.0
2026-02-26 11:00:00,memory_utilization,99.0
2026-02-26 12:00:00,memory_utilization,99.0
2026-02-26 13:00:00,memory_utilization,99.0
2026-02-26 14:00:00,memory_utilization,99.0
2026-02-26 15:00:00,memory_utilization,99.0
2026-02-26 16:00:00,memory_utilization,99.0
2026-02-26 17:00:00,memory_utilization,94.241
2026-02-26 18:00:00,memory_utilization,90.773
2026-02-26 19:00:00,memory_utilization,89.38
2026-02-26 20:00:00,memory_utilization,91.163
2026-02-26 21:00:00,memory_utilization,86.829
2026-02-26 22:00:00,memory_utilization,85.165
2026-02-26 23:00:00,memory_utilization,84.125
2026-02-27 00:00:00,memory_utilization,76.595
2026-02-27 01:00:00,memory_utilization,85.879
2026-02-27 02:00:00,memory_utilization,76.821
2026-02-27 03:00:00,memory_utilization,76.42
2026-02-27 04:00:00,memory_utilization,82.216
2026-02-27 05:00:00,memory_utilization,72.546
2026-02-27 06:00:00,memory_utilization,80.279
2026-02-27 07:00:00,memory_utilization,92.05
2026-02-27 08:00:00,memory_utilization,81.581
2026-02-27 09:00:00,memory_utilization,98.98
2026-02-27 10:00:00,memory_utilization,99.0
2026-02-27 11:00:00,memory_utilization,96.96
2026-02-27 12:00:00,memory_utilization,99.0
2026-02-27 13:00:00,memory_utilization,99.0
2026-02-27 14:00:00,memory_utilization,99.0
2026-02-27 15:00:00,memory_utilization,99.0
2026-02-27 16:00:00,memory_utilization,97.449
2026-02-27 17:00:00,memory_utilization,96.527
2026-02-27 18:00:00,memory_utilization,92.451
2026-02-27 19:00:00,memory_utilization,95.285
2026-02-27 20:00:00,memory_utilization,96.274
2026-02-27 21:00:00,memory_utilization,86.476
2026-02-27 22:00:00,memory_utilization,78.164
2026-02-27 23:00:00,memory_utilization,76.639
2026-02-28 00:00:00,memory_utilization,77.062
2026-02-28 01:00:00,memory_utilization,83.128
2026-02-28 02:00:00,memory_utilization,75.486
2026-02-28 03:00:00,memory_utilization,72.009
2026-02-28 04:00:00,memory_utilization,78.992
2026-02-28 05:00:00,memory_utilization,75.888
2026-02-28 06:00:00,memory_utilization,77.698
2026-02-28 07:00:00,memory_utilization,77.709
2026-02-28 08:00:00,memory_utilization,92.667
2026-02-28 09:00:00,memory_utilization,76.053
2026-02-28 10:00:00,memory_utilization,95.65
2026-02-28 11:00:00,memory_utilization,91.846
2026-02-28 12:00:00,memory_utilization,94.038
2026-02-28 13:00:00,memory_utilization,99.0
2026-02-28 14:00:00,memory_utilization,94.162
2026-02-28 15:00:00,memory_utilization,93.942
2026-02-28 16:00:00,memory_utilization,95.509
2026-02-28 17:00:00,memory_utilization,96.342
2026-02-28 18:00:00,memory_utilization,89.596
2026-02-28 19:00:00,memory_utilization,81.06
2026-02-28 20:00:00,memory_utilization,81.513
2026-02-28 21:00:00,memory_utilization,89.16
2026-02-28 22:00:00,memory_utilization,80.251
2026-02-28 23:00:00,memory_utilization,79.665
2026-03-01 00:00:00,memory_utilization,74.214
2026-03-01 01:00:00,memory_utilization,71.042
2026-03-01 02:00:00,memory_utilization,82.337
2026-03-01 03:00:00,memory_utilization,73.435
2026-03-01 04:00:00,memory_utilization,73.376
2026-03-01 05:00:00,memory_utilization,82.998
2026-03-01 06:00:00,memory_utilization,76.409
2026-03-01 07:00:00,memory_utilization,79.96
2026-03-01 08:00:00,memory_utilization,86.108
2026-03-01 09:00:00,memory_utilization,89.182
2026-03-01 10:00:00,memory_utilization,93.391
2026-03-01 11:00:00,memory_utilization,99.0
2026-03-01 12:00:00,memory_utilization,98.203
2026-03-01 13:00:00,memory_utilization,85.848
2026-03-01 14:00:00,memory_utilization,99.0
2026-03-01 15:00:00,memory_utilization,97.964
2026-03-01 16:00:00,memory_utilization,96.811
2026-03-01 17:00:00,memory_utilization,95.934
2026-03-01 18:00:00,memory_utilization,92.094
2026-03-01 19:00:00,memory_utilization,89.098
2026-03-01 20:00:00,memory_utilization,89.338
2026-03-01 21:00:00,memory_utilization,80.475
2026-03-01 22:00:00,memory_utilization,75.571
2026-03-01 23:00:00,memory_utilization,92.961
2026-03-02 00:00:00,memory_utilization,77.448
2026-03-02 01:00:00,memory_utilization,80.348
2026-03-02 02:00:00,memory_utilization,71.978
2026-03-02 03:00:00,memory_utilization,80.465
2026-03-02 04:00:00,memory_utilization,76.434
2026-03-02 05:00:00,memory_utilization,80.812
2026-03-02 06:00:00,memory_utilization,90.753
2026-03-02 07:00:00,memory_utilization,90.8
2026-03-02 08:00:00,memory_utilization,94.406
2026-03-02 09:00:00,memory_utilization,85.832
2026-03-02 10:00:00,memory_utilization,99.0
2026-03-02 11:00:00,memory_utilization,94.144
2026-03-02 12:00:00,memory_utilization,99.0
2026-03-02 13:00:00,memory_utilization,99.0
2026-03-02 14:00:00,memory_utilization,99.0
2026-03-02 15:00:00,memory_utilization,99.0
2026-03-02 16:00:00,memory_utilization,99.0
2026-03-02 17:00:00,memory_utilization,97.857
2026-03-02 18:00:00,memory_utilization,97.889
2026-03-02 19:00:00,memory_utilization,93.618
2026-03-02 20:00:00,memory_utilization,81.587
2026-03-02 21:00:00,memory_utilization,94.301
2026-03-02 22:00:00,memory_utilization,85.41
2026-03-02 23:00:00,memory_utilization,80.925
2026-03-03 00:00:00,memory_utilization,78.658
2026-03-03 01:00:00,memory_utilization,82.071
2026-03-03 02:00:00,memory_utilization,75.419
2026-03-03 03:00:00,memory_utilization,69.039
2026-03-03 04:00:00,memory_utilization,83.567
2026-03-03 05:00:00,memory_utilization,86.052
2026-03-03 06:00:00,memory_utilization,84.962
2026-03-03 07:00:00,memory_utilization,83.133
2026-03-03 08:00:00,memory_utilization,92.441
2026-03-03 09:00:00,memory_utilization,87.797
2026-03-03 10:00:00,memory_utilization,92.896
2026-03-03 11:00:00,memory_utilization,96.782
2026-03-03 12:00:00,memory_utilization,99.0
2026-03-03 13:00:00,memory_utilization,99.0
2026-03-03 14:00:00,memory_utilization,99.0
2026-03-03 15:00:00,memory_utilization,99.0
2026-03-03 16:00:00,memory_utilization,99.0
2026-03-03 17:00:00,memory_utilization,99.0
2026-03-03 18:00:00,memory_utilization,96.327
2026-03-03 19:00:00,memory_utilization,92.318
2026-03-03 20:00:00,memory_utilization,81.28
2026-03-03 21:00:00,memory_utilization,93.968
2026-03-03 22:00:00,memory_utilization,88.49
2026-03-03 23:00:00,memory_utilization,82.885
2026-03-04 00:00:00,memory_utilization,81.206
2026-03-04 01:00:00,memory_utilization,84.392
2026-03-04 02:00:00,memory_utilization,72.546
2026-03-04 03:00:00,memory_utilization,77.797
2026-03-04 04:00:00,memory_utilization,76.282
2026-03-04 05:00:00,memory_utilization,92.746
2026-03-04 06:00:00,memory_utilization,90.77
2026-03-04 07:00:00,memory_utilization,78.291
2026-03-04 08:00:00,memory_utilization,84.859
2026-03-04 09:00:00,memory_utilization,94.89
2026-03-04 10:00:00,memory_utilization,96.102
2026-03-04 11:00:00,memory_utilization,94.345
2026-03-04 12:00:00,memory_utilization,99.0
2026-03-04 13:00:00,memory_utilization,99.0
2026-03-04 14:00:00,memory_utilization,99.0
2026-03-04 15:00:00,memory_utilization,99.0
2026-03-04 16:00:00,memory_utilization,99.0
2026-03-04 17:00:00,memory_utilization,99.0
2026-03-04 18:00:00,memory_utilization,97.191
2026-03-04 19:00:00,memory_utilization,98.787
2026-03-04 20:00:00,memory_utilization,84.499
2026-03-04 21:00:00,memory_utilization,97.541
2026-03-04 22:00:00,memory_utilization,87.592
2026-03-04 23:00:00,memory_utilization,90.617
2026-03-05 00:00:00,memory_utilization,76.947
2026-03-05 01:00:00,memory_utilization,76.527
2026-03-05 02:00:00,memory_utilization,74.942
2026-03-05 03:00:00,memory_utilization,82.43
2026-03-05 04:00:00,memory_utilization,82.726
2026-03-05 05:00:00,memory_utilization,81.999
2026-03-05 06:00:00,memory_utilization,81.754
2026-03-05 07:00:00,memory_utilization,83.403
2026-03-05 08:00:00,memory_utilization,92.618
2026-03-05 09:00:00,memory_utilization,93.656
2026-03-05 10:00:00,memory_utilization,95.468
2026-03-05 11:00:00,memory_utilization,99.0
2026-03-05 12:00:00,memory_utilization,99.0
2026-03-05 13:00:00,memory_utilization,99.0
2026-03-05 14:00:00,memory_utilization,99.0
2026-03-05 15:00:00,memory_utilization,99.0
2026-03-05 16:00:00,memory_utilization,99.0
2026-03-05 17:00:00,memory_utilization,93.019
2026-03-05 18:00:00,memory_utilization,99.0
2026-03-05 19:00:00,memory_utilization,95.488
2026-03-05 20:00:00,memory_utilization,96.808
2026-03-05 21:00:00,memory_utilization,86.228
2026-03-05 22:00:00,memory_utilization,86.288
2026-03-05 23:00:00,memory_utilization,80.31
2026-03-06 00:00:00,memory_utilization,88.936
2026-03-06 01:00:00,memory_utilization,83.132
2026-03-06 02:00:00,memory_utilization,83.019
2026-03-06 03:00:00,memory_utilization,88.402
2026-03-06 04:00:00,memory_utilization,88.609
2026-03-06 05:00:00,memory_utilization,88.579
2026-03-06 06:00:00,memory_utilization,80.147
2026-03-06 07:00:00,memory_utilization,86.69
2026-03-06 08:00:00,memory_utilization,88.273
2026-03-06 09:00:00,memory_utilization,99.0
2026-03-06 10:00:00,memory_utilization,99.0
2026-03-06 11:00:00,memory_utilization,94.879
2026-03-06 12:00:00,memory_utilization,99.0
2026-03-06 13:00:00,memory_utilization,97.503
2026-03-06 14:00:00,memory_utilization,99.0
2026-03-06 15:00:00,memory_utilization,96.732
2026-03-06 16:00:00,memory_utilization,99.0
2026-03-06 17:00:00,memory_utilization,99.0
2026-03-06 18:00:00,memory_utilization,99.0
2026-03-06 19:00:00,memory_utilization,99.0
2026-03-06 20:00:00,memory_utilization,91.393
2026-03-06 21:00:00,memory_utilization,94.511
2026-03-06 22:00:00,memory_utilization,80.556
2026-03-06 23:00:00,memory_utilization,80.264
2026-03-07 00:00:00,memory_utilization,79.778
2026-03-07 01:00:00,memory_utilization,66.141
2026-03-07 02:00:00,memory_utilization,76.355
2026-03-07 03:00:00,memory_utilization,71.867
2026-03-07 04:00:00,memory_utilization,78.691
2026-03-07 05:00:00,memory_utilization,74.721
2026-03-07 06:00:00,memory_utilization,84.734
2026-03-07 07:00:00,memory_utilization,85.622
2026-03-07 08:00:00,memory_utilization,95.651
2026-03-07 09:00:00,memory_utilization,91.807
2026-03-07 10:00:00,memory_utilization,90.842
2026-03-07 11:00:00,memory_utilization,95.954
2026-03-07 12:00:00,memory_utilization,92.392
2026-03-07 13:00:00,memory_utilization,99.0
2026-03-07 14:00:00,memory_utilization,99.0
2026-03-07 15:00:00,memory_utilization,99.0
2026-03-07 16:00:00,memory_utilization,96.076
2026-03-07 17:00:00,memory_utilization,95.957
2026-03-07 18:00:00,memory_utilization,91.95
2026-03-07 19:00:00,memory_utilization,93.013
2026-03-07 20:00:00,memory_utilization,90.773
2026-03-07 21:00:00,memory_utilization,85.51
2026-03-07 22:00:00,memory_utilization,88.333
2026-03-07 23:00:00,memory_utilization,77.349
2026-03-08 00:00:00,memory_utilization,83.476
2026-03-08 01:00:00,memory_utilization,80.056
2026-03-08 02:00:00,memory_utilization,76.913
2026-03-08 03:00:00,memory_utilization,75.825
2026-03-08 04:00:00,memory_utilization,90.75
2026-03-08 05:00:00,memory_utilization,76.457
2026-03-08 06:00:00,memory_utilization,84.535
2026-03-08 07:00:00,memory_utilization,82.206
2026-03-08 08:00:00,memory_utilization,98.009
2026-03-08 09:00:00,memory_utilization,96.639
2026-03-08 10:00:00,memory_utilization,91.725
2026-03-08 11:00:00,memory_utilization,99.0
2026-03-08 12:00:00,memory_utilization,99.0
2026-03-08 13:00:00,memory_utilization,98.179
2026-03-08 14:00:00,memory_utilization,99.0
2026-03-08 15:00:00,memory_utilization,99.0
2026-03-08 16:00:00,memory_utilization,99.0
2026-03-08 17:00:00,memory_utilization,97.519
2026-03-08 18:00:00,memory_utilization,97.416
2026-03-08 19:00:00,memory_utilization,93.532
2026-03-08 20:00:00,memory_utilization,89.592
2026-03-08 21:00:00,memory_utilization,83.004
2026-03-08 22:00:00,memory_utilization,91.802
2026-03-08 23:00:00,memory_utilization,75.614
2026-03-09 00:00:00,memory_utilization,86.19
2026-03-09 01:00:00,memory_utilization,81.27
2026-03-09 02:00:00,memory_utilization,91.278
2026-03-09 03:00:00,memory_utilization,78.389
2026-03-09 04:00:00,memory_utilization,80.447
2026-03-09 05:00:00,memory_utilization,81.2
2026-03-09 06:00:00,memory_utilization,90.169
2026-03-09 07:00:00,memory_utilization,84.599
2026-03-09 08:00:00,memory_utilization,92.195
2026-03-09 09:00:00,memory_utilization,86.95
2026-03-09 10:00:00,memory_utilization,99.0
2026-03-09 11:00:00,memory_utilization,99.0
2026-03-09 12:00:00,memory_utilization,97.612
2026-03-09 13:00:00,memory_utilization,99.0
2026-03-09 14:00:00,memory_utilization,99.0
2026-03-09 15:00:00,memory_utilization,99.0
2026-03-09 16:00:00,memory_utilization,99.0
2026-03-09 17:00:00,memory_utilization,99.0
2026-03-09 18:00:00,memory_utilization,99.0
2026-03-09 19:00:00,memory_utilization,92.852
2026-03-09 20:00:00,memory_utilization,90.219
2026-03-09 21:00:00,memory_utilization,94.744
2026-03-09 22:00:00,memory_utilization,87.528
2026-03-09 23:00:00,memory_utilization,85.526
2026-03-10 00:00:00,memory_utilization,90.845
2026-03-10 01:00:00,memory_utilization,79.559
2026-03-10 02:00:00,memory_utilization,83.368
2026-03-10 03:00:00,memory_utilization,88.112
2026-03-10 04:00:00,memory_utilization,88.601
2026-03-10 05:00:00,memory_utilization,85.683
2026-03-10 06:00:00,memory_utilization,87.539
2026-03-10 07:00:00,memory_utilization,83.202
2026-03-10 08:00:00,memory_utilization,89.739
2026-03-10 09:00:00,memory_utilization,99.0
2026-03-10 10:00:00,memory_utilization,99.0
2026-03-10 11:00:00,memory_utilization,99.0
2026-03-10 12:00:00,memory_utilization,99.0
2026-03-10 13:00:00,memory_utilization,99.0
2026-03-10 14:00:00,memory_utilization,99.0
2026-03-10 15:00:00,memory_utilization,99.0
2026-03-10 16:00:00,memory_utilization,99.0
2026-03-10 17:00:00,memory_utilization,99.0
2026-03-10 18:00:00,memory_utilization,99.0
2026-03-10 19:00:00,memory_utilization,99.0
2026-03-10 20:00:00,memory_utilization,99.0
2026-03-10 21:00:00,memory_utilization,84.654
2026-03-10 22:00:00,memory_utilization,89.233
2026-03-10 23:00:00,memory_utilization,88.636
2026-03-11 00:00:00,memory_utilization,80.343
2026-03-11 01:00:00,memory_utilization,85.238
2026-03-11 02:00:00,memory_utilization,77.811
2026-03-11 03:00:00,memory_utilization,87.224
2026-03-11 04:00:00,memory_utilization,90.277
2026-03-11 05:00:00,memory_utilization,88.274
2026-03-11 06:00:00,memory_utilization,80.152
2026-03-11 07:00:00,memory_utilization,87.494
2026-03-11 08:00:00,memory_utilization,98.276
2026-03-11 09:00:00,memory_utilization,98.682
2026-03-11 10:00:00,memory_utilization,88.018
2026-03-11 11:00:00,memory_utilization,99.0
2026-03-11 12:00:00,memory_utilization,99.0
2026-03-11 13:00:00,memory_utilization,99.0
2026-03-11 14:00:00,memory_utilization,99.0
2026-03-11 15:00:00,memory_utilization,99.0
2026-03-11 16:00:00,memory_utilization,99.0
2026-03-11 17:00:00,memory_utilization,99.0
2026-03-11 18:00:00,memory_utilization,99.0
2026-03-11 19:00:00,memory_utilization,99.0
2026-03-11 20:00:00,memory_utilization,97.467
2026-03-11 21:00:00,memory_utilization,94.892
2026-03-11 22:00:00,memory_utilization,93.661
2026-03-11 23:00:00,memory_utilization,80.952
2026-03-12 00:00:00,memory_utilization,88.568
2026-03-12 01:00:00,memory_utilization,80.497
2026-03-12 02:00:00,memory_utilization,85.368
2026-03-12 03:00:00,memory_utilization,83.066
2026-03-12 04:00:00,memory_utilization,87.926
2026-03-12 05:00:00,memory_utilization,87.935
2026-03-12 06:00:00,memory_utilization,74.483
2026-03-12 07:00:00,memory_utilization,93.655
2026-03-12 08:00:00,memory_utilization,99.0
2026-03-12 09:00:00,memory_utilization,99.0
2026-03-12 10:00:00,memory_utilization,99.0
2026-03-12 11:00:00,memory_utilization,99.0
2026-03-12 12:00:00,memory_utilization,99.0
2026-03-12 13:00:00,memory_utilization,99.0
2026-03-12 14:00:00,memory_utilization,99.0
2026-03-12 15:00:00,memory_utilization,99.0
2026-03-12 16:00:00,memory_utilization,99.0
2026-03-12 17:00:00,memory_utilization,92.34
2026-03-12 18:00:00,memory_utilization,99.0
2026-03-12 19:00:00,memory_utilization,99.0
2026-03-12 20:00:00,memory_utilization,94.335
2026-03-12 21:00:00,memory_utilization,97.018
2026-03-12 22:00:00,memory_utilization,90.88
2026-03-12 23:00:00,memory_utilization,94.109
2026-03-13 00:00:00,memory_utilization,84.304
2026-03-13 01:00:00,memory_utilization,86.937
2026-03-13 02:00:00,memory_utilization,86.737
2026-03-13 03:00:00,memory_utilization,92.143
2026-03-13 04:00:00,memory_utilization,77.319
2026-03-13 05:00:00,memory_utilization,85.485
2026-03-13 06:00:00,memory_utilization,94.523
2026-03-13 07:00:00,memory_utilization,99.0
2026-03-13 08:00:00,memory_utilization,97.516
2026-03-13 09:00:00,memory_utilization,97.976
2026-03-13 10:00:00,memory_utilization,99.0
2026-03-13 11:00:00,memory_utilization,99.0
2026-03-13 12:00:00,memory_utilization,99.0
2026-03-13 13:00:00,memory_utilization,99.0
2026-03-13 14:00:00,memory_utilization,99.0
2026-03-13 15:00:00,memory_utilization,99.0
2026-03-13 16:00:00,memory_utilization,99.0
2026-03-13 17:00:00,memory_utilization,99.0
2026-03-13 18:00:00,memory_utilization,99.0
2026-03-13 19:00:00,memory_utilization,99.0
2026-03-13 20:00:00,memory_utilization,95.954
2026-03-13 21:00:00,memory_utilization,94.392
2026-03-13 22:00:00,memory_utilization,85.279
2026-03-13 23:00:00,memory_utilization,94.586
2026-03-14 00:00:00,memory_utilization,75.436
2026-03-14 01:00:00,memory_utilization,77.795
2026-03-14 02:00:00,memory_utilization,80.053
2026-03-14 03:00:00,memory_utilization,89.947
2026-03-14 04:00:00,memory_utilization,79.095
2026-03-14 05:00:00,memory_utilization,79.804
2026-03-14 06:00:00,memory_utilization,82.883
2026-03-14 07:00:00,memory_utilization,96.844
2026-03-14 08:00:00,memory_utilization,77.611
2026-03-14 09:00:00,memory_utilization,89.783
2026-03-14 10:00:00,memory_utilization,99.0
2026-03-14 11:00:00,memory_utilization,99.0
2026-03-14 12:00:00,memory_utilization,96.607
2026-03-14 13:00:00,memory_utilization,99.0
2026-03-14 14:00:00,memory_utilization,99.0
2026-03-14 15:00:00,memory_utilization,99.0
2026-03-14 16:00:00,memory_utilization,99.0
2026-03-14 17:00:00,memory_utilization,99.0
2026-03-14 18:00:00,memory_utilization,95.154
2026-03-14 19:00:00,memory_utilization,98.912
2026-03-14 20:00:00,memory_utilization,88.398
2026-03-14 21:00:00,memory_utilization,83.634
2026-03-14 22:00:00,memory_utilization,77.125
2026-03-14 23:00:00,memory_utilization,75.632
2026-03-15 00:00:00,memory_utilization,77.086
2026-03-15 01:00:00,memory_utilization,74.499
2026-03-15 02:00:00,memory_utilization,81.563
2026-03-15 03:00:00,memory_utilization,74.427
2026-03-15 04:00:00,memory_utilization,65.922
2026-03-15 05:00:00,memory_utilization,78.346
2026-03-15 06:00:00,memory_utilization,83.71
2026-03-15 07:00:00,memory_utilization,85.954
2026-03-15 08:00:00,memory_utilization,99.0
2026-03-15 09:00:00,memory_utilization,92.161
2026-03-15 10:00:00,memory_utilization,99.0
2026-03-15 11:00:00,memory_utilization,99.0
2026-03-15 12:00:00,memory_utilization,99.0
2026-03-15 13:00:00,memory_utilization,99.0
2026-03-15 14:00:00,memory_utilization,99.0
2026-03-15 15:00:00,memory_utilization,99.0
2026-03-15 16:00:00,memory_utilization,99.0
2026-03-15 17:00:00,memory_utilization,99.0
2026-03-15 18:00:00,memory_utilization,93.562
2026-03-15 19:00:00,memory_utilization,99.0
2026-03-15 20:00:00,memory_utilization,94.455
2026-03-15 21:00:00,memory_utilization,86.993
2026-03-15 22:00:00,memory_utilization,87.084
2026-03-15 23:00:00,memory_utilization,83.471
2026-03-16 00:00:00,memory_utilization,82.738
2026-03-16 01:00:00,memory_utilization,86.247
2026-03-16 02:00:00,memory_utilization,82.399
2026-03-16 03:00:00,memory_utilization,81.206
2026-03-16 04:00:00,memory_utilization,79.034
2026-03-16 05:00:00,memory_utilization,87.28
2026-03-16 06:00:00,memory_utilization,94.411
2026-03-16 07:00:00,memory_utilization,91.015
2026-03-16 08:00:00,memory_utilization,99.0
2026-03-16 09:00:00,memory_utilization,99.0
2026-03-16 10:00:00,memory_utilization,99.0
2026-03-16 11:00:00,memory_utilization,99.0
2026-03-16 12:00:00,memory_utilization,99.0
2026-03-16 13:00:00,memory_utilization,99.0
2026-03-16 14:00:00,memory_utilization,96.916
2026-03-16 15:00:00,memory_utilization,99.0
2026-03-16 16:00:00,memory_utilization,99.0
2026-03-16 17:00:00,memory_utilization,99.0
2026-03-16 18:00:00,memory_utilization,99.0
2026-03-16 19:00:00,memory_utilization,99.0
2026-03-16 20:00:00,memory_utilization,99.0
2026-03-16 21:00:00,memory_utilization,98.735
2026-03-16 22:00:00,memory_utilization,87.166
2026-03-16 23:00:00,memory_utilization,83.92
2026-03-17 00:00:00,memory_utilization,95.578
2026-03-17 01:00:00,memory_utilization,86.831
2026-03-17 02:00:00,memory_utilization,82.82
2026-03-17 03:00:00,memory_utilization,83.256
2026-03-17 04:00:00,memory_utilization,84.334
2026-03-17 05:00:00,memory_utilization,85.96
2026-03-17 06:00:00,memory_utilization,85.592
2026-03-17 07:00:00,memory_utilization,87.418
2026-03-17 08:00:00,memory_utilization,97.069
2026-03-17 09:00:00,memory_utilization,98.203
2026-03-17 10:00:00,memory_utilization,99.0
2026-03-17 11:00:00,memory_utilization,99.0
2026-03-17 12:00:00,memory_utilization,99.0
2026-03-17 13:00:00,memory_utilization,99.0
2026-03-17 14:00:00,memory_utilization,99.0
2026-03-17 15:00:00,memory_utilization,99.0
2026-03-17 16:00:00,memory_utilization,99.0
2026-03-17 17:00:00,memory_utilization,99.0
2026-03-17 18:00:00,memory_utilization,99.0
2026-03-17 19:00:00,memory_utilization,99.0
2026-03-17 20:00:00,memory_utilization,99.0
2026-03-17 21:00:00,memory_utilization,92.723
2026-03-17 22:00:00,memory_utilization,83.233
2026-03-17 23:00:00,memory_utilization,91.171
2026-03-18 00:00:00,memory_utilization,91.566
2026-03-18 01:00:00,memory_utilization,89.636
2026-03-18 02:00:00,memory_utilization,88.479
2026-03-18 03:00:00,memory_utilization,85.052
2026-03-18 04:00:00,memory_utilization,83.978
2026-03-18 05:00:00,memory_utilization,92.695
2026-03-18 06:00:00,memory_utilization,94.572
2026-03-18 07:00:00,memory_utilization,92.548
2026-03-18 08:00:00,memory_utilization,99.0
2026-03-18 09:00:00,memory_utilization,97.186
2026-03-18 10:00:00,memory_utilization,99.0
2026-03-18 11:00:00,memory_utilization,99.0
2026-03-18 12:00:00,memory_utilization,99.0
2026-03-18 13:00:00,memory_utilization,99.0
2026-03-18 14:00:00,memory_utilization,99.0
2026-03-18 15:00:00,memory_utilization,99.0
2026-03-18 16:00:00,memory_utilization,95.284
2026-03-18 17:00:00,memory_utilization,99.0
2026-03-18 18:00:00,memory_utilization,99.0
2026-03-18 19:00:00,memory_utilization,99.0
2026-03-18 20:00:00,memory_utilization,99.0
2026-03-18 21:00:00,memory_utilization,99.0
2026-03-18 22:00:00,memory_utilization,91.12
2026-03-18 23:00:00,memory_utilization,84.972
2026-03-19 00:00:00,memory_utilization,89.996
2026-03-19 01:00:00,memory_utilization,85.558
2026-03-19 02:00:00,memory_utilization,86.02
2026-03-19 03:00:00,memory_utilization,85.768
2026-03-19 04:00:00,memory_utilization,99.0
2026-03-19 05:00:00,memory_utilization,79.165
2026-03-19 06:00:00,memory_utilization,90.93
2026-03-19 07:00:00,memory_utilization,95.766
2026-03-19 08:00:00,memory_utilization,95.002
2026-03-19 09:00:00,memory_utilization,99.0
2026-03-19 10:00:00,memory_utilization,99.0
2026-03-19 11:00:00,memory_utilization,99.0
2026-03-19 12:00:00,memory_utilization,99.0
2026-03-19 13:00:00,memory_utilization,99.0
2026-03-19 14:00:00,memory_utilization,99.0
2026-03-19 15:00:00,memory_utilization,99.0
2026-03-19 16:00:00,memory_utilization,99.0
2026-03-19 17:00:00,memory_utilization,99.0
2026-03-19 18:00:00,memory_utilization,99.0
2026-03-19 19:00:00,memory_utilization,96.061
2026-03-19 20:00:00,memory_utilization,93.871
2026-03-19 21:00:00,memory_utilization,87.294
2026-03-19 22:00:00,memory_utilization,97.492
2026-03-19 23:00:00,memory_utilization,91.944
2026-03-20 00:00:00,memory_utilization,91.33
2026-03-20 01:00:00,memory_utilization,80.475
2026-03-20 02:00:00,memory_utilization,96.157
2026-03-20 03:00:00,memory_utilization,84.615
2026-03-20 04:00:00,memory_utilization,89.717
2026-03-20 05:00:00,memory_utilization,95.073
2026-03-20 06:00:00,memory_utilization,88.369
2026-03-20 07:00:00,memory_utilization,93.485
2026-03-20 08:00:00,memory_utilization,99.0
2026-03-20 09:00:00,memory_utilization,99.0
2026-03-20 10:00:00,memory_utilization,99.0
2026-03-20 11:00:00,memory_utilization,99.0
2026-03-20 12:00:00,memory_utilization,99.0
2026-03-20 13:00:00,memory_utilization,99.0
2026-03-20 14:00:00,memory_utilization,99.0
2026-03-20 15:00:00,memory_utilization,99.0
2026-03-20 16:00:00,memory_utilization,99.0
2026-03-20 17:00:00,memory_utilization,99.0
2026-03-20 18:00:00,memory_utilization,99.0
2026-03-20 19:00:00,memory_utilization,89.393
2026-03-20 20:00:00,memory_utilization,97.853
2026-03-20 21:00:00,memory_utilization,99.0
2026-03-20 22:00:00,memory_utilization,92.407
2026-03-20 23:00:00,memory_utilization,94.7
2026-03-21 00:00:00,memory_utilization,79.911
2026-03-21 01:00:00,memory_utilization,76.45
2026-03-21 02:00:00,memory_utilization,82.232
2026-03-21 03:00:00,memory_utilization,83.174
2026-03-21 04:00:00,memory_utilization,82.491
2026-03-21 05:00:00,memory_utilization,92.294
2026-03-21 06:00:00,memory_utilization,84.41
2026-03-21 07:00:00,memory_utilization,93.139
2026-03-21 08:00:00,memory_utilization,95.037
2026-03-21 09:00:00,memory_utilization,90.037
2026-03-21 10:00:00,memory_utilization,94.138
2026-03-21 11:00:00,memory_utilization,99.0
2026-03-21 12:00:00,memory_utilization,99.0
2026-03-21 13:00:00,memory_utilization,99.0
2026-03-21 14:00:00,memory_utilization,98.177
2026-03-21 15:00:00,memory_utilization,90.862
2026-03-21 16:00:00,memory_utilization,99.0
2026-03-21 17:00:00,memory_utilization,99.0
2026-03-21 18:00:00,memory_utilization,99.0
2026-03-21 19:00:00,memory_utilization,93.597
2026-03-21 20:00:00,memory_utilization,96.664
2026-03-21 21:00:00,memory_utilization,96.056
2026-03-21 22:00:00,memory_utilization,86.712
2026-03-21 23:00:00,memory_utilization,84.351
2026-03-22 00:00:00,memory_utilization,84.719
2026-03-22 01:00:00,memory_utilization,86.125
2026-03-22 02:00:00,memory_utilization,82.949
2026-03-22 03:00:00,memory_utilization,88.318
2026-03-22 04:00:00,memory_utilization,82.355
2026-03-22 05:00:00,memory_utilization,79.948
2026-03-22 06:00:00,memory_utilization,98.978
2026-03-22 07:00:00,memory_utilization,88.982
2026-03-22 08:00:00,memory_utilization,92.287
2026-03-22 09:00:00,memory_utilization,97.924
2026-03-22 10:00:00,memory_utilization,99.0
2026-03-22 11:00:00,memory_utilization,99.0
2026-03-22 12:00:00,memory_utilization,99.0
2026-03-22 13:00:00,memory_utilization,99.0
2026-03-22 14:00:00,memory_utilization,99.0
2026-03-22 15:00:00,memory_utilization,95.059
2026-03-22 16:00:00,memory_utilization,99.0
2026-03-22 17:00:00,memory_utilization,99.0
2026-03-22 18:00:00,memory_utilization,99.0
2026-03-22 19:00:00,memory_utilization,91.542
2026-03-22 20:00:00,memory_utilization,92.99
2026-03-22 21:00:00,memory_utilization,88.896
2026-03-22 22:00:00,memory_utilization,96.73
2026-03-22 23:00:00,memory_utilization,83.985
2026-03-23 00:00:00,memory_utilization,93.89
2026-03-23 01:00:00,memory_utilization,85.667
2026-03-23 02:00:00,memory_utilization,86.265
2026-03-23 03:00:00,memory_utilization,87.727
2026-03-23 04:00:00,memory_utilization,96.591
2026-03-23 05:00:00,memory_utilization,82.647
2026-03-23 06:00:00,memory_utilization,88.022
2026-03-23 07:00:00,memory_utilization,87.776
2026-03-23 08:00:00,memory_utilization,95.198
2026-03-23 09:00:00,memory_utilization,99.0
2026-03-23 10:00:00,memory_utilization,98.6
2026-03-23 11:00:00,memory_utilization,99.0
2026-03-23 12:00:00,memory_utilization,99.0
2026-03-23 13:00:00,memory_utilization,99.0
2026-03-23 14:00:00,memory_utilization,99.0
2026-03-23 15:00:00,memory_utilization,99.0
2026-03-23 16:00:00,memory_utilization,99.0
2026-03-23 17:00:00,memory_utilization,99.0
2026-03-23 18:00:00,memory_utilization,99.0
2026-03-23 19:00:00,memory_utilization,98.244
2026-03-23 20:00:00,memory_utilization,99.0
2026-03-23 21:00:00,memory_utilization,99.0
2026-03-23 22:00:00,memory_utilization,99.0
2026-03-23 23:00:00,memory_utilization,95.574
2026-03-24 00:00:00,memory_utilization,86.844
2026-03-24 01:00:00,memory_utilization,89.474
2026-03-24 02:00:00,memory_utilization,87.353
2026-03-24 03:00:00,memory_utilization,88.381
2026-03-24 04:00:00,memory_utilization,99.0
2026-03-24 05:00:00,memory_utilization,83.719
2026-03-24 06:00:00,memory_utilization,93.859
2026-03-24 07:00:00,memory_utilization,99.0
2026-03-24 08:00:00,memory_utilization,93.739
2026-03-24 09:00:00,memory_utilization,99.0
2026-03-24 10:00:00,memory_utilization,99.0
2026-03-24 11:00:00,memory_utilization,99.0
2026-03-24 12:00:00,memory_utilization,99.0
2026-03-24 13:00:00,memory_utilization,99.0
2026-03-24 14:00:00,memory_utilization,99.0
2026-03-24 15:00:00,memory_utilization,99.0
2026-03-24 16:00:00,memory_utilization,99.0
2026-03-24 17:00:00,memory_utilization,99.0
2026-03-24 18:00:00,memory_utilization,99.0
2026-03-24 19:00:00,memory_utilization,99.0
2026-03-24 20:00:00,memory_utilization,99.0
2026-03-24 21:00:00,memory_utilization,98.675
2026-03-24 22:00:00,memory_utilization,89.382
2026-03-24 23:00:00,memory_utilization,93.754
2026-03-25 00:00:00,memory_utilization,84.205
2026-03-25 01:00:00,memory_utilization,83.788
2026-03-25 02:00:00,memory_utilization,84.186
2026-03-25 03:00:00,memory_utilization,87.597
2026-03-25 04:00:00,memory_utilization,95.721
2026-03-25 05:00:00,memory_utilization,95.853
2026-03-25 06:00:00,memory_utilization,98.079
2026-03-25 07:00:00,memory_utilization,92.882
2026-03-25 08:00:00,memory_utilization,98.793
2026-03-25 09:00:00,memory_utilization,99.0
2026-03-25 10:00:00,memory_utilization,99.0
2026-03-25 11:00:00,memory_utilization,99.0
2026-03-25 12:00:00,memory_utilization,99.0
2026-03-25 13:00:00,memory_utilization,99.0
2026-03-25 14:00:00,memory_utilization,99.0
2026-03-25 15:00:00,memory_utilization,99.0
2026-03-25 16:00:00,memory_utilization,99.0
2026-03-25 17:00:00,memory_utilization,99.0
2026-03-25 18:00:00,memory_utilization,99.0
2026-03-25 19:00:00,memory_utilization,97.468
2026-03-25 20:00:00,memory_utilization,96.205
2026-03-25 21:00:00,memory_utilization,94.46
2026-03-25 22:00:00,memory_utilization,91.478
2026-03-25 23:00:00,memory_utilization,92.833
2026-03-26 00:00:00,memory_utilization,94.469
2026-03-26 01:00:00,memory_utilization,96.491
2026-03-26 02:00:00,memory_utilization,91.365
2026-03-26 03:00:00,memory_utilization,88.022
2026-03-26 04:00:00,memory_utilization,81.056
2026-03-26 05:00:00,memory_utilization,93.746
2026-03-26 06:00:00,memory_utilization,96.025
2026-03-26 07:00:00,memory_utilization,99.0
2026-03-26 08:00:00,memory_utilization,99.0
2026-03-26 09:00:00,memory_utilization,99.0
2026-03-26 10:00:00,memory_utilization,99.0
2026-03-26 11:00:00,memory_utilization,99.0
2026-03-26 12:00:00,memory_utilization,99.0
2026-03-26 13:00:00,memory_utilization,99.0
2026-03-26 14:00:00,memory_utilization,99.0
2026-03-26 15:00:00,memory_utilization,99.0
2026-03-26 16:00:00,memory_utilization,99.0
2026-03-26 17:00:00,memory_utilization,99.0
2026-03-26 18:00:00,memory_utilization,99.0
2026-03-26 19:00:00,memory_utilization,99.0
2026-03-26 20:00:00,memory_utilization,93.503
2026-03-26 21:00:00,memory_utilization,98.803
2026-03-26 22:00:00,memory_utilization,97.59
2026-03-26 23:00:00,memory_utilization,98.581
2026-03-27 00:00:00,memory_utilization,90.14
2026-03-27 01:00:00,memory_utilization,94.787
2026-03-27 02:00:00,memory_utilization,91.192
2026-03-27 03:00:00,memory_utilization,84.108
2026-03-27 04:00:00,memory_utilization,84.824
2026-03-27 05:00:00,memory_utilization,99.0
2026-03-27 06:00:00,memory_utilization,99.0
2026-03-27 07:00:00,memory_utilization,99.0
2026-03-27 08:00:00,memory_utilization,99.0
2026-03-27 09:00:00,memory_utilization,99.0
2026-03-27 10:00:00,memory_utilization,99.0
2026-03-27 11:00:00,memory_utilization,99.0
2026-03-27 12:00:00,memory_utilization,99.0
2026-03-27 13:00:00,memory_utilization,99.0
2026-03-27 14:00:00,memory_utilization,99.0
2026-03-27 15:00:00,memory_utilization,99.0
2026-03-27 16:00:00,memory_utilization,99.0
2026-03-27 17:00:00,memory_utilization,99.0
2026-03-27 18:00:00,memory_utilization,99.0
2026-03-27 19:00:00,memory_utilization,99.0
2026-03-27 20:00:00,memory_utilization,99.0
2026-03-27 21:00:00,memory_utilization,96.884
2026-03-27 22:00:00,memory_utilization,95.294
2026-03-27 23:00:00,memory_utilization,90.364
2026-03-28 00:00:00,memory_utilization,86.379
2026-03-28 01:00:00,memory_utilization,95.451
2026-03-28 02:00:00,memory_utilization,92.538
2026-03-28 03:00:00,memory_utilization,87.812
2026-03-28 04:00:00,memory_utilization,87.13
2026-03-28 05:00:00,memory_utilization,93.403
2026-03-28 06:00:00,memory_utilization,97.335
2026-03-28 07:00:00,memory_utilization,90.448
2026-03-28 08:00:00,memory_utilization,97.334
2026-03-28 09:00:00,memory_utilization,91.735
2026-03-28 10:00:00,memory_utilization,99.0
2026-03-28 11:00:00,memory_utilization,99.0
2026-03-28 12:00:00,memory_utilization,99.0
2026-03-28 13:00:00,memory_utilization,98.777
2026-03-28 14:00:00,memory_utilization,99.0
2026-03-28 15:00:00,memory_utilization,99.0
2026-03-28 16:00:00,memory_utilization,99.0
2026-03-28 17:00:00,memory_utilization,99.0
2026-03-28 18:00:00,memory_utilization,99.0
2026-03-28 19:00:00,memory_utilization,98.584
2026-03-28 20:00:00,memory_utilization,94.689
2026-03-28 21:00:00,memory_utilization,95.478
2026-03-28 22:00:00,memory_utilization,89.926
2026-03-28 23:00:00,memory_utilization,83.96
2026-03-29 00:00:00,memory_utilization,85.954
2026-03-29 01:00:00,memory_utilization,88.134
2026-03-29 02:00:00,memory_utilization,85.154
2026-03-29 03:00:00,memory_utilization,79.404
2026-03-29 04:00:00,memory_utilization,92.634
2026-03-29 05:00:00,memory_utilization,75.92
2026-03-29 06:00:00,memory_utilization,89.885
2026-03-29 07:00:00,memory_utilization,91.928
2026-03-29 08:00:00,memory_utilization,98.894
2026-03-29 09:00:00,memory_utilization,99.0
2026-03-29 10:00:00,memory_utilization,99.0
2026-03-29 11:00:00,memory_utilization,99.0
2026-03-29 12:00:00,memory_utilization,99.0
2026-03-29 13:00:00,memory_utilization,99.0
2026-03-29 14:00:00,memory_utilization,99.0
2026-03-29 15:00:00,memory_utilization,99.0
2026-03-29 16:00:00,memory_utilization,99.0
2026-03-29 17:00:00,memory_utilization,99.0
2026-03-29 18:00:00,memory_utilization,99.0
2026-03-29 19:00:00,memory_utilization,99.0
2026-03-29 20:00:00,memory_utilization,95.896
2026-03-29 21:00:00,memory_utilization,99.0
2026-03-29 22:00:00,memory_utilization,84.603
2026-03-29 23:00:00,memory_utilization,89.609
2026-03-30 00:00:00,memory_utilization,90.304
2026-03-30 01:00:00,memory_utilization,88.556
2026-03-30 02:00:00,memory_utilization,93.696
2026-03-30 03:00:00,memory_utilization,97.366
2026-03-30 04:00:00,memory_utilization,91.479
2026-03-30 05:00:00,memory_utilization,99.0
2026-03-30 06:00:00,memory_utilization,97.873
2026-03-30 07:00:00,memory_utilization,96.073
2026-03-30 08:00:00,memory_utilization,99.0
2026-03-30 09:00:00,memory_utilization,99.0
2026-03-30 10:00:00,memory_utilization,99.0
2026-03-30 11:00:00,memory_utilization,99.0
2026-03-30 12:00:00,memory_utilization,99.0
2026-03-30 13:00:00,memory_utilization,99.0
2026-03-30 14:00:00,memory_utilization,99.0
2026-03-30 15:00:00,memory_utilization,99.0
2026-03-30 16:00:00,memory_utilization,99.0
2026-03-30 17:00:00,memory_utilization,99.0
2026-03-30 18:00:00,memory_utilization,99.0
2026-03-30 19:00:00,memory_utilization,99.0
2026-03-30 20:00:00,memory_utilization,96.818
2026-03-30 21:00:00,memory_utilization,99.0
2026-03-30 22:00:00,memory_utilization,99.0
2026-03-30 23:00:00,memory_utilization,93.349
2026-03-31 00:00:00,memory_utilization,88.886
2026-03-31 01:00:00,memory_utilization,89.823
2026-03-31 02:00:00,memory_utilization,86.031
2026-03-31 03:00:00,memory_utilization,96.828
2026-03-31 04:00:00,memory_utilization,89.744
2026-03-31 05:00:00,memory_utilization,99.0
2026-03-31 06:00:00,memory_utilization,96.053
2026-03-31 07:00:00,memory_utilization,95.751
2026-03-31 08:00:00,memory_utilization,99.0
2026-03-31 09:00:00,memory_utilization,94.095
2026-03-31 10:00:00,memory_utilization,99.0
2026-03-31 11:00:00,memory_utilization,99.0
2026-03-31 12:00:00,memory_utilization,99.0
2026-03-31 13:00:00,memory_utilization,99.0
2026-03-31 14:00:00,memory_utilization,99.0
2026-03-31 15:00:00,memory_utilization,99.0
2026-03-31 16:00:00,memory_utilization,99.0
2026-03-31 17:00:00,memory_utilization,99.0
2026-03-31 18:00:00,memory_utilization,99.0
2026-03-31 19:00:00,memory_utilization,99.0
2026-03-31 20:00:00,memory_utilization,99.0
2026-03-31 21:00:00,memory_utilization,97.364
2026-03-31 22:00:00,memory_utilization,90.087
2026-03-31 23:00:00,memory_utilization,90.256
2026-04-01 00:00:00,memory_utilization,94.015
2026-04-01 01:00:00,memory_utilization,88.685
2026-04-01 02:00:00,memory_utilization,94.296
2026-04-01 03:00:00,memory_utilization,83.802
2026-04-01 04:00:00,memory_utilization,83.424
2026-04-01 05:00:00,memory_utilization,99.0
2026-04-01 06:00:00,memory_utilization,99.0
2026-04-01 07:00:00,memory_utilization,96.154
2026-04-01 08:00:00,memory_utilization,99.0
2026-04-01 09:00:00,memory_utilization,99.0
2026-04-01 10:00:00,memory_utilization,99.0
2026-04-01 11:00:00,memory_utilization,99.0
2026-04-01 12:00:00,memory_utilization,99.0
2026-04-01 13:00:00,memory_utilization,99.0
2026-04-01 14:00:00,memory_utilization,99.0
2026-04-01 15:00:00,memory_utilization,99.0
2026-04-01 16:00:00,memory_utilization,99.0
2026-04-01 17:00:00,memory_utilization,99.0
2026-04-01 18:00:00,memory_utilization,99.0
2026-04-01 19:00:00,memory_utilization,99.0
2026-04-01 20:00:00,memory_utilization,99.0
2026-04-01 21:00:00,memory_utilization,99.0
2026-04-01 22:00:00,memory_utilization,93.894
2026-04-01 23:00:00,memory_utilization,95.218
2026-04-02 00:00:00,memory_utilization,92.943
2026-04-02 01:00:00,memory_utilization,95.029
2026-04-02 02:00:00,memory_utilization,82.252
2026-04-02 03:00:00,memory_utilization,97.729
2026-04-02 04:00:00,memory_utilization,91.107
2026-04-02 05:00:00,memory_utilization,99.0
2026-04-02 06:00:00,memory_utilization,96.529
2026-04-02 07:00:00,memory_utilization,99.0
2026-04-02 08:00:00,memory_utilization,99.0
2026-04-02 09:00:00,memory_utilization,99.0
2026-04-02 10:00:00,memory_utilization,99.0
2026-04-02 11:00:00,memory_utilization,99.0
2026-04-02 12:00:00,memory_utilization,99.0
2026-04-02 13:00:00,memory_utilization,99.0
2026-04-02 14:00:00,memory_utilization,99.0
2026-04-02 15:00:00,memory_utilization,99.0
2026-04-02 16:00:00,memory_utilization,99.0
2026-04-02 17:00:00,memory_utilization,99.0
2026-04-02 18:00:00,memory_utilization,99.0
2026-04-02 19:00:00,memory_utilization,99.0
2026-04-02 20:00:00,memory_utilization,99.0
2026-04-02 21:00:00,memory_utilization,99.0
2026-04-02 22:00:00,memory_utilization,94.329
2026-04-02 23:00:00,memory_utilization,93.071
2026-04-03 00:00:00,memory_utilization,87.67
2026-04-03 01:00:00,memory_utilization,99.0
2026-04-03 02:00:00,memory_utilization,94.803
2026-04-03 03:00:00,memory_utilization,96.106
2026-04-03 04:00:00,memory_utilization,88.223
2026-04-03 05:00:00,memory_utilization,96.843
2026-04-03 06:00:00,memory_utilization,99.0
2026-04-03 07:00:00,memory_utilization,99.0
2026-04-03 08:00:00,memory_utilization,99.0
2026-04-03 09:00:00,memory_utilization,99.0
2026-04-03 10:00:00,memory_utilization,99.0
2026-04-03 11:00:00,memory_utilization,99.0
2026-04-03 12:00:00,memory_utilization,99.0
2026-04-03 13:00:00,memory_utilization,99.0
2026-04-03 14:00:00,memory_utilization,99.0
2026-04-03 15:00:00,memory_utilization,99.0
2026-04-03 16:00:00,memory_utilization,99.0
2026-04-03 17:00:00,memory_utilization,99.0
2026-04-03 18:00:00,memory_utilization,99.0
2026-04-03 19:00:00,memory_utilization,99.0
2026-04-03 20:00:00,memory_utilization,99.0
2026-04-03 21:00:00,memory_utilization,99.0
2026-04-03 22:00:00,memory_utilization,98.7
2026-04-03 23:00:00,memory_utilization,95.998
2026-04-04 00:00:00,memory_utilization,90.262
2026-04-04 01:00:00,memory_utilization,93.005
2026-04-04 02:00:00,memory_utilization,96.869
2026-04-04 03:00:00,memory_utilization,91.991
2026-04-04 04:00:00,memory_utilization,94.297
2026-04-04 05:00:00,memory_utilization,91.206
2026-04-04 06:00:00,memory_utilization,91.17
2026-04-04 07:00:00,memory_utilization,99.0
2026-04-04 08:00:00,memory_utilization,99.0
2026-04-04 09:00:00,memory_utilization,96.756
2026-04-04 10:00:00,memory_utilization,99.0
2026-04-04 11:00:00,memory_utilization,99.0
2026-04-04 12:00:00,memory_utilization,99.0
2026-04-04 13:00:00,memory_utilization,99.0
2026-04-04 14:00:00,memory_utilization,99.0
2026-04-04 15:00:00,memory_utilization,99.0
2026-04-04 16:00:00,memory_utilization,99.0
2026-04-04 17:00:00,memory_utilization,99.0
2026-04-04 18:00:00,memory_utilization,99.0
2026-04-04 19:00:00,memory_utilization,99.0
2026-04-04 20:00:00,memory_utilization,99.0
2026-04-04 21:00:00,memory_utilization,91.038
2026-04-04 22:00:00,memory_utilization,92.299
2026-04-04 23:00:00,memory_utilization,90.913
2026-04-05 00:00:00,memory_utilization,92.708
2026-04-05 01:00:00,memory_utilization,91.767
2026-04-05 02:00:00,memory_utilization,86.162
2026-04-05 03:00:00,memory_utilization,91.84
2026-04-05 04:00:00,memory_utilization,89.802
2026-04-05 05:00:00,memory_utilization,78.29
2026-04-05 06:00:00,memory_utilization,92.717
2026-04-05 07:00:00,memory_utilization,99.0
2026-04-05 08:00:00,memory_utilization,92.768
2026-04-05 09:00:00,memory_utilization,99.0
2026-04-05 10:00:00,memory_utilization,99.0
2026-04-05 11:00:00,memory_utilization,99.0
2026-04-05 12:00:00,memory_utilization,99.0
2026-04-05 13:00:00,memory_utilization,99.0
2026-04-05 14:00:00,memory_utilization,99.0
2026-04-05 15:00:00,memory_utilization,99.0
2026-04-05 16:00:00,memory_utilization,99.0
2026-04-05 17:00:00,memory_utilization,99.0
2026-04-05 18:00:00,memory_utilization,99.0
2026-04-05 19:00:00,memory_utilization,99.0
2026-04-05 20:00:00,memory_utilization,98.157
2026-04-05 21:00:00,memory_utilization,99.0
2026-04-05 22:00:00,memory_utilization,92.308
2026-04-05 23:00:00,memory_utilization,82.376
2026-04-06 00:00:00,memory_utilization,95.881
2026-04-06 01:00:00,memory_utilization,87.566
2026-04-06 02:00:00,memory_utilization,99.0
2026-04-06 03:00:00,memory_utilization,95.887
2026-04-06 04:00:00,memory_utilization,91.694
2026-04-06 05:00:00,memory_utilization,94.652
2026-04-06 06:00:00,memory_utilization,91.201
2026-04-06 07:00:00,memory_utilization,98.063
2026-04-06 08:00:00,memory_utilization,99.0
2026-04-06 09:00:00,memory_utilization,99.0
2026-04-06 10:00:00,memory_utilization,99.0
2026-04-06 11:00:00,memory_utilization,99.0
2026-04-06 12:00:00,memory_utilization,99.0
2026-04-06 13:00:00,memory_utilization,99.0
2026-04-06 14:00:00,memory_utilization,99.0
2026-04-06 15:00:00,memory_utilization,99.0
2026-04-06 16:00:00,memory_utilization,99.0
2026-04-06 17:00:00,memory_utilization,99.0
2026-04-06 18:00:00,memory_utilization,99.0
2026-04-06 19:00:00,memory_utilization,99.0
2026-04-06 20:00:00,memory_utilization,99.0
2026-04-06 21:00:00,memory_utilization,99.0
2026-04-06 22:00:00,memory_utilization,99.0
2026-04-06 23:00:00,memory_utilization,99.0
2026-04-07 00:00:00,memory_utilization,91.194
2026-04-07 01:00:00,memory_utilization,96.544
2026-04-07 02:00:00,memory_utilization,98.091
2026-04-07 03:00:00,memory_utilization,95.427
2026-04-07 04:00:00,memory_utilization,97.203
2026-04-07 05:00:00,memory_utilization,93.353
2026-04-07 06:00:00,memory_utilization,99.0
2026-04-07 07:00:00,memory_utilization,99.0
2026-04-07 08:00:00,memory_utilization,99.0
2026-04-07 09:00:00,memory_utilization,99.0
2026-04-07 10:00:00,memory_utilization,99.0
2026-04-07 11:00:00,memory_utilization,99.0
2026-04-07 12:00:00,memory_utilization,99.0
2026-04-07 13:00:00,memory_utilization,99.0
2026-04-07 14:00:00,memory_utilization,99.0
2026-04-07 15:00:00,memory_utilization,99.0
2026-04-07 16:00:00,memory_utilization,99.0
2026-04-07 17:00:00,memory_utilization,99.0
2026-04-07 18:00:00,memory_utilization,99.0
2026-04-07 19:00:00,memory_utilization,99.0
2026-04-07 20:00:00,memory_utilization,99.0
2026-04-07 21:00:00,memory_utilization,99.0
2026-04-07 22:00:00,memory_utilization,94.02
2026-04-07 23:00:00,memory_utilization,93.898
2026-04-08 00:00:00,memory_utilization,95.042
2026-04-08 01:00:00,memory_utilization,89.151
2026-04-08 02:00:00,memory_utilization,97.339
2026-04-08 03:00:00,memory_utilization,99.0
2026-04-08 04:00:00,memory_utilization,94.337
2026-04-08 05:00:00,memory_utilization,96.824
2026-04-08 06:00:00,memory_utilization,99.0
2026-04-08 07:00:00,memory_utilization,99.0
2026-04-08 08:00:00,memory_utilization,99.0
2026-04-08 09:00:00,memory_utilization,99.0
2026-04-08 10:00:00,memory_utilization,99.0
2026-04-08 11:00:00,memory_utilization,99.0
2026-04-08 12:00:00,memory_utilization,99.0
2026-04-08 13:00:00,memory_utilization,99.0
2026-04-08 14:00:00,memory_utilization,99.0
2026-04-08 15:00:00,memory_utilization,99.0
2026-04-08 16:00:00,memory_utilization,99.0
2026-04-08 17:00:00,memory_utilization,99.0
2026-04-08 18:00:00,memory_utilization,99.0
2026-04-08 19:00:00,memory_utilization,99.0
2026-04-08 20:00:00,memory_utilization,99.0
2026-04-08 21:00:00,memory_utilization,99.0
2026-04-08 22:00:00,memory_utilization,99.0
2026-04-08 23:00:00,memory_utilization,91.4
2026-04-09 00:00:00,memory_utilization,94.736
2026-04-09 01:00:00,memory_utilization,99.0
2026-04-09 02:00:00,memory_utilization,92.742
2026-04-09 03:00:00,memory_utilization,95.105
2026-04-09 04:00:00,memory_utilization,93.103
2026-04-09 05:00:00,memory_utilization,99.0
2026-04-09 06:00:00,memory_utilization,98.263
2026-04-09 07:00:00,memory_utilization,99.0
2026-04-09 08:00:00,memory_utilization,99.0
2026-04-09 09:00:00,memory_utilization,99.0
2026-04-09 10:00:00,memory_utilization,99.0
2026-04-09 11:00:00,memory_utilization,99.0
2026-04-09 12:00:00,memory_utilization,99.0
2026-04-09 13:00:00,memory_utilization,99.0
2026-04-09 14:00:00,memory_utilization,99.0
2026-04-09 15:00:00,memory_utilization,99.0
2026-04-09 16:00:00,memory_utilization,99.0
2026-04-09 17:00:00,memory_utilization,99.0
2026-04-09 18:00:00,memory_utilization,99.0
2026-04-09 19:00:00,memory_utilization,99.0
2026-04-09 20:00:00,memory_utilization,99.0
2026-04-09 21:00:00,memory_utilization,99.0
2026-04-09 22:00:00,memory_utilization,99.0
2026-04-09 23:00:00,memory_utilization,93.486
2026-04-10 00:00:00,memory_utilization,99.0
2026-04-10 01:00:00,memory_utilization,90.488
2026-04-10 02:00:00,memory_utilization,88.867
2026-04-10 03:00:00,memory_utilization,97.927
2026-04-10 04:00:00,memory_utilization,99.0
2026-04-10 05:00:00,memory_utilization,99.0
2026-04-10 06:00:00,memory_utilization,99.0
2026-04-10 07:00:00,memory_utilization,99.0
2026-04-10 08:00:00,memory_utilization,99.0
2026-04-10 09:00:00,memory_utilization,99.0
2026-04-10 10:00:00,memory_utilization,99.0
2026-04-10 11:00:00,memory_utilization,99.0
2026-04-10 12:00:00,memory_utilization,99.0
2026-04-10 13:00:00,memory_utilization,99.0
2026-04-10 14:00:00,memory_utilization,99.0
2026-04-10 15:00:00,memory_utilization,99.0
2026-04-10 16:00:00,memory_utilization,99.0
2026-04-10 17:00:00,memory_utilization,99.0
2026-04-10 18:00:00,memory_utilization,99.0
2026-04-10 19:00:00,memory_utilization,99.0
2026-04-10 20:00:00,memory_utilization,99.0
2026-04-10 21:00:00,memory_utilization,99.0
2026-04-10 22:00:00,memory_utilization,99.0
2026-04-10 23:00:00,memory_utilization,99.0
2026-04-11 00:00:00,memory_utilization,85.603
2026-04-11 01:00:00,memory_utilization,93.966
2026-04-11 02:00:00,memory_utilization,86.687
2026-04-11 03:00:00,memory_utilization,96.629
2026-04-11 04:00:00,memory_utilization,94.797
2026-04-11 05:00:00,memory_utilization,97.126
2026-04-11 06:00:00,memory_utilization,93.009
2026-04-11 07:00:00,memory_utilization,96.817
2026-04-11 08:00:00,memory_utilization,99.0
2026-04-11 09:00:00,memory_utilization,99.0
2026-04-11 10:00:00,memory_utilization,99.0
2026-04-11 11:00:00,memory_utilization,99.0
2026-04-11 12:00:00,memory_utilization,99.0
2026-04-11 13:00:00,memory_utilization,99.0
2026-04-11 14:00:00,memory_utilization,99.0
2026-04-11 15:00:00,memory_utilization,99.0
2026-04-11 16:00:00,memory_utilization,99.0
2026-04-11 17:00:00,memory_utilization,99.0
2026-04-11 18:00:00,memory_utilization,99.0
2026-04-11 19:00:00,memory_utilization,99.0
2026-04-11 20:00:00,memory_utilization,99.0
2026-04-11 21:00:00,memory_utilization,96.85
2026-04-11 22:00:00,memory_utilization,99.0
2026-04-11 23:00:00,memory_utilization,99.0
2026-04-12 00:00:00,memory_utilization,99.0
2026-04-12 01:00:00,memory_utilization,99.0
2026-04-12 02:00:00,memory_utilization,92.766
2026-04-12 03:00:00,memory_utilization,90.964
2026-04-12 04:00:00,memory_utilization,99.0
2026-04-12 05:00:00,memory_utilization,99.0
2026-04-12 06:00:00,memory_utilization,93.253
2026-04-12 07:00:00,memory_utilization,95.909
2026-04-12 08:00:00,memory_utilization,99.0
2026-04-12 09:00:00,memory_utilization,99.0
2026-04-12 10:00:00,memory_utilization,99.0
2026-04-12 11:00:00,memory_utilization,99.0
2026-04-12 12:00:00,memory_utilization,99.0
2026-04-12 13:00:00,memory_utilization,99.0
2026-04-12 14:00:00,memory_utilization,99.0
2026-04-12 15:00:00,memory_utilization,99.0
2026-04-12 16:00:00,memory_utilization,99.0
2026-04-12 17:00:00,memory_utilization,99.0
2026-04-12 18:00:00,memory_utilization,99.0
2026-04-12 19:00:00,memory_utilization,99.0
2026-04-12 20:00:00,memory_utilization,99.0
2026-04-12 21:00:00,memory_utilization,99.0
2026-04-12 22:00:00,memory_utilization,99.0
2026-04-12 23:00:00,memory_utilization,91.914
2026-04-13 00:00:00,memory_utilization,99.0
2026-04-13 01:00:00,memory_utilization,99.0
2026-04-13 02:00:00,memory_utilization,99.0
2026-04-13 03:00:00,memory_utilization,99.0
2026-04-13 04:00:00,memory_utilization,99.0
2026-04-13 05:00:00,memory_utilization,99.0
2026-04-13 06:00:00,memory_utilization,99.0
2026-04-13 07:00:00,memory_utilization,99.0
2026-04-13 08:00:00,memory_utilization,99.0
2026-04-13 09:00:00,memory_utilization,99.0
2026-04-13 10:00:00,memory_utilization,99.0
2026-04-13 11:00:00,memory_utilization,99.0
2026-04-13 12:00:00,memory_utilization,99.0
2026-04-13 13:00:00,memory_utilization,99.0
2026-04-13 14:00:00,memory_utilization,99.0
2026-04-13 15:00:00,memory_utilization,99.0
2026-04-13 16:00:00,memory_utilization,99.0
2026-04-13 17:00:00,memory_utilization,99.0
2026-04-13 18:00:00,memory_utilization,99.0
2026-04-13 19:00:00,memory_utilization,99.0
2026-04-13 20:00:00,memory_utilization,99.0
2026-04-13 21:00:00,memory_utilization,99.0
2026-04-13 22:00:00,memory_utilization,99.0
2026-04-13 23:00:00,memory_utilization,99.0
2026-04-14 00:00:00,memory_utilization,99.0
2026-04-14 01:00:00,memory_utilization,94.288
2026-04-14 02:00:00,memory_utilization,98.008
2026-04-14 03:00:00,memory_utilization,99.0
2026-04-14 04:00:00,memory_utilization,89.996
2026-04-14 05:00:00,memory_utilization,99.0
2026-04-14 06:00:00,memory_utilization,99.0
2026-04-14 07:00:00,memory_utilization,99.0
2026-04-14 08:00:00,memory_utilization,99.0
2026-04-14 09:00:00,memory_utilization,99.0
2026-04-14 10:00:00,memory_utilization,99.0
2026-04-14 11:00:00,memory_utilization,99.0
2026-04-14 12:00:00,memory_utilization,99.0
2026-04-14 13:00:00,memory_utilization,99.0
2026-04-14 14:00:00,memory_utilization,99.0
2026-04-14 15:00:00,memory_utilization,99.0
2026-04-14 16:00:00,memory_utilization,99.0
2026-04-14 17:00:00,memory_utilization,99.0
2026-04-14 18:00:00,memory_utilization,99.0
2026-04-14 19:00:00,memory_utilization,99.0
2026-04-14 20:00:00,memory_utilization,99.0
2026-04-14 21:00:00,memory_utilization,99.0
2026-04-14 22:00:00,memory_utilization,99.0
2026-04-14 23:00:00,memory_utilization,99.0
2026-04-15 00:00:00,memory_utilization,99.0
2026-04-15 01:00:00,memory_utilization,97.272
2026-04-15 02:00:00,memory_utilization,97.21
2026-04-15 03:00:00,memory_utilization,99.0
2026-04-15 04:00:00,memory_utilization,99.0
2026-04-15 05:00:00,memory_utilization,98.697
2026-04-15 06:00:00,memory_utilization,99.0
2026-04-15 07:00:00,memory_utilization,99.0
2026-04-15 08:00:00,memory_utilization,99.0
2026-04-15 09:00:00,memory_utilization,99.0
2026-04-15 10:00:00,memory_utilization,99.0
2026-04-15 11:00:00,memory_utilization,99.0
2026-04-15 12:00:00,memory_utilization,99.0
2026-04-15 13:00:00,memory_utilization,99.0
2026-04-15 14:00:00,memory_utilization,99.0
2026-04-15 15:00:00,memory_utilization,99.0
2026-04-15 16:00:00,memory_utilization,99.0
2026-04-15 17:00:00,memory_utilization,99.0
2026-04-15 18:00:00,memory_utilization,99.0
2026-04-15 19:00:00,memory_utilization,99.0
2026-04-15 20:00:00,memory_utilization,99.0
2026-04-15 21:00:00,memory_utilization,99.0
2026-04-15 22:00:00,memory_utilization,96.009
2026-04-15 23:00:00,memory_utilization,99.0
2026-04-16 00:00:00,memory_utilization,98.907
2026-04-16 01:00:00,memory_utilization,99.0
2026-04-16 02:00:00,memory_utilization,92.279
2026-04-16 03:00:00,memory_utilization,99.0
2026-04-16 04:00:00,memory_utilization,99.0
2026-04-16 05:00:00,memory_utilization,99.0
2026-04-16 06:00:00,memory_utilization,97.042
2026-04-16 07:00:00,memory_utilization,99.0
2026-04-16 08:00:00,memory_utilization,99.0
2026-04-16 09:00:00,memory_utilization,99.0
2026-04-16 10:00:00,memory_utilization,99.0
2026-04-16 11:00:00,memory_utilization,99.0
2026-04-16 12:00:00,memory_utilization,99.0
2026-04-16 13:00:00,memory_utilization,99.0
2026-04-16 14:00:00,memory_utilization,99.0
2026-04-16 15:00:00,memory_utilization,99.0
2026-04-16 16:00:00,memory_utilization,99.0
2026-04-16 17:00:00,memory_utilization,99.0
2026-04-16 18:00:00,memory_utilization,99.0
2026-04-16 19:00:00,memory_utilization,99.0
2026-04-16 20:00:00,memory_utilization,99.0
2026-04-16 21:00:00,memory_utilization,99.0
2026-04-16 22:00:00,memory_utilization,99.0
2026-04-16 23:00:00,memory_utilization,99.0
2026-04-17 00:00:00,memory_utilization,99.0
2026-04-17 01:00:00,memory_utilization,96.586
2026-04-17 02:00:00,memory_utilization,95.905
2026-04-17 03:00:00,memory_utilization,99.0
2026-04-17 04:00:00,memory_utilization,99.0
2026-04-17 05:00:00,memory_utilization,99.0
2026-04-17 06:00:00,memory_utilization,97.863
2026-04-17 07:00:00,memory_utilization,99.0
2026-04-17 08:00:00,memory_utilization,99.0
2026-04-17 09:00:00,memory_utilization,99.0
2026-04-17 10:00:00,memory_utilization,99.0
2026-04-17 11:00:00,memory_utilization,99.0
2026-04-17 12:00:00,memory_utilization,99.0
2026-04-17 13:00:00,memory_utilization,99.0
2026-04-17 14:00:00,memory_utilization,99.0
2026-04-17 15:00:00,memory_utilization,99.0
2026-04-17 16:00:00,memory_utilization,99.0
2026-04-17 17:00:00,memory_utilization,99.0
2026-04-17 18:00:00,memory_utilization,99.0
2026-04-17 19:00:00,memory_utilization,99.0
2026-04-17 20:00:00,memory_utilization,99.0
2026-04-17 21:00:00,memory_utilization,99.0
2026-04-17 22:00:00,memory_utilization,97.677
2026-04-17 23:00:00,memory_utilization,99.0
2026-04-18 00:00:00,memory_utilization,99.0
2026-04-18 01:00:00,memory_utilization,95.881
2026-04-18 02:00:00,memory_utilization,93.687
2026-04-18 03:00:00,memory_utilization,90.76
2026-04-18 04:00:00,memory_utilization,99.0
2026-04-18 05:00:00,memory_utilization,93.106
2026-04-18 06:00:00,memory_utilization,97.13
2026-04-18 07:00:00,memory_utilization,99.0
2026-04-18 08:00:00,memory_utilization,97.513
2026-04-18 09:00:00,memory_utilization,99.0
2026-04-18 10:00:00,memory_utilization,99.0
2026-04-18 11:00:00,memory_utilization,99.0
2026-04-18 12:00:00,memory_utilization,99.0
2026-04-18 13:00:00,memory_utilization,99.0
2026-04-18 14:00:00,memory_utilization,99.0
2026-04-18 15:00:00,memory_utilization,99.0
2026-04-18 16:00:00,memory_utilization,99.0
2026-04-18 17:00:00,memory_utilization,99.0
2026-04-18 18:00:00,memory_utilization,99.0
2026-04-18 19:00:00,memory_utilization,99.0
2026-04-18 20:00:00,memory_utilization,99.0
2026-04-18 21:00:00,memory_utilization,99.0
2026-04-18 22:00:00,memory_utilization,99.0
2026-04-18 23:00:00,memory_utilization,96.186
2026-04-19 00:00:00,memory_utilization,99.0
2026-04-19 01:00:00,memory_utilization,93.576
2026-04-19 02:00:00,memory_utilization,96.463
2026-04-19 03:00:00,memory_utilization,90.238
2026-04-19 04:00:00,memory_utilization,92.353
2026-04-19 05:00:00,memory_utilization,99.0
2026-04-19 06:00:00,memory_utilization,99.0
2026-04-19 07:00:00,memory_utilization,99.0
2026-04-19 08:00:00,memory_utilization,99.0
2026-04-19 09:00:00,memory_utilization,99.0
2026-04-19 10:00:00,memory_utilization,99.0
2026-04-19 11:00:00,memory_utilization,99.0
2026-04-19 12:00:00,memory_utilization,99.0
2026-04-19 13:00:00,memory_utilization,99.0
2026-04-19 14:00:00,memory_utilization,99.0
2026-04-19 15:00:00,memory_utilization,99.0
2026-04-19 16:00:00,memory_utilization,99.0
2026-04-19 17:00:00,memory_utilization,99.0
2026-04-19 18:00:00,memory_utilization,99.0
2026-04-19 19:00:00,memory_utilization,98.756
2026-04-19 20:00:00,memory_utilization,99.0
2026-04-19 21:00:00,memory_utilization,99.0
2026-04-19 22:00:00,memory_utilization,99.0
2026-04-19 23:00:00,memory_utilization,99.0
2026-04-20 00:00:00,memory_utilization,99.0
2026-04-20 01:00:00,memory_utilization,99.0
2026-04-20 02:00:00,memory_utilization,99.0
2026-04-20 03:00:00,memory_utilization,97.208
2026-04-20 04:00:00,memory_utilization,99.0
2026-04-20 05:00:00,memory_utilization,93.066
2026-04-20 06:00:00,memory_utilization,99.0
2026-04-20 07:00:00,memory_utilization,99.0
2026-04-20 08:00:00,memory_utilization,99.0
2026-04-20 09:00:00,memory_utilization,99.0
2026-04-20 10:00:00,memory_utilization,99.0
2026-04-20 11:00:00,memory_utilization,99.0
2026-04-20 12:00:00,memory_utilization,99.0
2026-04-20 13:00:00,memory_utilization,99.0
2026-04-20 14:00:00,memory_utilization,99.0
2026-04-20 15:00:00,memory_utilization,99.0
2026-04-20 16:00:00,memory_utilization,99.0
2026-04-20 17:00:00,memory_utilization,99.0
2026-04-20 18:00:00,memory_utilization,99.0
2026-04-20 19:00:00,memory_utilization,99.0
2026-04-20 20:00:00,memory_utilization,99.0
2026-04-20 21:00:00,memory_utilization,99.0
2026-04-20 22:00:00,memory_utilization,99.0
2026-04-20 23:00:00,memory_utilization,99.0
2026-04-21 00:00:00,memory_utilization,99.0
2026-04-21 01:00:00,memory_utilization,99.0
2026-04-21 02:00:00,memory_utilization,97.026
2026-04-21 03:00:00,memory_utilization,99.0
2026-04-21 04:00:00,memory_utilization,99.0
2026-04-21 05:00:00,memory_utilization,97.575
2026-04-21 06:00:00,memory_utilization,99.0
2026-04-21 07:00:00,memory_utilization,99.0
2026-04-21 08:00:00,memory_utilization,99.0
2026-04-21 09:00:00,memory_utilization,99.0
2026-04-21 10:00:00,memory_utilization,99.0
2026-04-21 11:00:00,memory_utilization,99.0
2026-04-21 12:00:00,memory_utilization,99.0
2026-04-21 13:00:00,memory_utilization,99.0
2026-04-21 14:00:00,memory_utilization,99.0
2026-04-21 15:00:00,memory_utilization,99.0
2026-04-21 16:00:00,memory_utilization,99.0
2026-04-21 17:00:00,memory_utilization,99.0
2026-04-21 18:00:00,memory_utilization,99.0
2026-04-21 19:00:00,memory_utilization,99.0
2026-04-21 20:00:00,memory_utilization,99.0
2026-04-21 21:00:00,memory_utilization,99.0
2026-04-21 22:00:00,memory_utilization,99.0
2026-04-21 23:00:00,memory_utilization,98.929
2026-04-22 00:00:00,memory_utilization,99.0
2026-04-22 01:00:00,memory_utilization,99.0
2026-04-22 02:00:00,memory_utilization,99.0
2026-04-22 03:00:00,memory_utilization,99.0
2026-04-22 04:00:00,memory_utilization,99.0
2026-04-22 05:00:00,memory_utilization,99.0
2026-04-22 06:00:00,memory_utilization,99.0
2026-04-22 07:00:00,memory_utilization,99.0
2026-04-22 08:00:00,memory_utilization,99.0
2026-04-22 09:00:00,memory_utilization,99.0
2026-04-22 10:00:00,memory_utilization,99.0
2026-04-22 11:00:00,memory_utilization,99.0
2026-04-22 12:00:00,memory_utilization,99.0
2026-04-22 13:00:00,memory_utilization,99.0
2026-04-22 14:00:00,memory_utilization,99.0
2026-04-22 15:00:00,memory_utilization,99.0
2026-04-22 16:00:00,memory_utilization,99.0
2026-04-22 17:00:00,memory_utilization,99.0
2026-04-22 18:00:00,memory_utilization,99.0
2026-04-22 19:00:00,memory_utilization,99.0
2026-04-22 20:00:00,memory_utilization,99.0
2026-04-22 21:00:00,memory_utilization,99.0
2026-04-22 22:00:00,memory_utilization,99.0
2026-04-22 23:00:00,memory_utilization,99.0
2026-04-23 00:00:00,memory_utilization,99.0
2026-04-23 01:00:00,memory_utilization,99.0
2026-04-23 02:00:00,memory_utilization,99.0
2026-04-23 03:00:00,memory_utilization,99.0
2026-04-23 04:00:00,memory_utilization,95.745
2026-04-23 05:00:00,memory_utilization,99.0
2026-04-23 06:00:00,memory_utilization,99.0
2026-04-23 07:00:00,memory_utilization,99.0
2026-04-23 08:00:00,memory_utilization,99.0
2026-04-23 09:00:00,memory_utilization,99.0
2026-04-23 10:00:00,memory_utilization,99.0
2026-04-23 11:00:00,memory_utilization,99.0
2026-04-23 12:00:00,memory_utilization,99.0
2026-04-23 13:00:00,memory_utilization,99.0
2026-04-23 14:00:00,memory_utilization,99.0
2026-04-23 15:00:00,memory_utilization,99.0
2026-04-23 16:00:00,memory_utilization,99.0
2026-04-23 17:00:00,memory_utilization,99.0
2026-04-23 18:00:00,memory_utilization,99.0
2026-04-23 19:00:00,memory_utilization,99.0
2026-04-23 20:00:00,memory_utilization,99.0
2026-04-23 21:00:00,memory_utilization,99.0
2026-04-23 22:00:00,memory_utilization,99.0
2026-04-23 23:00:00,memory_utilization,99.0
2026-04-24 00:00:00,memory_utilization,99.0
2026-04-24 01:00:00,memory_utilization,99.0
2026-04-24 02:00:00,memory_utilization,99.0
2026-04-24 03:00:00,memory_utilization,99.0
2026-04-24 04:00:00,memory_utilization,99.0
2026-04-24 05:00:00,memory_utilization,99.0
2026-04-24 06:00:00,memory_utilization,99.0
2026-04-24 07:00:00,memory_utilization,99.0
2026-04-24 08:00:00,memory_utilization,99.0
2026-04-24 09:00:00,memory_utilization,99.0
2026-04-24 10:00:00,memory_utilization,99.0
2026-04-24 11:00:00,memory_utilization,99.0
2026-04-24 12:00:00,memory_utilization,99.0
2026-04-24 13:00:00,memory_utilization,99.0
2026-04-24 14:00:00,memory_utilization,99.0
2026-04-24 15:00:00,memory_utilization,99.0
2026-04-24 16:00:00,memory_utilization,99.0
2026-04-24 17:00:00,memory_utilization,99.0
2026-04-24 18:00:00,memory_utilization,99.0
2026-04-24 19:00:00,memory_utilization,99.0
2026-04-24 20:00:00,memory_utilization,99.0
2026-04-24 21:00:00,memory_utilization,99.0
2026-04-24 22:00:00,memory_utilization,99.0
2026-04-24 23:00:00,memory_utilization,99.0
2026-04-25 00:00:00,memory_utilization,98.745
2026-04-25 01:00:00,memory_utilization,97.586
2026-04-25 02:00:00,memory_utilization,97.867
2026-04-25 03:00:00,memory_utilization,99.0
2026-04-25 04:00:00,memory_utilization,99.0
2026-04-25 05:00:00,memory_utilization,99.0
2026-04-25 06:00:00,memory_utilization,99.0
2026-04-25 07:00:00,memory_utilization,98.261
2026-04-25 08:00:00,memory_utilization,99.0
2026-04-25 09:00:00,memory_utilization,99.0
2026-04-25 10:00:00,memory_utilization,99.0
2026-04-25 11:00:00,memory_utilization,96.411
2026-04-25 12:00:00,memory_utilization,99.0
2026-04-25 13:00:00,memory_utilization,99.0
2026-04-25 14:00:00,memory_utilization,99.0
2026-04-25 15:00:00,memory_utilization,99.0
2026-04-25 16:00:00,memory_utilization,99.0
2026-04-25 17:00:00,memory_utilization,99.0
2026-04-25 18:00:00,memory_utilization,99.0
2026-04-25 19:00:00,memory_utilization,99.0
2026-04-25 20:00:00,memory_utilization,99.0
2026-04-25 21:00:00,memory_utilization,99.0
2026-04-25 22:00:00,memory_utilization,99.0
2026-04-25 23:00:00,memory_utilization,99.0
2026-04-26 00:00:00,memory_utilization,97.654
2026-04-26 01:00:00,memory_utilization,89.225
2026-04-26 02:00:00,memory_utilization,99.0
2026-04-26 03:00:00,memory_utilization,99.0
2026-04-26 04:00:00,memory_utilization,99.0
2026-04-26 05:00:00,memory_utilization,91.77
2026-04-26 06:00:00,memory_utilization,96.639
2026-04-26 07:00:00,memory_utilization,99.0
2026-04-26 08:00:00,memory_utilization,99.0
2026-04-26 09:00:00,memory_utilization,99.0
2026-04-26 10:00:00,memory_utilization,99.0
2026-04-26 11:00:00,memory_utilization,99.0
2026-04-26 12:00:00,memory_utilization,99.0
2026-04-26 13:00:00,memory_utilization,99.0
2026-04-26 14:00:00,memory_utilization,99.0
2026-04-26 15:00:00,memory_utilization,99.0
2026-04-26 16:00:00,memory_utilization,99.0
2026-04-26 17:00:00,memory_utilization,99.0
2026-04-26 18:00:00,memory_utilization,99.0
2026-04-26 19:00:00,memory_utilization,99.0
2026-04-26 20:00:00,memory_utilization,99.0
2026-04-26 21:00:00,memory_utilization,99.0
2026-04-26 22:00:00,memory_utilization,99.0
2026-04-26 23:00:00,memory_utilization,99.0
2026-04-27 00:00:00,memory_utilization,99.0
2026-04-27 01:00:00,memory_utilization,99.0
2026-04-27 02:00:00,memory_utilization,99.0
2026-04-27 03:00:00,memory_utilization,99.0
2026-04-27 04:00:00,memory_utilization,99.0
2026-04-27 05:00:00,memory_utilization,99.0
2026-04-27 06:00:00,memory_utilization,99.0
2026-04-27 07:00:00,memory_utilization,99.0
2026-04-27 08:00:00,memory_utilization,99.0
2026-04-27 09:00:00,memory_utilization,99.0
2026-04-27 10:00:00,memory_utilization,99.0
2026-04-27 11:00:00,memory_utilization,99.0
2026-04-27 12:00:00,memory_utilization,99.0
2026-04-27 13:00:00,memory_utilization,99.0
2026-04-27 14:00:00,memory_utilization,99.0
2026-04-27 15:00:00,memory_utilization,99.0
2026-04-27 16:00:00,memory_utilization,99.0
2026-04-27 17:00:00,memory_utilization,99.0
2026-04-27 18:00:00,memory_utilization,99.0
2026-04-27 19:00:00,memory_utilization,99.0
2026-04-27 20:00:00,memory_utilization,99.0
2026-04-27 21:00:00,memory_utilization,99.0
2026-04-27 22:00:00,memory_utilization,99.0
2026-04-27 23:00:00,memory_utilization,99.0
2026-04-28 00:00:00,memory_utilization,99.0
2026-04-28 01:00:00,memory_utilization,99.0
2026-04-28 02:00:00,memory_utilization,99.0
2026-04-28 03:00:00,memory_utilization,99.0
2026-04-28 04:00:00,memory_utilization,99.0
2026-04-28 05:00:00,memory_utilization,99.0
2026-04-28 06:00:00,memory_utilization,99.0
2026-04-28 07:00:00,memory_utilization,99.0
2026-04-28 08:00:00,memory_utilization,99.0
2026-04-28 09:00:00,memory_utilization,99.0
2026-04-28 10:00:00,memory_utilization,99.0
2026-04-28 11:00:00,memory_utilization,99.0
2026-04-28 12:00:00,memory_utilization,99.0
2026-04-28 13:00:00,memory_utilization,99.0
2026-04-28 14:00:00,memory_utilization,99.0
2026-04-28 15:00:00,memory_utilization,99.0
2026-04-28 16:00:00,memory_utilization,99.0
2026-04-28 17:00:00,memory_utilization,99.0
2026-04-28 18:00:00,memory_utilization,99.0
2026-04-28 19:00:00,memory_utilization,99.0
2026-04-28 20:00:00,memory_utilization,99.0
2026-04-28 21:00:00,memory_utilization,99.0
2026-04-28 22:00:00,memory_utilization,99.0
2026-04-28 23:00:00,memory_utilization,92.313
2026-04-29 00:00:00,memory_utilization,99.0
2026-04-29 01:00:00,memory_utilization,99.0
2026-04-29 02:00:00,memory_utilization,96.97
2026-04-29 03:00:00,memory_utilization,99.0
2026-04-29 04:00:00,memory_utilization,99.0
2026-04-29 05:00:00,memory_utilization,99.0
2026-04-29 06:00:00,memory_utilization,99.0
2026-04-29 07:00:00,memory_utilization,99.0
2026-04-29 08:00:00,memory_utilization,99.0
2026-04-29 09:00:00,memory_utilization,99.0
2026-04-29 10:00:00,memory_utilization,99.0
2026-04-29 11:00:00,memory_utilization,99.0
2026-04-29 12:00:00,memory_utilization,99.0
2026-04-29 13:00:00,memory_utilization,99.0
2026-04-29 14:00:00,memory_utilization,99.0
2026-04-29 15:00:00,memory_utilization,99.0
2026-04-29 16:00:00,memory_utilization,99.0
2026-04-29 17:00:00,memory_utilization,99.0
2026-04-29 18:00:00,memory_utilization,99.0
2026-04-29 19:00:00,memory_utilization,99.0
2026-04-29 20:00:00,memory_utilization,99.0
2026-04-29 21:00:00,memory_utilization,99.0
2026-04-29 22:00:00,memory_utilization,99.0
2026-04-29 23:00:00,memory_utilization,99.0
2026-04-30 00:00:00,memory_utilization,99.0
2026-04-30 01:00:00,memory_utilization,99.0
2026-04-30 02:00:00,memory_utilization,96.035
2026-04-30 03:00:00,memory_utilization,99.0
2026-04-30 04:00:00,memory_utilization,99.0
2026-04-30 05:00:00,memory_utilization,99.0
2026-04-30 06:00:00,memory_utilization,99.0
2026-04-30 07:00:00,memory_utilization,99.0
2026-04-30 08:00:00,memory_utilization,99.0
2026-04-30 09:00:00,memory_utilization,99.0
2026-04-30 10:00:00,memory_utilization,99.0
2026-04-30 11:00:00,memory_utilization,99.0
2026-04-30 12:00:00,memory_utilization,99.0
2026-04-30 13:00:00,memory_utilization,99.0
2026-04-30 14:00:00,memory_utilization,99.0
2026-04-30 15:00:00,memory_utilization,99.0
2026-04-30 16:00:00,memory_utilization,99.0
2026-04-30 17:00:00,memory_utilization,99.0
2026-04-30 18:00:00,memory_utilization,99.0
2026-04-30 19:00:00,memory_utilization,99.0
2026-04-30 20:00:00,memory_utilization,99.0
2026-04-30 21:00:00,memory_utilization,99.0
2026-04-30 22:00:00,memory_utilization,99.0
2026-04-30 23:00:00,memory_utilization,91.793
2026-01-01 00:00:00,disk_utilization,51.806
2026-01-01 01:00:00,disk_utilization,45.49
2026-01-01 02:00:00,disk_utilization,41.749
2026-01-01 03:00:00,disk_utilization,49.609
2026-01-01 04:00:00,disk_utilization,43.602
2026-01-01 05:00:00,disk_utilization,46.331
2026-01-01 06:00:00,disk_utilization,46.147
2026-01-01 07:00:00,disk_utilization,54.511
2026-01-01 08:00:00,disk_utilization,51.329
2026-01-01 09:00:00,disk_utilization,54.181
2026-01-01 10:00:00,disk_utilization,59.291
2026-01-01 11:00:00,disk_utilization,59.11
2026-01-01 12:00:00,disk_utilization,58.481
2026-01-01 13:00:00,disk_utilization,62.793
2026-01-01 14:00:00,disk_utilization,67.367
2026-01-01 15:00:00,disk_utilization,60.45
2026-01-01 16:00:00,disk_utilization,59.066
2026-01-01 17:00:00,disk_utilization,57.975
2026-01-01 18:00:00,disk_utilization,59.755
2026-01-01 19:00:00,disk_utilization,52.115
2026-01-01 20:00:00,disk_utilization,51.025
2026-01-01 21:00:00,disk_utilization,45.195
2026-01-01 22:00:00,disk_utilization,44.344
2026-01-01 23:00:00,disk_utilization,44.704
2026-01-02 00:00:00,disk_utilization,44.836
2026-01-02 01:00:00,disk_utilization,49.53
2026-01-02 02:00:00,disk_utilization,45.576
2026-01-02 03:00:00,disk_utilization,41.522
2026-01-02 04:00:00,disk_utilization,42.892
2026-01-02 05:00:00,disk_utilization,50.489
2026-01-02 06:00:00,disk_utilization,51.42
2026-01-02 07:00:00,disk_utilization,50.072
2026-01-02 08:00:00,disk_utilization,50.748
2026-01-02 09:00:00,disk_utilization,57.539
2026-01-02 10:00:00,disk_utilization,53.132
2026-01-02 11:00:00,disk_utilization,58.963
2026-01-02 12:00:00,disk_utilization,65.894
2026-01-02 13:00:00,disk_utilization,60.509
2026-01-02 14:00:00,disk_utilization,57.857
2026-01-02 15:00:00,disk_utilization,61.161
2026-01-02 16:00:00,disk_utilization,57.738
2026-01-02 17:00:00,disk_utilization,53.713
2026-01-02 18:00:00,disk_utilization,58.359
2026-01-02 19:00:00,disk_utilization,57.698
2026-01-02 20:00:00,disk_utilization,51.359
2026-01-02 21:00:00,disk_utilization,49.108
2026-01-02 22:00:00,disk_utilization,45.443
2026-01-02 23:00:00,disk_utilization,46.239
2026-01-03 00:00:00,disk_utilization,38.674
2026-01-03 01:00:00,disk_utilization,36.546
2026-01-03 02:00:00,disk_utilization,45.002
2026-01-03 03:00:00,disk_utilization,41.015
2026-01-03 04:00:00,disk_utilization,42.15
2026-01-03 05:00:00,disk_utilization,44.372
2026-01-03 06:00:00,disk_utilization,45.71
2026-01-03 07:00:00,disk_utilization,44.105
2026-01-03 08:00:00,disk_utilization,48.251
2026-01-03 09:00:00,disk_utilization,48.714
2026-01-03 10:00:00,disk_utilization,52.784
2026-01-03 11:00:00,disk_utilization,54.169
2026-01-03 12:00:00,disk_utilization,53.285
2026-01-03 13:00:00,disk_utilization,51.263
2026-01-03 14:00:00,disk_utilization,55.98
2026-01-03 15:00:00,disk_utilization,54.674
2026-01-03 16:00:00,disk_utilization,48.834
2026-01-03 17:00:00,disk_utilization,54.775
2026-01-03 18:00:00,disk_utilization,54.509
2026-01-03 19:00:00,disk_utilization,57.287
2026-01-03 20:00:00,disk_utilization,46.475
2026-01-03 21:00:00,disk_utilization,43.98
2026-01-03 22:00:00,disk_utilization,40.357
2026-01-03 23:00:00,disk_utilization,42.672
2026-01-04 00:00:00,disk_utilization,41.4
2026-01-04 01:00:00,disk_utilization,37.578
2026-01-04 02:00:00,disk_utilization,39.232
2026-01-04 03:00:00,disk_utilization,34.112
2026-01-04 04:00:00,disk_utilization,43.644
2026-01-04 05:00:00,disk_utilization,39.842
2026-01-04 06:00:00,disk_utilization,43.725
2026-01-04 07:00:00,disk_utilization,41.496
2026-01-04 08:00:00,disk_utilization,46.118
2026-01-04 09:00:00,disk_utilization,49.115
2026-01-04 10:00:00,disk_utilization,51.867
2026-01-04 11:00:00,disk_utilization,55.015
2026-01-04 12:00:00,disk_utilization,59.182
2026-01-04 13:00:00,disk_utilization,57.881
2026-01-04 14:00:00,disk_utilization,58.859
2026-01-04 15:00:00,disk_utilization,60.057
2026-01-04 16:00:00,disk_utilization,56.646
2026-01-04 17:00:00,disk_utilization,53.574
2026-01-04 18:00:00,disk_utilization,55.072
2026-01-04 19:00:00,disk_utilization,53.353
2026-01-04 20:00:00,disk_utilization,50.027
2026-01-04 21:00:00,disk_utilization,41.665
2026-01-04 22:00:00,disk_utilization,41.593
2026-01-04 23:00:00,disk_utilization,41.654
2026-01-05 00:00:00,disk_utilization,48.639
2026-01-05 01:00:00,disk_utilization,45.455
2026-01-05 02:00:00,disk_utilization,48.675
2026-01-05 03:00:00,disk_utilization,49.5
2026-01-05 04:00:00,disk_utilization,49.969
2026-01-05 05:00:00,disk_utilization,51.278
2026-01-05 06:00:00,disk_utilization,46.225
2026-01-05 07:00:00,disk_utilization,52.731
2026-01-05 08:00:00,disk_utilization,51.549
2026-01-05 09:00:00,disk_utilization,50.513
2026-01-05 10:00:00,disk_utilization,56.546
2026-01-05 11:00:00,disk_utilization,63.057
2026-01-05 12:00:00,disk_utilization,61.754
2026-01-05 13:00:00,disk_utilization,67.243
2026-01-05 14:00:00,disk_utilization,62.012
2026-01-05 15:00:00,disk_utilization,68.569
2026-01-05 16:00:00,disk_utilization,60.977
2026-01-05 17:00:00,disk_utilization,59.258
2026-01-05 18:00:00,disk_utilization,53.714
2026-01-05 19:00:00,disk_utilization,58.972
2026-01-05 20:00:00,disk_utilization,52.082
2026-01-05 21:00:00,disk_utilization,49.594
2026-01-05 22:00:00,disk_utilization,53.468
2026-01-05 23:00:00,disk_utilization,51.46
2026-01-06 00:00:00,disk_utilization,50.128
2026-01-06 01:00:00,disk_utilization,44.864
2026-01-06 02:00:00,disk_utilization,45.543
2026-01-06 03:00:00,disk_utilization,45.807
2026-01-06 04:00:00,disk_utilization,49.151
2026-01-06 05:00:00,disk_utilization,52.754
2026-01-06 06:00:00,disk_utilization,50.872
2026-01-06 07:00:00,disk_utilization,57.64
2026-01-06 08:00:00,disk_utilization,56.496
2026-01-06 09:00:00,disk_utilization,55.188
2026-01-06 10:00:00,disk_utilization,60.326
2026-01-06 11:00:00,disk_utilization,64.633
2026-01-06 12:00:00,disk_utilization,66.799
2026-01-06 13:00:00,disk_utilization,65.182
2026-01-06 14:00:00,disk_utilization,61.989
2026-01-06 15:00:00,disk_utilization,61.007
2026-01-06 16:00:00,disk_utilization,62.604
2026-01-06 17:00:00,disk_utilization,64.645
2026-01-06 18:00:00,disk_utilization,59.285
2026-01-06 19:00:00,disk_utilization,57.436
2026-01-06 20:00:00,disk_utilization,54.174
2026-01-06 21:00:00,disk_utilization,50.984
2026-01-06 22:00:00,disk_utilization,49.57
2026-01-06 23:00:00,disk_utilization,48.823
2026-01-07 00:00:00,disk_utilization,52.318
2026-01-07 01:00:00,disk_utilization,45.663
2026-01-07 02:00:00,disk_utilization,46.286
2026-01-07 03:00:00,disk_utilization,43.822
2026-01-07 04:00:00,disk_utilization,49.386
2026-01-07 05:00:00,disk_utilization,52.625
2026-01-07 06:00:00,disk_utilization,55.073
2026-01-07 07:00:00,disk_utilization,52.758
2026-01-07 08:00:00,disk_utilization,55.959
2026-01-07 09:00:00,disk_utilization,55.864
2026-01-07 10:00:00,disk_utilization,59.856
2026-01-07 11:00:00,disk_utilization,60.889
2026-01-07 12:00:00,disk_utilization,61.411
2026-01-07 13:00:00,disk_utilization,62.467
2026-01-07 14:00:00,disk_utilization,63.7
2026-01-07 15:00:00,disk_utilization,61.207
2026-01-07 16:00:00,disk_utilization,60.581
2026-01-07 17:00:00,disk_utilization,65.177
2026-01-07 18:00:00,disk_utilization,66.548
2026-01-07 19:00:00,disk_utilization,52.891
2026-01-07 20:00:00,disk_utilization,50.674
2026-01-07 21:00:00,disk_utilization,49.528
2026-01-07 22:00:00,disk_utilization,50.178
2026-01-07 23:00:00,disk_utilization,51.536
2026-01-08 00:00:00,disk_utilization,49.37
2026-01-08 01:00:00,disk_utilization,47.331
2026-01-08 02:00:00,disk_utilization,48.147
2026-01-08 03:00:00,disk_utilization,44.774
2026-01-08 04:00:00,disk_utilization,46.935
2026-01-08 05:00:00,disk_utilization,48.897
2026-01-08 06:00:00,disk_utilization,45.879
2026-01-08 07:00:00,disk_utilization,49.096
2026-01-08 08:00:00,disk_utilization,51.303
2026-01-08 09:00:00,disk_utilization,59.049
2026-01-08 10:00:00,disk_utilization,59.44
2026-01-08 11:00:00,disk_utilization,62.212
2026-01-08 12:00:00,disk_utilization,56.149
2026-01-08 13:00:00,disk_utilization,58.035
2026-01-08 14:00:00,disk_utilization,64.766
2026-01-08 15:00:00,disk_utilization,54.185
2026-01-08 16:00:00,disk_utilization,65.414
2026-01-08 17:00:00,disk_utilization,55.017
2026-01-08 18:00:00,disk_utilization,61.378
2026-01-08 19:00:00,disk_utilization,54.271
2026-01-08 20:00:00,disk_utilization,58.031
2026-01-08 21:00:00,disk_utilization,62.456
2026-01-08 22:00:00,disk_utilization,44.1
2026-01-08 23:00:00,disk_utilization,51.367
2026-01-09 00:00:00,disk_utilization,42.603
2026-01-09 01:00:00,disk_utilization,48.527
2026-01-09 02:00:00,disk_utilization,46.372
2026-01-09 03:00:00,disk_utilization,47.672
2026-01-09 04:00:00,disk_utilization,45.365
2026-01-09 05:00:00,disk_utilization,51.731
2026-01-09 06:00:00,disk_utilization,46.719
2026-01-09 07:00:00,disk_utilization,56.736
2026-01-09 08:00:00,disk_utilization,53.872
2026-01-09 09:00:00,disk_utilization,52.98
2026-01-09 10:00:00,disk_utilization,63.921
2026-01-09 11:00:00,disk_utilization,60.609
2026-01-09 12:00:00,disk_utilization,67.823
2026-01-09 13:00:00,disk_utilization,66.581
2026-01-09 14:00:00,disk_utilization,60.814
2026-01-09 15:00:00,disk_utilization,62.698
2026-01-09 16:00:00,disk_utilization,62.535
2026-01-09 17:00:00,disk_utilization,65.498
2026-01-09 18:00:00,disk_utilization,60.593
2026-01-09 19:00:00,disk_utilization,57.897
2026-01-09 20:00:00,disk_utilization,54.716
2026-01-09 21:00:00,disk_utilization,53.112
2026-01-09 22:00:00,disk_utilization,55.266
2026-01-09 23:00:00,disk_utilization,49.724
2026-01-10 00:00:00,disk_utilization,42.2
2026-01-10 01:00:00,disk_utilization,40.91
2026-01-10 02:00:00,disk_utilization,40.688
2026-01-10 03:00:00,disk_utilization,38.433
2026-01-10 04:00:00,disk_utilization,41.206
2026-01-10 05:00:00,disk_utilization,49.241
2026-01-10 06:00:00,disk_utilization,45.801
2026-01-10 07:00:00,disk_utilization,50.482
2026-01-10 08:00:00,disk_utilization,43.021
2026-01-10 09:00:00,disk_utilization,54.25
2026-01-10 10:00:00,disk_utilization,54.009
2026-01-10 11:00:00,disk_utilization,54.724
2026-01-10 12:00:00,disk_utilization,58.0
2026-01-10 13:00:00,disk_utilization,56.787
2026-01-10 14:00:00,disk_utilization,52.193
2026-01-10 15:00:00,disk_utilization,61.077
2026-01-10 16:00:00,disk_utilization,58.258
2026-01-10 17:00:00,disk_utilization,55.334
2026-01-10 18:00:00,disk_utilization,51.738
2026-01-10 19:00:00,disk_utilization,48.316
2026-01-10 20:00:00,disk_utilization,51.345
2026-01-10 21:00:00,disk_utilization,53.461
2026-01-10 22:00:00,disk_utilization,47.318
2026-01-10 23:00:00,disk_utilization,40.922
2026-01-11 00:00:00,disk_utilization,44.492
2026-01-11 01:00:00,disk_utilization,42.876
2026-01-11 02:00:00,disk_utilization,45.373
2026-01-11 03:00:00,disk_utilization,44.892
2026-01-11 04:00:00,disk_utilization,34.931
2026-01-11 05:00:00,disk_utilization,46.814
2026-01-11 06:00:00,disk_utilization,43.843
2026-01-11 07:00:00,disk_utilization,44.535
2026-01-11 08:00:00,disk_utilization,50.324
2026-01-11 09:00:00,disk_utilization,54.21
2026-01-11 10:00:00,disk_utilization,50.003
2026-01-11 11:00:00,disk_utilization,58.714
2026-01-11 12:00:00,disk_utilization,60.179
2026-01-11 13:00:00,disk_utilization,58.847
2026-01-11 14:00:00,disk_utilization,56.394
2026-01-11 15:00:00,disk_utilization,55.804
2026-01-11 16:00:00,disk_utilization,61.039
2026-01-11 17:00:00,disk_utilization,52.174
2026-01-11 18:00:00,disk_utilization,58.262
2026-01-11 19:00:00,disk_utilization,52.662
2026-01-11 20:00:00,disk_utilization,50.817
2026-01-11 21:00:00,disk_utilization,43.928
2026-01-11 22:00:00,disk_utilization,46.701
2026-01-11 23:00:00,disk_utilization,47.343
2026-01-12 00:00:00,disk_utilization,45.315
2026-01-12 01:00:00,disk_utilization,50.039
2026-01-12 02:00:00,disk_utilization,48.555
2026-01-12 03:00:00,disk_utilization,46.647
2026-01-12 04:00:00,disk_utilization,51.96
2026-01-12 05:00:00,disk_utilization,44.078
2026-01-12 06:00:00,disk_utilization,53.4
2026-01-12 07:00:00,disk_utilization,59.166
2026-01-12 08:00:00,disk_utilization,60.716
2026-01-12 09:00:00,disk_utilization,59.654
2026-01-12 10:00:00,disk_utilization,59.527
2026-01-12 11:00:00,disk_utilization,60.199
2026-01-12 12:00:00,disk_utilization,62.487
2026-01-12 13:00:00,disk_utilization,65.845
2026-01-12 14:00:00,disk_utilization,62.082
2026-01-12 15:00:00,disk_utilization,66.522
2026-01-12 16:00:00,disk_utilization,69.868
2026-01-12 17:00:00,disk_utilization,62.029
2026-01-12 18:00:00,disk_utilization,56.543
2026-01-12 19:00:00,disk_utilization,54.63
2026-01-12 20:00:00,disk_utilization,58.942
2026-01-12 21:00:00,disk_utilization,54.38
2026-01-12 22:00:00,disk_utilization,55.278
2026-01-12 23:00:00,disk_utilization,49.408
2026-01-13 00:00:00,disk_utilization,52.248
2026-01-13 01:00:00,disk_utilization,48.5
2026-01-13 02:00:00,disk_utilization,46.522
2026-01-13 03:00:00,disk_utilization,47.808
2026-01-13 04:00:00,disk_utilization,46.237
2026-01-13 05:00:00,disk_utilization,57.085
2026-01-13 06:00:00,disk_utilization,52.503
2026-01-13 07:00:00,disk_utilization,56.673
2026-01-13 08:00:00,disk_utilization,55.217
2026-01-13 09:00:00,disk_utilization,55.761
2026-01-13 10:00:00,disk_utilization,60.162
2026-01-13 11:00:00,disk_utilization,65.842
2026-01-13 12:00:00,disk_utilization,62.266
2026-01-13 13:00:00,disk_utilization,62.034
2026-01-13 14:00:00,disk_utilization,65.402
2026-01-13 15:00:00,disk_utilization,66.178
2026-01-13 16:00:00,disk_utilization,68.829
2026-01-13 17:00:00,disk_utilization,63.708
2026-01-13 18:00:00,disk_utilization,62.94
2026-01-13 19:00:00,disk_utilization,61.254
2026-01-13 20:00:00,disk_utilization,53.585
2026-01-13 21:00:00,disk_utilization,52.101
2026-01-13 22:00:00,disk_utilization,49.828
2026-01-13 23:00:00,disk_utilization,47.445
2026-01-14 00:00:00,disk_utilization,52.574
2026-01-14 01:00:00,disk_utilization,50.277
2026-01-14 02:00:00,disk_utilization,49.39
2026-01-14 03:00:00,disk_utilization,41.664
2026-01-14 04:00:00,disk_utilization,56.426
2026-01-14 05:00:00,disk_utilization,48.866
2026-01-14 06:00:00,disk_utilization,59.379
2026-01-14 07:00:00,disk_utilization,50.824
2026-01-14 08:00:00,disk_utilization,54.823
2026-01-14 09:00:00,disk_utilization,52.74
2026-01-14 10:00:00,disk_utilization,62.382
2026-01-14 11:00:00,disk_utilization,59.667
2026-01-14 12:00:00,disk_utilization,61.041
2026-01-14 13:00:00,disk_utilization,60.96
2026-01-14 14:00:00,disk_utilization,67.7
2026-01-14 15:00:00,disk_utilization,67.248
2026-01-14 16:00:00,disk_utilization,69.768
2026-01-14 17:00:00,disk_utilization,61.022
2026-01-14 18:00:00,disk_utilization,62.096
2026-01-14 19:00:00,disk_utilization,55.661
2026-01-14 20:00:00,disk_utilization,56.471
2026-01-14 21:00:00,disk_utilization,53.867
2026-01-14 22:00:00,disk_utilization,54.905
2026-01-14 23:00:00,disk_utilization,54.924
2026-01-15 00:00:00,disk_utilization,53.593
2026-01-15 01:00:00,disk_utilization,47.31
2026-01-15 02:00:00,disk_utilization,52.579
2026-01-15 03:00:00,disk_utilization,49.742
2026-01-15 04:00:00,disk_utilization,49.718
2026-01-15 05:00:00,disk_utilization,49.856
2026-01-15 06:00:00,disk_utilization,51.976
2026-01-15 07:00:00,disk_utilization,60.83
2026-01-15 08:00:00,disk_utilization,58.614
2026-01-15 09:00:00,disk_utilization,60.304
2026-01-15 10:00:00,disk_utilization,60.941
2026-01-15 11:00:00,disk_utilization,70.741
2026-01-15 12:00:00,disk_utilization,68.607
2026-01-15 13:00:00,disk_utilization,63.346
2026-01-15 14:00:00,disk_utilization,64.979
2026-01-15 15:00:00,disk_utilization,64.903
2026-01-15 16:00:00,disk_utilization,65.202
2026-01-15 17:00:00,disk_utilization,61.407
2026-01-15 18:00:00,disk_utilization,63.188
2026-01-15 19:00:00,disk_utilization,64.317
2026-01-15 20:00:00,disk_utilization,53.967
2026-01-15 21:00:00,disk_utilization,52.471
2026-01-15 22:00:00,disk_utilization,52.495
2026-01-15 23:00:00,disk_utilization,50.995
2026-01-16 00:00:00,disk_utilization,57.047
2026-01-16 01:00:00,disk_utilization,53.276
2026-01-16 02:00:00,disk_utilization,52.849
2026-01-16 03:00:00,disk_utilization,49.513
2026-01-16 04:00:00,disk_utilization,50.265
2026-01-16 05:00:00,disk_utilization,48.058
2026-01-16 06:00:00,disk_utilization,56.433
2026-01-16 07:00:00,disk_utilization,57.509
2026-01-16 08:00:00,disk_utilization,61.982
2026-01-16 09:00:00,disk_utilization,59.58
2026-01-16 10:00:00,disk_utilization,61.735
2026-01-16 11:00:00,disk_utilization,64.345
2026-01-16 12:00:00,disk_utilization,67.8
2026-01-16 13:00:00,disk_utilization,61.531
2026-01-16 14:00:00,disk_utilization,68.44
2026-01-16 15:00:00,disk_utilization,65.916
2026-01-16 16:00:00,disk_utilization,62.02
2026-01-16 17:00:00,disk_utilization,57.689
2026-01-16 18:00:00,disk_utilization,61.895
2026-01-16 19:00:00,disk_utilization,64.736
2026-01-16 20:00:00,disk_utilization,63.364
2026-01-16 21:00:00,disk_utilization,57.354
2026-01-16 22:00:00,disk_utilization,60.262
2026-01-16 23:00:00,disk_utilization,52.608
2026-01-17 00:00:00,disk_utilization,49.269
2026-01-17 01:00:00,disk_utilization,44.274
2026-01-17 02:00:00,disk_utilization,43.829
2026-01-17 03:00:00,disk_utilization,43.631
2026-01-17 04:00:00,disk_utilization,40.299
2026-01-17 05:00:00,disk_utilization,51.631
2026-01-17 06:00:00,disk_utilization,47.52
2026-01-17 07:00:00,disk_utilization,48.988
2026-01-17 08:00:00,disk_utilization,49.941
2026-01-17 09:00:00,disk_utilization,54.956
2026-01-17 10:00:00,disk_utilization,62.807
2026-01-17 11:00:00,disk_utilization,65.473
2026-01-17 12:00:00,disk_utilization,55.499
2026-01-17 13:00:00,disk_utilization,60.235
2026-01-17 14:00:00,disk_utilization,58.486
2026-01-17 15:00:00,disk_utilization,64.299
2026-01-17 16:00:00,disk_utilization,61.413
2026-01-17 17:00:00,disk_utilization,57.39
2026-01-17 18:00:00,disk_utilization,57.879
2026-01-17 19:00:00,disk_utilization,54.317
2026-01-17 20:00:00,disk_utilization,58.54
2026-01-17 21:00:00,disk_utilization,53.285
2026-01-17 22:00:00,disk_utilization,51.742
2026-01-17 23:00:00,disk_utilization,40.093
2026-01-18 00:00:00,disk_utilization,46.64
2026-01-18 01:00:00,disk_utilization,52.309
2026-01-18 02:00:00,disk_utilization,49.783
2026-01-18 03:00:00,disk_utilization,40.554
2026-01-18 04:00:00,disk_utilization,45.973
2026-01-18 05:00:00,disk_utilization,44.598
2026-01-18 06:00:00,disk_utilization,55.01
2026-01-18 07:00:00,disk_utilization,52.557
2026-01-18 08:00:00,disk_utilization,51.61
2026-01-18 09:00:00,disk_utilization,56.104
2026-01-18 10:00:00,disk_utilization,50.127
2026-01-18 11:00:00,disk_utilization,56.369
2026-01-18 12:00:00,disk_utilization,61.023
2026-01-18 13:00:00,disk_utilization,64.267
2026-01-18 14:00:00,disk_utilization,56.197
2026-01-18 15:00:00,disk_utilization,60.623
2026-01-18 16:00:00,disk_utilization,64.014
2026-01-18 17:00:00,disk_utilization,55.377
2026-01-18 18:00:00,disk_utilization,58.781
2026-01-18 19:00:00,disk_utilization,56.379
2026-01-18 20:00:00,disk_utilization,59.272
2026-01-18 21:00:00,disk_utilization,51.386
2026-01-18 22:00:00,disk_utilization,49.65
2026-01-18 23:00:00,disk_utilization,51.091
2026-01-19 00:00:00,disk_utilization,48.369
2026-01-19 01:00:00,disk_utilization,50.904
2026-01-19 02:00:00,disk_utilization,49.945
2026-01-19 03:00:00,disk_utilization,51.186
2026-01-19 04:00:00,disk_utilization,54.965
2026-01-19 05:00:00,disk_utilization,55.372
2026-01-19 06:00:00,disk_utilization,53.138
2026-01-19 07:00:00,disk_utilization,57.742
2026-01-19 08:00:00,disk_utilization,63.891
2026-01-19 09:00:00,disk_utilization,59.014
2026-01-19 10:00:00,disk_utilization,63.892
2026-01-19 11:00:00,disk_utilization,64.551
2026-01-19 12:00:00,disk_utilization,66.231
2026-01-19 13:00:00,disk_utilization,62.345
2026-01-19 14:00:00,disk_utilization,71.76
2026-01-19 15:00:00,disk_utilization,64.95
2026-01-19 16:00:00,disk_utilization,69.57
2026-01-19 17:00:00,disk_utilization,63.375
2026-01-19 18:00:00,disk_utilization,61.723
2026-01-19 19:00:00,disk_utilization,65.328
2026-01-19 20:00:00,disk_utilization,62.618
2026-01-19 21:00:00,disk_utilization,58.209
2026-01-19 22:00:00,disk_utilization,57.955
2026-01-19 23:00:00,disk_utilization,53.167
2026-01-20 00:00:00,disk_utilization,52.755
2026-01-20 01:00:00,disk_utilization,50.014
2026-01-20 02:00:00,disk_utilization,54.456
2026-01-20 03:00:00,disk_utilization,49.954
2026-01-20 04:00:00,disk_utilization,57.307
2026-01-20 05:00:00,disk_utilization,53.194
2026-01-20 06:00:00,disk_utilization,55.878
2026-01-20 07:00:00,disk_utilization,60.04
2026-01-20 08:00:00,disk_utilization,59.924
2026-01-20 09:00:00,disk_utilization,61.047
2026-01-20 10:00:00,disk_utilization,63.798
2026-01-20 11:00:00,disk_utilization,68.244
2026-01-20 12:00:00,disk_utilization,64.864
2026-01-20 13:00:00,disk_utilization,67.291
2026-01-20 14:00:00,disk_utilization,67.991
2026-01-20 15:00:00,disk_utilization,70.299
2026-01-20 16:00:00,disk_utilization,66.625
2026-01-20 17:00:00,disk_utilization,71.096
2026-01-20 18:00:00,disk_utilization,63.562
2026-01-20 19:00:00,disk_utilization,61.408
2026-01-20 20:00:00,disk_utilization,59.555
2026-01-20 21:00:00,disk_utilization,54.066
2026-01-20 22:00:00,disk_utilization,52.994
2026-01-20 23:00:00,disk_utilization,52.873
2026-01-21 00:00:00,disk_utilization,56.619
2026-01-21 01:00:00,disk_utilization,52.331
2026-01-21 02:00:00,disk_utilization,50.722
2026-01-21 03:00:00,disk_utilization,56.146
2026-01-21 04:00:00,disk_utilization,57.937
2026-01-21 05:00:00,disk_utilization,58.339
2026-01-21 06:00:00,disk_utilization,53.689
2026-01-21 07:00:00,disk_utilization,56.71
2026-01-21 08:00:00,disk_utilization,65.725
2026-01-21 09:00:00,disk_utilization,63.096
2026-01-21 10:00:00,disk_utilization,63.517
2026-01-21 11:00:00,disk_utilization,68.15
2026-01-21 12:00:00,disk_utilization,70.306
2026-01-21 13:00:00,disk_utilization,66.387
2026-01-21 14:00:00,disk_utilization,69.05
2026-01-21 15:00:00,disk_utilization,70.917
2026-01-21 16:00:00,disk_utilization,63.875
2026-01-21 17:00:00,disk_utilization,66.14
2026-01-21 18:00:00,disk_utilization,61.121
2026-01-21 19:00:00,disk_utilization,59.602
2026-01-21 20:00:00,disk_utilization,58.811
2026-01-21 21:00:00,disk_utilization,59.879
2026-01-21 22:00:00,disk_utilization,55.57
2026-01-21 23:00:00,disk_utilization,52.952
2026-01-22 00:00:00,disk_utilization,53.798
2026-01-22 01:00:00,disk_utilization,49.422
2026-01-22 02:00:00,disk_utilization,53.894
2026-01-22 03:00:00,disk_utilization,56.293
2026-01-22 04:00:00,disk_utilization,53.478
2026-01-22 05:00:00,disk_utilization,54.397
2026-01-22 06:00:00,disk_utilization,57.8
2026-01-22 07:00:00,disk_utilization,52.542
2026-01-22 08:00:00,disk_utilization,62.326
2026-01-22 09:00:00,disk_utilization,72.11
2026-01-22 10:00:00,disk_utilization,64.384
2026-01-22 11:00:00,disk_utilization,66.069
2026-01-22 12:00:00,disk_utilization,69.947
2026-01-22 13:00:00,disk_utilization,73.469
2026-01-22 14:00:00,disk_utilization,71.749
2026-01-22 15:00:00,disk_utilization,62.103
2026-01-22 16:00:00,disk_utilization,69.478
2026-01-22 17:00:00,disk_utilization,74.251
2026-01-22 18:00:00,disk_utilization,66.763
2026-01-22 19:00:00,disk_utilization,59.521
2026-01-22 20:00:00,disk_utilization,61.777
2026-01-22 21:00:00,disk_utilization,55.037
2026-01-22 22:00:00,disk_utilization,60.666
2026-01-22 23:00:00,disk_utilization,52.461
2026-01-23 00:00:00,disk_utilization,54.299
2026-01-23 01:00:00,disk_utilization,50.721
2026-01-23 02:00:00,disk_utilization,51.401
2026-01-23 03:00:00,disk_utilization,57.789
2026-01-23 04:00:00,disk_utilization,54.458
2026-01-23 05:00:00,disk_utilization,53.76
2026-01-23 06:00:00,disk_utilization,53.676
2026-01-23 07:00:00,disk_utilization,53.444
2026-01-23 08:00:00,disk_utilization,57.394
2026-01-23 09:00:00,disk_utilization,63.572
2026-01-23 10:00:00,disk_utilization,68.125
2026-01-23 11:00:00,disk_utilization,65.178
2026-01-23 12:00:00,disk_utilization,72.86
2026-01-23 13:00:00,disk_utilization,66.813
2026-01-23 14:00:00,disk_utilization,68.542
2026-01-23 15:00:00,disk_utilization,65.763
2026-01-23 16:00:00,disk_utilization,71.192
2026-01-23 17:00:00,disk_utilization,73.259
2026-01-23 18:00:00,disk_utilization,60.043
2026-01-23 19:00:00,disk_utilization,62.378
2026-01-23 20:00:00,disk_utilization,65.158
2026-01-23 21:00:00,disk_utilization,54.971
2026-01-23 22:00:00,disk_utilization,59.1
2026-01-23 23:00:00,disk_utilization,59.426
2026-01-24 00:00:00,disk_utilization,49.667
2026-01-24 01:00:00,disk_utilization,50.302
2026-01-24 02:00:00,disk_utilization,53.68
2026-01-24 03:00:00,disk_utilization,54.533
2026-01-24 04:00:00,disk_utilization,49.319
2026-01-24 05:00:00,disk_utilization,49.197
2026-01-24 06:00:00,disk_utilization,49.709
2026-01-24 07:00:00,disk_utilization,57.347
2026-01-24 08:00:00,disk_utilization,52.39
2026-01-24 09:00:00,disk_utilization,57.836
2026-01-24 10:00:00,disk_utilization,60.849
2026-01-24 11:00:00,disk_utilization,60.707
2026-01-24 12:00:00,disk_utilization,64.345
2026-01-24 13:00:00,disk_utilization,72.016
2026-01-24 14:00:00,disk_utilization,64.248
2026-01-24 15:00:00,disk_utilization,63.052
2026-01-24 16:00:00,disk_utilization,66.623
2026-01-24 17:00:00,disk_utilization,63.043
2026-01-24 18:00:00,disk_utilization,65.003
2026-01-24 19:00:00,disk_utilization,59.268
2026-01-24 20:00:00,disk_utilization,55.976
2026-01-24 21:00:00,disk_utilization,49.317
2026-01-24 22:00:00,disk_utilization,47.898
2026-01-24 23:00:00,disk_utilization,45.611
2026-01-25 00:00:00,disk_utilization,51.003
2026-01-25 01:00:00,disk_utilization,44.997
2026-01-25 02:00:00,disk_utilization,52.596
2026-01-25 03:00:00,disk_utilization,49.21
2026-01-25 04:00:00,disk_utilization,49.204
2026-01-25 05:00:00,disk_utilization,48.695
2026-01-25 06:00:00,disk_utilization,54.768
2026-01-25 07:00:00,disk_utilization,52.435
2026-01-25 08:00:00,disk_utilization,53.981
2026-01-25 09:00:00,disk_utilization,62.591
2026-01-25 10:00:00,disk_utilization,62.037
2026-01-25 11:00:00,disk_utilization,61.943
2026-01-25 12:00:00,disk_utilization,65.862
2026-01-25 13:00:00,disk_utilization,64.781
2026-01-25 14:00:00,disk_utilization,66.194
2026-01-25 15:00:00,disk_utilization,62.34
2026-01-25 16:00:00,disk_utilization,70.22
2026-01-25 17:00:00,disk_utilization,61.017
2026-01-25 18:00:00,disk_utilization,65.785
2026-01-25 19:00:00,disk_utilization,58.639
2026-01-25 20:00:00,disk_utilization,59.574
2026-01-25 21:00:00,disk_utilization,57.303
2026-01-25 22:00:00,disk_utilization,56.63
2026-01-25 23:00:00,disk_utilization,49.028
2026-01-26 00:00:00,disk_utilization,58.599
2026-01-26 01:00:00,disk_utilization,60.13
2026-01-26 02:00:00,disk_utilization,53.56
2026-01-26 03:00:00,disk_utilization,54.731
2026-01-26 04:00:00,disk_utilization,53.873
2026-01-26 05:00:00,disk_utilization,55.694
2026-01-26 06:00:00,disk_utilization,63.542
2026-01-26 07:00:00,disk_utilization,57.343
2026-01-26 08:00:00,disk_utilization,59.618
2026-01-26 09:00:00,disk_utilization,69.365
2026-01-26 10:00:00,disk_utilization,68.354
2026-01-26 11:00:00,disk_utilization,74.516
2026-01-26 12:00:00,disk_utilization,68.093
2026-01-26 13:00:00,disk_utilization,70.64
2026-01-26 14:00:00,disk_utilization,68.57
2026-01-26 15:00:00,disk_utilization,70.727
2026-01-26 16:00:00,disk_utilization,64.194
2026-01-26 17:00:00,disk_utilization,70.318
2026-01-26 18:00:00,disk_utilization,67.594
2026-01-26 19:00:00,disk_utilization,64.54
2026-01-26 20:00:00,disk_utilization,61.489
2026-01-26 21:00:00,disk_utilization,57.923
2026-01-26 22:00:00,disk_utilization,60.879
2026-01-26 23:00:00,disk_utilization,53.544
2026-01-27 00:00:00,disk_utilization,57.339
2026-01-27 01:00:00,disk_utilization,61.246
2026-01-27 02:00:00,disk_utilization,59.225
2026-01-27 03:00:00,disk_utilization,50.543
2026-01-27 04:00:00,disk_utilization,54.266
2026-01-27 05:00:00,disk_utilization,58.429
2026-01-27 06:00:00,disk_utilization,58.629
2026-01-27 07:00:00,disk_utilization,56.589
2026-01-27 08:00:00,disk_utilization,64.032
2026-01-27 09:00:00,disk_utilization,64.935
2026-01-27 10:00:00,disk_utilization,72.655
2026-01-27 11:00:00,disk_utilization,67.827
2026-01-27 12:00:00,disk_utilization,73.38
2026-01-27 13:00:00,disk_utilization,66.892
2026-01-27 14:00:00,disk_utilization,67.9
2026-01-27 15:00:00,disk_utilization,72.894
2026-01-27 16:00:00,disk_utilization,73.199
2026-01-27 17:00:00,disk_utilization,65.823
2026-01-27 18:00:00,disk_utilization,67.128
2026-01-27 19:00:00,disk_utilization,61.0
2026-01-27 20:00:00,disk_utilization,62.548
2026-01-27 21:00:00,disk_utilization,63.55
2026-01-27 22:00:00,disk_utilization,57.823
2026-01-27 23:00:00,disk_utilization,56.742
2026-01-28 00:00:00,disk_utilization,52.846
2026-01-28 01:00:00,disk_utilization,53.51
2026-01-28 02:00:00,disk_utilization,60.474
2026-01-28 03:00:00,disk_utilization,55.709
2026-01-28 04:00:00,disk_utilization,53.301
2026-01-28 05:00:00,disk_utilization,56.653
2026-01-28 06:00:00,disk_utilization,54.48
2026-01-28 07:00:00,disk_utilization,58.177
2026-01-28 08:00:00,disk_utilization,67.389
2026-01-28 09:00:00,disk_utilization,64.969
2026-01-28 10:00:00,disk_utilization,73.016
2026-01-28 11:00:00,disk_utilization,68.733
2026-01-28 12:00:00,disk_utilization,70.2
2026-01-28 13:00:00,disk_utilization,73.048
2026-01-28 14:00:00,disk_utilization,63.398
2026-01-28 15:00:00,disk_utilization,71.776
2026-01-28 16:00:00,disk_utilization,70.233
2026-01-28 17:00:00,disk_utilization,73.585
2026-01-28 18:00:00,disk_utilization,70.382
2026-01-28 19:00:00,disk_utilization,62.175
2026-01-28 20:00:00,disk_utilization,67.25
2026-01-28 21:00:00,disk_utilization,60.685
2026-01-28 22:00:00,disk_utilization,56.847
2026-01-28 23:00:00,disk_utilization,58.512
2026-01-29 00:00:00,disk_utilization,56.059
2026-01-29 01:00:00,disk_utilization,60.502
2026-01-29 02:00:00,disk_utilization,56.654
2026-01-29 03:00:00,disk_utilization,56.54
2026-01-29 04:00:00,disk_utilization,59.442
2026-01-29 05:00:00,disk_utilization,61.308
2026-01-29 06:00:00,disk_utilization,62.055
2026-01-29 07:00:00,disk_utilization,65.91
2026-01-29 08:00:00,disk_utilization,65.566
2026-01-29 09:00:00,disk_utilization,66.332
2026-01-29 10:00:00,disk_utilization,71.494
2026-01-29 11:00:00,disk_utilization,69.178
2026-01-29 12:00:00,disk_utilization,70.84
2026-01-29 13:00:00,disk_utilization,76.722
2026-01-29 14:00:00,disk_utilization,76.714
2026-01-29 15:00:00,disk_utilization,71.569
2026-01-29 16:00:00,disk_utilization,69.452
2026-01-29 17:00:00,disk_utilization,73.948
2026-01-29 18:00:00,disk_utilization,70.321
2026-01-29 19:00:00,disk_utilization,66.955
2026-01-29 20:00:00,disk_utilization,62.99
2026-01-29 21:00:00,disk_utilization,62.899
2026-01-29 22:00:00,disk_utilization,59.927
2026-01-29 23:00:00,disk_utilization,56.36
2026-01-30 00:00:00,disk_utilization,57.487
2026-01-30 01:00:00,disk_utilization,57.115
2026-01-30 02:00:00,disk_utilization,54.938
2026-01-30 03:00:00,disk_utilization,59.066
2026-01-30 04:00:00,disk_utilization,61.038
2026-01-30 05:00:00,disk_utilization,61.371
2026-01-30 06:00:00,disk_utilization,59.307
2026-01-30 07:00:00,disk_utilization,64.351
2026-01-30 08:00:00,disk_utilization,64.406
2026-01-30 09:00:00,disk_utilization,62.553
2026-01-30 10:00:00,disk_utilization,70.226
2026-01-30 11:00:00,disk_utilization,70.321
2026-01-30 12:00:00,disk_utilization,78.953
2026-01-30 13:00:00,disk_utilization,76.361
2026-01-30 14:00:00,disk_utilization,74.413
2026-01-30 15:00:00,disk_utilization,72.773
2026-01-30 16:00:00,disk_utilization,71.735
2026-01-30 17:00:00,disk_utilization,66.98
2026-01-30 18:00:00,disk_utilization,63.135
2026-01-30 19:00:00,disk_utilization,63.823
2026-01-30 20:00:00,disk_utilization,64.245
2026-01-30 21:00:00,disk_utilization,56.019
2026-01-30 22:00:00,disk_utilization,58.791
2026-01-30 23:00:00,disk_utilization,58.042
2026-01-31 00:00:00,disk_utilization,51.811
2026-01-31 01:00:00,disk_utilization,49.69
2026-01-31 02:00:00,disk_utilization,50.396
2026-01-31 03:00:00,disk_utilization,56.883
2026-01-31 04:00:00,disk_utilization,54.515
2026-01-31 05:00:00,disk_utilization,52.137
2026-01-31 06:00:00,disk_utilization,55.288
2026-01-31 07:00:00,disk_utilization,57.356
2026-01-31 08:00:00,disk_utilization,57.225
2026-01-31 09:00:00,disk_utilization,59.31
2026-01-31 10:00:00,disk_utilization,66.597
2026-01-31 11:00:00,disk_utilization,63.981
2026-01-31 12:00:00,disk_utilization,63.245
2026-01-31 13:00:00,disk_utilization,67.217
2026-01-31 14:00:00,disk_utilization,67.991
2026-01-31 15:00:00,disk_utilization,61.464
2026-01-31 16:00:00,disk_utilization,66.479
2026-01-31 17:00:00,disk_utilization,67.952
2026-01-31 18:00:00,disk_utilization,65.063
2026-01-31 19:00:00,disk_utilization,68.487
2026-01-31 20:00:00,disk_utilization,63.498
2026-01-31 21:00:00,disk_utilization,62.039
2026-01-31 22:00:00,disk_utilization,64.181
2026-01-31 23:00:00,disk_utilization,56.417
2026-02-01 00:00:00,disk_utilization,53.378
2026-02-01 01:00:00,disk_utilization,55.029
2026-02-01 02:00:00,disk_utilization,50.175
2026-02-01 03:00:00,disk_utilization,52.467
2026-02-01 04:00:00,disk_utilization,51.018
2026-02-01 05:00:00,disk_utilization,55.444
2026-02-01 06:00:00,disk_utilization,53.969
2026-02-01 07:00:00,disk_utilization,55.812
2026-02-01 08:00:00,disk_utilization,61.201
2026-02-01 09:00:00,disk_utilization,61.636
2026-02-01 10:00:00,disk_utilization,58.214
2026-02-01 11:00:00,disk_utilization,61.305
2026-02-01 12:00:00,disk_utilization,63.519
2026-02-01 13:00:00,disk_utilization,65.129
2026-02-01 14:00:00,disk_utilization,69.312
2026-02-01 15:00:00,disk_utilization,68.471
2026-02-01 16:00:00,disk_utilization,70.229
2026-02-01 17:00:00,disk_utilization,68.038
2026-02-01 18:00:00,disk_utilization,67.357
2026-02-01 19:00:00,disk_utilization,64.055
2026-02-01 20:00:00,disk_utilization,60.806
2026-02-01 21:00:00,disk_utilization,61.423
2026-02-01 22:00:00,disk_utilization,58.971
2026-02-01 23:00:00,disk_utilization,55.702
2026-02-02 00:00:00,disk_utilization,62.209
2026-02-02 01:00:00,disk_utilization,50.577
2026-02-02 02:00:00,disk_utilization,56.489
2026-02-02 03:00:00,disk_utilization,56.733
2026-02-02 04:00:00,disk_utilization,61.926
2026-02-02 05:00:00,disk_utilization,64.471
2026-02-02 06:00:00,disk_utilization,57.081
2026-02-02 07:00:00,disk_utilization,67.613
2026-02-02 08:00:00,disk_utilization,61.954
2026-02-02 09:00:00,disk_utilization,64.133
2026-02-02 10:00:00,disk_utilization,68.801
2026-02-02 11:00:00,disk_utilization,70.224
2026-02-02 12:00:00,disk_utilization,67.793
2026-02-02 13:00:00,disk_utilization,75.235
2026-02-02 14:00:00,disk_utilization,75.614
2026-02-02 15:00:00,disk_utilization,76.484
2026-02-02 16:00:00,disk_utilization,71.24
2026-02-02 17:00:00,disk_utilization,71.168
2026-02-02 18:00:00,disk_utilization,69.557
2026-02-02 19:00:00,disk_utilization,72.801
2026-02-02 20:00:00,disk_utilization,57.181
2026-02-02 21:00:00,disk_utilization,60.761
2026-02-02 22:00:00,disk_utilization,61.737
2026-02-02 23:00:00,disk_utilization,56.824
2026-02-03 00:00:00,disk_utilization,58.053
2026-02-03 01:00:00,disk_utilization,57.668
2026-02-03 02:00:00,disk_utilization,55.819
2026-02-03 03:00:00,disk_utilization,58.276
2026-02-03 04:00:00,disk_utilization,60.784
2026-02-03 05:00:00,disk_utilization,59.48
2026-02-03 06:00:00,disk_utilization,60.504
2026-02-03 07:00:00,disk_utilization,63.314
2026-02-03 08:00:00,disk_utilization,65.878
2026-02-03 09:00:00,disk_utilization,62.768
2026-02-03 10:00:00,disk_utilization,71.321
2026-02-03 11:00:00,disk_utilization,70.258
2026-02-03 12:00:00,disk_utilization,76.685
2026-02-03 13:00:00,disk_utilization,75.491
2026-02-03 14:00:00,disk_utilization,77.518
2026-02-03 15:00:00,disk_utilization,70.72
2026-02-03 16:00:00,disk_utilization,71.858
2026-02-03 17:00:00,disk_utilization,67.991
2026-02-03 18:00:00,disk_utilization,67.964
2026-02-03 19:00:00,disk_utilization,71.925
2026-02-03 20:00:00,disk_utilization,70.578
2026-02-03 21:00:00,disk_utilization,60.619
2026-02-03 22:00:00,disk_utilization,60.777
2026-02-03 23:00:00,disk_utilization,60.285
2026-02-04 00:00:00,disk_utilization,61.017
2026-02-04 01:00:00,disk_utilization,53.199
2026-02-04 02:00:00,disk_utilization,53.415
2026-02-04 03:00:00,disk_utilization,59.983
2026-02-04 04:00:00,disk_utilization,53.485
2026-02-04 05:00:00,disk_utilization,59.281
2026-02-04 06:00:00,disk_utilization,62.782
2026-02-04 07:00:00,disk_utilization,65.49
2026-02-04 08:00:00,disk_utilization,65.907
2026-02-04 09:00:00,disk_utilization,67.323
2026-02-04 10:00:00,disk_utilization,72.902
2026-02-04 11:00:00,disk_utilization,72.898
2026-02-04 12:00:00,disk_utilization,71.391
2026-02-04 13:00:00,disk_utilization,74.263
2026-02-04 14:00:00,disk_utilization,75.59
2026-02-04 15:00:00,disk_utilization,79.34
2026-02-04 16:00:00,disk_utilization,75.763
2026-02-04 17:00:00,disk_utilization,75.795
2026-02-04 18:00:00,disk_utilization,68.68
2026-02-04 19:00:00,disk_utilization,67.028
2026-02-04 20:00:00,disk_utilization,65.842
2026-02-04 21:00:00,disk_utilization,64.065
2026-02-04 22:00:00,disk_utilization,59.56
2026-02-04 23:00:00,disk_utilization,64.743
2026-02-05 00:00:00,disk_utilization,62.342
2026-02-05 01:00:00,disk_utilization,57.994
2026-02-05 02:00:00,disk_utilization,60.581
2026-02-05 03:00:00,disk_utilization,59.615
2026-02-05 04:00:00,disk_utilization,61.923
2026-02-05 05:00:00,disk_utilization,57.02
2026-02-05 06:00:00,disk_utilization,62.291
2026-02-05 07:00:00,disk_utilization,64.501
2026-02-05 08:00:00,disk_utilization,68.635
2026-02-05 09:00:00,disk_utilization,66.967
2026-02-05 10:00:00,disk_utilization,63.3
2026-02-05 11:00:00,disk_utilization,69.23
2026-02-05 12:00:00,disk_utilization,73.581
2026-02-05 13:00:00,disk_utilization,74.773
2026-02-05 14:00:00,disk_utilization,79.923
2026-02-05 15:00:00,disk_utilization,76.366
2026-02-05 16:00:00,disk_utilization,74.081
2026-02-05 17:00:00,disk_utilization,72.486
2026-02-05 18:00:00,disk_utilization,74.257
2026-02-05 19:00:00,disk_utilization,67.262
2026-02-05 20:00:00,disk_utilization,66.559
2026-02-05 21:00:00,disk_utilization,61.66
2026-02-05 22:00:00,disk_utilization,67.273
2026-02-05 23:00:00,disk_utilization,62.555
2026-02-06 00:00:00,disk_utilization,58.001
2026-02-06 01:00:00,disk_utilization,58.999
2026-02-06 02:00:00,disk_utilization,60.617
2026-02-06 03:00:00,disk_utilization,58.626
2026-02-06 04:00:00,disk_utilization,58.592
2026-02-06 05:00:00,disk_utilization,59.522
2026-02-06 06:00:00,disk_utilization,64.177
2026-02-06 07:00:00,disk_utilization,64.033
2026-02-06 08:00:00,disk_utilization,65.835
2026-02-06 09:00:00,disk_utilization,65.276
2026-02-06 10:00:00,disk_utilization,71.465
2026-02-06 11:00:00,disk_utilization,72.363
2026-02-06 12:00:00,disk_utilization,73.231
2026-02-06 13:00:00,disk_utilization,75.61
2026-02-06 14:00:00,disk_utilization,77.548
2026-02-06 15:00:00,disk_utilization,77.154
2026-02-06 16:00:00,disk_utilization,75.926
2026-02-06 17:00:00,disk_utilization,72.293
2026-02-06 18:00:00,disk_utilization,69.675
2026-02-06 19:00:00,disk_utilization,66.333
2026-02-06 20:00:00,disk_utilization,65.633
2026-02-06 21:00:00,disk_utilization,65.418
2026-02-06 22:00:00,disk_utilization,61.089
2026-02-06 23:00:00,disk_utilization,62.097
2026-02-07 00:00:00,disk_utilization,52.584
2026-02-07 01:00:00,disk_utilization,49.717
2026-02-07 02:00:00,disk_utilization,56.903
2026-02-07 03:00:00,disk_utilization,53.312
2026-02-07 04:00:00,disk_utilization,53.042
2026-02-07 05:00:00,disk_utilization,53.561
2026-02-07 06:00:00,disk_utilization,59.786
2026-02-07 07:00:00,disk_utilization,64.589
2026-02-07 08:00:00,disk_utilization,61.344
2026-02-07 09:00:00,disk_utilization,63.995
2026-02-07 10:00:00,disk_utilization,69.804
2026-02-07 11:00:00,disk_utilization,62.833
2026-02-07 12:00:00,disk_utilization,75.454
2026-02-07 13:00:00,disk_utilization,77.703
2026-02-07 14:00:00,disk_utilization,62.542
2026-02-07 15:00:00,disk_utilization,70.114
2026-02-07 16:00:00,disk_utilization,67.468
2026-02-07 17:00:00,disk_utilization,67.578
2026-02-07 18:00:00,disk_utilization,65.478
2026-02-07 19:00:00,disk_utilization,67.257
2026-02-07 20:00:00,disk_utilization,62.431
2026-02-07 21:00:00,disk_utilization,57.984
2026-02-07 22:00:00,disk_utilization,58.288
2026-02-07 23:00:00,disk_utilization,58.71
2026-02-08 00:00:00,disk_utilization,52.362
2026-02-08 01:00:00,disk_utilization,50.193
2026-02-08 02:00:00,disk_utilization,60.855
2026-02-08 03:00:00,disk_utilization,53.24
2026-02-08 04:00:00,disk_utilization,55.573
2026-02-08 05:00:00,disk_utilization,56.081
2026-02-08 06:00:00,disk_utilization,60.593
2026-02-08 07:00:00,disk_utilization,66.215
2026-02-08 08:00:00,disk_utilization,64.725
2026-02-08 09:00:00,disk_utilization,60.518
2026-02-08 10:00:00,disk_utilization,62.869
2026-02-08 11:00:00,disk_utilization,67.499
2026-02-08 12:00:00,disk_utilization,69.181
2026-02-08 13:00:00,disk_utilization,65.637
2026-02-08 14:00:00,disk_utilization,73.551
2026-02-08 15:00:00,disk_utilization,67.579
2026-02-08 16:00:00,disk_utilization,74.537
2026-02-08 17:00:00,disk_utilization,74.266
2026-02-08 18:00:00,disk_utilization,66.42
2026-02-08 19:00:00,disk_utilization,66.57
2026-02-08 20:00:00,disk_utilization,59.505
2026-02-08 21:00:00,disk_utilization,63.019
2026-02-08 22:00:00,disk_utilization,57.742
2026-02-08 23:00:00,disk_utilization,54.336
2026-02-09 00:00:00,disk_utilization,60.552
2026-02-09 01:00:00,disk_utilization,59.241
2026-02-09 02:00:00,disk_utilization,59.409
2026-02-09 03:00:00,disk_utilization,63.524
2026-02-09 04:00:00,disk_utilization,59.136
2026-02-09 05:00:00,disk_utilization,67.986
2026-02-09 06:00:00,disk_utilization,60.481
2026-02-09 07:00:00,disk_utilization,71.25
2026-02-09 08:00:00,disk_utilization,65.442
2026-02-09 09:00:00,disk_utilization,70.578
2026-02-09 10:00:00,disk_utilization,71.057
2026-02-09 11:00:00,disk_utilization,73.172
2026-02-09 12:00:00,disk_utilization,77.896
2026-02-09 13:00:00,disk_utilization,80.809
2026-02-09 14:00:00,disk_utilization,80.172
2026-02-09 15:00:00,disk_utilization,75.131
2026-02-09 16:00:00,disk_utilization,76.117
2026-02-09 17:00:00,disk_utilization,71.965
2026-02-09 18:00:00,disk_utilization,69.697
2026-02-09 19:00:00,disk_utilization,67.322
2026-02-09 20:00:00,disk_utilization,67.395
2026-02-09 21:00:00,disk_utilization,67.404
2026-02-09 22:00:00,disk_utilization,59.009
2026-02-09 23:00:00,disk_utilization,62.966
2026-02-10 00:00:00,disk_utilization,66.4
2026-02-10 01:00:00,disk_utilization,64.436
2026-02-10 02:00:00,disk_utilization,59.06
2026-02-10 03:00:00,disk_utilization,56.916
2026-02-10 04:00:00,disk_utilization,63.303
2026-02-10 05:00:00,disk_utilization,56.261
2026-02-10 06:00:00,disk_utilization,68.218
2026-02-10 07:00:00,disk_utilization,66.195
2026-02-10 08:00:00,disk_utilization,74.418
2026-02-10 09:00:00,disk_utilization,65.832
2026-02-10 10:00:00,disk_utilization,75.714
2026-02-10 11:00:00,disk_utilization,74.333
2026-02-10 12:00:00,disk_utilization,74.931
2026-02-10 13:00:00,disk_utilization,72.632
2026-02-10 14:00:00,disk_utilization,78.819
2026-02-10 15:00:00,disk_utilization,78.806
2026-02-10 16:00:00,disk_utilization,81.352
2026-02-10 17:00:00,disk_utilization,77.767
2026-02-10 18:00:00,disk_utilization,71.322
2026-02-10 19:00:00,disk_utilization,68.181
2026-02-10 20:00:00,disk_utilization,65.035
2026-02-10 21:00:00,disk_utilization,71.507
2026-02-10 22:00:00,disk_utilization,62.841
2026-02-10 23:00:00,disk_utilization,67.978
2026-02-11 00:00:00,disk_utilization,63.859
2026-02-11 01:00:00,disk_utilization,62.492
2026-02-11 02:00:00,disk_utilization,60.327
2026-02-11 03:00:00,disk_utilization,63.521
2026-02-11 04:00:00,disk_utilization,62.309
2026-02-11 05:00:00,disk_utilization,62.538
2026-02-11 06:00:00,disk_utilization,67.408
2026-02-11 07:00:00,disk_utilization,66.836
2026-02-11 08:00:00,disk_utilization,66.961
2026-02-11 09:00:00,disk_utilization,73.244
2026-02-11 10:00:00,disk_utilization,73.2
2026-02-11 11:00:00,disk_utilization,76.534
2026-02-11 12:00:00,disk_utilization,74.995
2026-02-11 13:00:00,disk_utilization,73.546
2026-02-11 14:00:00,disk_utilization,82.669
2026-02-11 15:00:00,disk_utilization,81.849
2026-02-11 16:00:00,disk_utilization,79.08
2026-02-11 17:00:00,disk_utilization,74.011
2026-02-11 18:00:00,disk_utilization,72.635
2026-02-11 19:00:00,disk_utilization,75.772
2026-02-11 20:00:00,disk_utilization,68.511
2026-02-11 21:00:00,disk_utilization,65.622
2026-02-11 22:00:00,disk_utilization,71.225
2026-02-11 23:00:00,disk_utilization,63.826
2026-02-12 00:00:00,disk_utilization,68.021
2026-02-12 01:00:00,disk_utilization,57.739
2026-02-12 02:00:00,disk_utilization,63.235
2026-02-12 03:00:00,disk_utilization,68.184
2026-02-12 04:00:00,disk_utilization,62.877
2026-02-12 05:00:00,disk_utilization,63.285
2026-02-12 06:00:00,disk_utilization,62.249
2026-02-12 07:00:00,disk_utilization,70.946
2026-02-12 08:00:00,disk_utilization,67.478
2026-02-12 09:00:00,disk_utilization,71.592
2026-02-12 10:00:00,disk_utilization,70.12
2026-02-12 11:00:00,disk_utilization,80.17
2026-02-12 12:00:00,disk_utilization,80.253
2026-02-12 13:00:00,disk_utilization,77.511
2026-02-12 14:00:00,disk_utilization,74.434
2026-02-12 15:00:00,disk_utilization,82.249
2026-02-12 16:00:00,disk_utilization,75.762
2026-02-12 17:00:00,disk_utilization,72.291
2026-02-12 18:00:00,disk_utilization,68.682
2026-02-12 19:00:00,disk_utilization,70.119
2026-02-12 20:00:00,disk_utilization,65.64
2026-02-12 21:00:00,disk_utilization,66.083
2026-02-12 22:00:00,disk_utilization,68.273
2026-02-12 23:00:00,disk_utilization,63.275
2026-02-13 00:00:00,disk_utilization,64.215
2026-02-13 01:00:00,disk_utilization,60.197
2026-02-13 02:00:00,disk_utilization,62.308
2026-02-13 03:00:00,disk_utilization,68.165
2026-02-13 04:00:00,disk_utilization,62.174
2026-02-13 05:00:00,disk_utilization,65.662
2026-02-13 06:00:00,disk_utilization,61.487
2026-02-13 07:00:00,disk_utilization,72.692
2026-02-13 08:00:00,disk_utilization,68.788
2026-02-13 09:00:00,disk_utilization,75.46
2026-02-13 10:00:00,disk_utilization,73.886
2026-02-13 11:00:00,disk_utilization,77.766
2026-02-13 12:00:00,disk_utilization,79.233
2026-02-13 13:00:00,disk_utilization,76.68
2026-02-13 14:00:00,disk_utilization,81.604
2026-02-13 15:00:00,disk_utilization,75.796
2026-02-13 16:00:00,disk_utilization,79.626
2026-02-13 17:00:00,disk_utilization,74.868
2026-02-13 18:00:00,disk_utilization,75.449
2026-02-13 19:00:00,disk_utilization,71.103
2026-02-13 20:00:00,disk_utilization,70.586
2026-02-13 21:00:00,disk_utilization,65.159
2026-02-13 22:00:00,disk_utilization,67.215
2026-02-13 23:00:00,disk_utilization,64.966
2026-02-14 00:00:00,disk_utilization,56.884
2026-02-14 01:00:00,disk_utilization,57.559
2026-02-14 02:00:00,disk_utilization,57.871
2026-02-14 03:00:00,disk_utilization,55.911
2026-02-14 04:00:00,disk_utilization,58.191
2026-02-14 05:00:00,disk_utilization,56.849
2026-02-14 06:00:00,disk_utilization,68.578
2026-02-14 07:00:00,disk_utilization,66.666
2026-02-14 08:00:00,disk_utilization,66.396
2026-02-14 09:00:00,disk_utilization,71.182
2026-02-14 10:00:00,disk_utilization,63.675
2026-02-14 11:00:00,disk_utilization,63.615
2026-02-14 12:00:00,disk_utilization,71.379
2026-02-14 13:00:00,disk_utilization,69.259
2026-02-14 14:00:00,disk_utilization,72.975
2026-02-14 15:00:00,disk_utilization,74.047
2026-02-14 16:00:00,disk_utilization,75.41
2026-02-14 17:00:00,disk_utilization,67.981
2026-02-14 18:00:00,disk_utilization,70.956
2026-02-14 19:00:00,disk_utilization,67.889
2026-02-14 20:00:00,disk_utilization,66.836
2026-02-14 21:00:00,disk_utilization,62.181
2026-02-14 22:00:00,disk_utilization,65.978
2026-02-14 23:00:00,disk_utilization,59.88
2026-02-15 00:00:00,disk_utilization,64.259
2026-02-15 01:00:00,disk_utilization,55.784
2026-02-15 02:00:00,disk_utilization,60.129
2026-02-15 03:00:00,disk_utilization,58.013
2026-02-15 04:00:00,disk_utilization,58.026
2026-02-15 05:00:00,disk_utilization,62.195
2026-02-15 06:00:00,disk_utilization,61.075
2026-02-15 07:00:00,disk_utilization,55.935
2026-02-15 08:00:00,disk_utilization,56.82
2026-02-15 09:00:00,disk_utilization,71.915
2026-02-15 10:00:00,disk_utilization,73.736
2026-02-15 11:00:00,disk_utilization,77.382
2026-02-15 12:00:00,disk_utilization,72.957
2026-02-15 13:00:00,disk_utilization,69.949
2026-02-15 14:00:00,disk_utilization,72.858
2026-02-15 15:00:00,disk_utilization,73.897
2026-02-15 16:00:00,disk_utilization,70.06
2026-02-15 17:00:00,disk_utilization,76.774
2026-02-15 18:00:00,disk_utilization,76.908
2026-02-15 19:00:00,disk_utilization,69.712
2026-02-15 20:00:00,disk_utilization,66.192
2026-02-15 21:00:00,disk_utilization,60.288
2026-02-15 22:00:00,disk_utilization,66.9
2026-02-15 23:00:00,disk_utilization,60.851
2026-02-16 00:00:00,disk_utilization,63.576
2026-02-16 01:00:00,disk_utilization,65.106
2026-02-16 02:00:00,disk_utilization,61.651
2026-02-16 03:00:00,disk_utilization,64.139
2026-02-16 04:00:00,disk_utilization,60.188
2026-02-16 05:00:00,disk_utilization,69.066
2026-02-16 06:00:00,disk_utilization,67.167
2026-02-16 07:00:00,disk_utilization,72.904
2026-02-16 08:00:00,disk_utilization,70.913
2026-02-16 09:00:00,disk_utilization,73.196
2026-02-16 10:00:00,disk_utilization,71.915
2026-02-16 11:00:00,disk_utilization,79.506
2026-02-16 12:00:00,disk_utilization,75.889
2026-02-16 13:00:00,disk_utilization,77.874
2026-02-16 14:00:00,disk_utilization,79.627
2026-02-16 15:00:00,disk_utilization,79.733
2026-02-16 16:00:00,disk_utilization,73.47
2026-02-16 17:00:00,disk_utilization,76.642
2026-02-16 18:00:00,disk_utilization,78.082
2026-02-16 19:00:00,disk_utilization,72.65
2026-02-16 20:00:00,disk_utilization,71.058
2026-02-16 21:00:00,disk_utilization,70.167
2026-02-16 22:00:00,disk_utilization,67.39
2026-02-16 23:00:00,disk_utilization,63.038
2026-02-17 00:00:00,disk_utilization,64.767
2026-02-17 01:00:00,disk_utilization,67.077
2026-02-17 02:00:00,disk_utilization,60.686
2026-02-17 03:00:00,disk_utilization,63.007
2026-02-17 04:00:00,disk_utilization,60.803
2026-02-17 05:00:00,disk_utilization,69.061
2026-02-17 06:00:00,disk_utilization,67.635
2026-02-17 07:00:00,disk_utilization,67.309
2026-02-17 08:00:00,disk_utilization,72.225
2026-02-17 09:00:00,disk_utilization,70.426
2026-02-17 10:00:00,disk_utilization,72.884
2026-02-17 11:00:00,disk_utilization,73.278
2026-02-17 12:00:00,disk_utilization,75.748
2026-02-17 13:00:00,disk_utilization,83.837
2026-02-17 14:00:00,disk_utilization,77.857
2026-02-17 15:00:00,disk_utilization,81.2
2026-02-17 16:00:00,disk_utilization,76.511
2026-02-17 17:00:00,disk_utilization,80.045
2026-02-17 18:00:00,disk_utilization,73.05
2026-02-17 19:00:00,disk_utilization,74.334
2026-02-17 20:00:00,disk_utilization,72.323
2026-02-17 21:00:00,disk_utilization,77.095
2026-02-17 22:00:00,disk_utilization,70.091
2026-02-17 23:00:00,disk_utilization,64.782
2026-02-18 00:00:00,disk_utilization,67.363
2026-02-18 01:00:00,disk_utilization,70.941
2026-02-18 02:00:00,disk_utilization,59.383
2026-02-18 03:00:00,disk_utilization,62.035
2026-02-18 04:00:00,disk_utilization,64.669
2026-02-18 05:00:00,disk_utilization,65.418
2026-02-18 06:00:00,disk_utilization,67.346
2026-02-18 07:00:00,disk_utilization,66.379
2026-02-18 08:00:00,disk_utilization,76.592
2026-02-18 09:00:00,disk_utilization,70.201
2026-02-18 10:00:00,disk_utilization,75.815
2026-02-18 11:00:00,disk_utilization,81.228
2026-02-18 12:00:00,disk_utilization,79.29
2026-02-18 13:00:00,disk_utilization,77.259
2026-02-18 14:00:00,disk_utilization,76.442
2026-02-18 15:00:00,disk_utilization,79.543
2026-02-18 16:00:00,disk_utilization,77.181
2026-02-18 17:00:00,disk_utilization,78.815
2026-02-18 18:00:00,disk_utilization,72.356
2026-02-18 19:00:00,disk_utilization,77.088
2026-02-18 20:00:00,disk_utilization,72.943
2026-02-18 21:00:00,disk_utilization,71.113
2026-02-18 22:00:00,disk_utilization,72.955
2026-02-18 23:00:00,disk_utilization,65.68
2026-02-19 00:00:00,disk_utilization,63.562
2026-02-19 01:00:00,disk_utilization,63.315
2026-02-19 02:00:00,disk_utilization,64.126
2026-02-19 03:00:00,disk_utilization,64.722
2026-02-19 04:00:00,disk_utilization,63.32
2026-02-19 05:00:00,disk_utilization,61.032
2026-02-19 06:00:00,disk_utilization,67.093
2026-02-19 07:00:00,disk_utilization,71.803
2026-02-19 08:00:00,disk_utilization,73.221
2026-02-19 09:00:00,disk_utilization,78.499
2026-02-19 10:00:00,disk_utilization,82.714
2026-02-19 11:00:00,disk_utilization,80.801
2026-02-19 12:00:00,disk_utilization,83.96
2026-02-19 13:00:00,disk_utilization,82.93
2026-02-19 14:00:00,disk_utilization,86.05
2026-02-19 15:00:00,disk_utilization,86.218
2026-02-19 16:00:00,disk_utilization,82.738
2026-02-19 17:00:00,disk_utilization,80.75
2026-02-19 18:00:00,disk_utilization,76.376
2026-02-19 19:00:00,disk_utilization,74.957
2026-02-19 20:00:00,disk_utilization,72.014
2026-02-19 21:00:00,disk_utilization,72.839
2026-02-19 22:00:00,disk_utilization,66.903
2026-02-19 23:00:00,disk_utilization,66.852
2026-02-20 00:00:00,disk_utilization,59.106
2026-02-20 01:00:00,disk_utilization,70.56
2026-02-20 02:00:00,disk_utilization,64.475
2026-02-20 03:00:00,disk_utilization,66.793
2026-02-20 04:00:00,disk_utilization,70.617
2026-02-20 05:00:00,disk_utilization,68.434
2026-02-20 06:00:00,disk_utilization,73.541
2026-02-20 07:00:00,disk_utilization,67.43
2026-02-20 08:00:00,disk_utilization,80.436
2026-02-20 09:00:00,disk_utilization,78.594
2026-02-20 10:00:00,disk_utilization,77.908
2026-02-20 11:00:00,disk_utilization,83.23
2026-02-20 12:00:00,disk_utilization,76.738
2026-02-20 13:00:00,disk_utilization,80.196
2026-02-20 14:00:00,disk_utilization,85.685
2026-02-20 15:00:00,disk_utilization,75.496
2026-02-20 16:00:00,disk_utilization,81.998
2026-02-20 17:00:00,disk_utilization,80.659
2026-02-20 18:00:00,disk_utilization,83.332
2026-02-20 19:00:00,disk_utilization,70.764
2026-02-20 20:00:00,disk_utilization,78.289
2026-02-20 21:00:00,disk_utilization,69.729
2026-02-20 22:00:00,disk_utilization,68.155
2026-02-20 23:00:00,disk_utilization,64.191
2026-02-21 00:00:00,disk_utilization,58.265
2026-02-21 01:00:00,disk_utilization,61.958
2026-02-21 02:00:00,disk_utilization,57.156
2026-02-21 03:00:00,disk_utilization,63.004
2026-02-21 04:00:00,disk_utilization,59.612
2026-02-21 05:00:00,disk_utilization,59.251
2026-02-21 06:00:00,disk_utilization,62.982
2026-02-21 07:00:00,disk_utilization,67.523
2026-02-21 08:00:00,disk_utilization,67.769
2026-02-21 09:00:00,disk_utilization,70.792
2026-02-21 10:00:00,disk_utilization,74.726
2026-02-21 11:00:00,disk_utilization,77.559
2026-02-21 12:00:00,disk_utilization,74.671
2026-02-21 13:00:00,disk_utilization,73.286
2026-02-21 14:00:00,disk_utilization,76.937
2026-02-21 15:00:00,disk_utilization,77.866
2026-02-21 16:00:00,disk_utilization,71.291
2026-02-21 17:00:00,disk_utilization,71.748
2026-02-21 18:00:00,disk_utilization,70.623
2026-02-21 19:00:00,disk_utilization,70.246
2026-02-21 20:00:00,disk_utilization,66.534
2026-02-21 21:00:00,disk_utilization,68.886
2026-02-21 22:00:00,disk_utilization,60.038
2026-02-21 23:00:00,disk_utilization,58.475
2026-02-22 00:00:00,disk_utilization,60.959
2026-02-22 01:00:00,disk_utilization,60.653
2026-02-22 02:00:00,disk_utilization,56.561
2026-02-22 03:00:00,disk_utilization,59.395
2026-02-22 04:00:00,disk_utilization,60.83
2026-02-22 05:00:00,disk_utilization,62.142
2026-02-22 06:00:00,disk_utilization,65.453
2026-02-22 07:00:00,disk_utilization,64.96
2026-02-22 08:00:00,disk_utilization,73.467
2026-02-22 09:00:00,disk_utilization,72.586
2026-02-22 10:00:00,disk_utilization,70.648
2026-02-22 11:00:00,disk_utilization,75.027
2026-02-22 12:00:00,disk_utilization,76.405
2026-02-22 13:00:00,disk_utilization,80.495
2026-02-22 14:00:00,disk_utilization,75.34
2026-02-22 15:00:00,disk_utilization,79.188
2026-02-22 16:00:00,disk_utilization,76.231
2026-02-22 17:00:00,disk_utilization,79.327
2026-02-22 18:00:00,disk_utilization,77.086
2026-02-22 19:00:00,disk_utilization,71.892
2026-02-22 20:00:00,disk_utilization,68.462
2026-02-22 21:00:00,disk_utilization,68.716
2026-02-22 22:00:00,disk_utilization,64.744
2026-02-22 23:00:00,disk_utilization,68.687
2026-02-23 00:00:00,disk_utilization,67.703
2026-02-23 01:00:00,disk_utilization,65.47
2026-02-23 02:00:00,disk_utilization,65.053
2026-02-23 03:00:00,disk_utilization,63.083
2026-02-23 04:00:00,disk_utilization,69.209
2026-02-23 05:00:00,disk_utilization,66.369
2026-02-23 06:00:00,disk_utilization,73.798
2026-02-23 07:00:00,disk_utilization,68.573
2026-02-23 08:00:00,disk_utilization,74.922
2026-02-23 09:00:00,disk_utilization,80.079
2026-02-23 10:00:00,disk_utilization,72.119
2026-02-23 11:00:00,disk_utilization,86.306
2026-02-23 12:00:00,disk_utilization,80.264
2026-02-23 13:00:00,disk_utilization,82.781
2026-02-23 14:00:00,disk_utilization,84.362
2026-02-23 15:00:00,disk_utilization,84.572
2026-02-23 16:00:00,disk_utilization,82.434
2026-02-23 17:00:00,disk_utilization,83.351
2026-02-23 18:00:00,disk_utilization,80.277
2026-02-23 19:00:00,disk_utilization,82.091
2026-02-23 20:00:00,disk_utilization,76.323
2026-02-23 21:00:00,disk_utilization,78.597
2026-02-23 22:00:00,disk_utilization,73.495
2026-02-23 23:00:00,disk_utilization,63.736
2026-02-24 00:00:00,disk_utilization,75.733
2026-02-24 01:00:00,disk_utilization,65.396
2026-02-24 02:00:00,disk_utilization,71.351
2026-02-24 03:00:00,disk_utilization,67.235
2026-02-24 04:00:00,disk_utilization,71.155
2026-02-24 05:00:00,disk_utilization,67.196
2026-02-24 06:00:00,disk_utilization,72.813
2026-02-24 07:00:00,disk_utilization,72.124
2026-02-24 08:00:00,disk_utilization,79.709
2026-02-24 09:00:00,disk_utilization,78.377
2026-02-24 10:00:00,disk_utilization,81.816
2026-02-24 11:00:00,disk_utilization,74.191
2026-02-24 12:00:00,disk_utilization,81.715
2026-02-24 13:00:00,disk_utilization,84.021
2026-02-24 14:00:00,disk_utilization,83.751
2026-02-24 15:00:00,disk_utilization,85.709
2026-02-24 16:00:00,disk_utilization,80.946
2026-02-24 17:00:00,disk_utilization,80.937
2026-02-24 18:00:00,disk_utilization,82.696
2026-02-24 19:00:00,disk_utilization,70.404
2026-02-24 20:00:00,disk_utilization,76.956
2026-02-24 21:00:00,disk_utilization,72.134
2026-02-24 22:00:00,disk_utilization,68.487
2026-02-24 23:00:00,disk_utilization,70.595
2026-02-25 00:00:00,disk_utilization,72.014
2026-02-25 01:00:00,disk_utilization,70.668
2026-02-25 02:00:00,disk_utilization,66.891
2026-02-25 03:00:00,disk_utilization,70.214
2026-02-25 04:00:00,disk_utilization,71.008
2026-02-25 05:00:00,disk_utilization,69.431
2026-02-25 06:00:00,disk_utilization,69.289
2026-02-25 07:00:00,disk_utilization,71.41
2026-02-25 08:00:00,disk_utilization,77.918
2026-02-25 09:00:00,disk_utilization,77.366
2026-02-25 10:00:00,disk_utilization,76.301
2026-02-25 11:00:00,disk_utilization,76.06
2026-02-25 12:00:00,disk_utilization,84.9
2026-02-25 13:00:00,disk_utilization,81.581
2026-02-25 14:00:00,disk_utilization,84.503
2026-02-25 15:00:00,disk_utilization,86.977
2026-02-25 16:00:00,disk_utilization,78.549
2026-02-25 17:00:00,disk_utilization,81.087
2026-02-25 18:00:00,disk_utilization,79.072
2026-02-25 19:00:00,disk_utilization,78.812
2026-02-25 20:00:00,disk_utilization,79.337
2026-02-25 21:00:00,disk_utilization,69.579
2026-02-25 22:00:00,disk_utilization,73.365
2026-02-25 23:00:00,disk_utilization,73.112
2026-02-26 00:00:00,disk_utilization,68.205
2026-02-26 01:00:00,disk_utilization,67.57
2026-02-26 02:00:00,disk_utilization,68.983
2026-02-26 03:00:00,disk_utilization,69.053
2026-02-26 04:00:00,disk_utilization,70.583
2026-02-26 05:00:00,disk_utilization,71.809
2026-02-26 06:00:00,disk_utilization,68.854
2026-02-26 07:00:00,disk_utilization,76.718
2026-02-26 08:00:00,disk_utilization,79.336
2026-02-26 09:00:00,disk_utilization,78.483
2026-02-26 10:00:00,disk_utilization,75.39
2026-02-26 11:00:00,disk_utilization,81.203
2026-02-26 12:00:00,disk_utilization,83.419
2026-02-26 13:00:00,disk_utilization,80.22
2026-02-26 14:00:00,disk_utilization,82.864
2026-02-26 15:00:00,disk_utilization,79.461
2026-02-26 16:00:00,disk_utilization,84.73
2026-02-26 17:00:00,disk_utilization,82.153
2026-02-26 18:00:00,disk_utilization,75.079
2026-02-26 19:00:00,disk_utilization,79.159
2026-02-26 20:00:00,disk_utilization,75.882
2026-02-26 21:00:00,disk_utilization,75.549
2026-02-26 22:00:00,disk_utilization,70.913
2026-02-26 23:00:00,disk_utilization,68.045
2026-02-27 00:00:00,disk_utilization,66.883
2026-02-27 01:00:00,disk_utilization,66.8
2026-02-27 02:00:00,disk_utilization,68.216
2026-02-27 03:00:00,disk_utilization,68.894
2026-02-27 04:00:00,disk_utilization,68.696
2026-02-27 05:00:00,disk_utilization,69.287
2026-02-27 06:00:00,disk_utilization,71.178
2026-02-27 07:00:00,disk_utilization,81.703
2026-02-27 08:00:00,disk_utilization,73.956
2026-02-27 09:00:00,disk_utilization,76.683
2026-02-27 10:00:00,disk_utilization,90.186
2026-02-27 11:00:00,disk_utilization,83.242
2026-02-27 12:00:00,disk_utilization,79.128
2026-02-27 13:00:00,disk_utilization,86.613
2026-02-27 14:00:00,disk_utilization,81.646
2026-02-27 15:00:00,disk_utilization,86.849
2026-02-27 16:00:00,disk_utilization,82.707
2026-02-27 17:00:00,disk_utilization,80.767
2026-02-27 18:00:00,disk_utilization,85.275
2026-02-27 19:00:00,disk_utilization,80.236
2026-02-27 20:00:00,disk_utilization,79.403
2026-02-27 21:00:00,disk_utilization,75.736
2026-02-27 22:00:00,disk_utilization,71.187
2026-02-27 23:00:00,disk_utilization,72.715
2026-02-28 00:00:00,disk_utilization,68.18
2026-02-28 01:00:00,disk_utilization,64.176
2026-02-28 02:00:00,disk_utilization,68.922
2026-02-28 03:00:00,disk_utilization,66.359
2026-02-28 04:00:00,disk_utilization,65.261
2026-02-28 05:00:00,disk_utilization,66.669
2026-02-28 06:00:00,disk_utilization,68.001
2026-02-28 07:00:00,disk_utilization,65.783
2026-02-28 08:00:00,disk_utilization,71.355
2026-02-28 09:00:00,disk_utilization,74.377
2026-02-28 10:00:00,disk_utilization,74.413
2026-02-28 11:00:00,disk_utilization,78.349
2026-02-28 12:00:00,disk_utilization,78.689
2026-02-28 13:00:00,disk_utilization,81.763
2026-02-28 14:00:00,disk_utilization,81.722
2026-02-28 15:00:00,disk_utilization,79.98
2026-02-28 16:00:00,disk_utilization,74.596
2026-02-28 17:00:00,disk_utilization,82.816
2026-02-28 18:00:00,disk_utilization,75.379
2026-02-28 19:00:00,disk_utilization,73.651
2026-02-28 20:00:00,disk_utilization,70.813
2026-02-28 21:00:00,disk_utilization,68.323
2026-02-28 22:00:00,disk_utilization,72.509
2026-02-28 23:00:00,disk_utilization,70.396
2026-03-01 00:00:00,disk_utilization,66.318
2026-03-01 01:00:00,disk_utilization,63.881
2026-03-01 02:00:00,disk_utilization,65.806
2026-03-01 03:00:00,disk_utilization,64.461
2026-03-01 04:00:00,disk_utilization,64.486
2026-03-01 05:00:00,disk_utilization,67.36
2026-03-01 06:00:00,disk_utilization,66.698
2026-03-01 07:00:00,disk_utilization,70.725
2026-03-01 08:00:00,disk_utilization,72.67
2026-03-01 09:00:00,disk_utilization,75.954
2026-03-01 10:00:00,disk_utilization,74.236
2026-03-01 11:00:00,disk_utilization,79.898
2026-03-01 12:00:00,disk_utilization,76.338
2026-03-01 13:00:00,disk_utilization,78.157
2026-03-01 14:00:00,disk_utilization,78.578
2026-03-01 15:00:00,disk_utilization,76.694
2026-03-01 16:00:00,disk_utilization,82.176
2026-03-01 17:00:00,disk_utilization,74.969
2026-03-01 18:00:00,disk_utilization,74.14
2026-03-01 19:00:00,disk_utilization,78.092
2026-03-01 20:00:00,disk_utilization,70.561
2026-03-01 21:00:00,disk_utilization,69.656
2026-03-01 22:00:00,disk_utilization,65.273
2026-03-01 23:00:00,disk_utilization,69.169
2026-03-02 00:00:00,disk_utilization,73.032
2026-03-02 01:00:00,disk_utilization,71.927
2026-03-02 02:00:00,disk_utilization,71.069
2026-03-02 03:00:00,disk_utilization,69.967
2026-03-02 04:00:00,disk_utilization,68.991
2026-03-02 05:00:00,disk_utilization,69.408
2026-03-02 06:00:00,disk_utilization,77.398
2026-03-02 07:00:00,disk_utilization,77.77
2026-03-02 08:00:00,disk_utilization,75.484
2026-03-02 09:00:00,disk_utilization,79.772
2026-03-02 10:00:00,disk_utilization,80.7
2026-03-02 11:00:00,disk_utilization,79.89
2026-03-02 12:00:00,disk_utilization,85.097
2026-03-02 13:00:00,disk_utilization,84.135
2026-03-02 14:00:00,disk_utilization,82.814
2026-03-02 15:00:00,disk_utilization,80.98
2026-03-02 16:00:00,disk_utilization,79.945
2026-03-02 17:00:00,disk_utilization,82.269
2026-03-02 18:00:00,disk_utilization,81.489
2026-03-02 19:00:00,disk_utilization,77.207
2026-03-02 20:00:00,disk_utilization,79.732
2026-03-02 21:00:00,disk_utilization,75.531
2026-03-02 22:00:00,disk_utilization,75.547
2026-03-02 23:00:00,disk_utilization,71.628
2026-03-03 00:00:00,disk_utilization,68.562
2026-03-03 01:00:00,disk_utilization,70.485
2026-03-03 02:00:00,disk_utilization,66.1
2026-03-03 03:00:00,disk_utilization,71.797
2026-03-03 04:00:00,disk_utilization,68.184
2026-03-03 05:00:00,disk_utilization,75.04
2026-03-03 06:00:00,disk_utilization,72.945
2026-03-03 07:00:00,disk_utilization,79.095
2026-03-03 08:00:00,disk_utilization,74.628
2026-03-03 09:00:00,disk_utilization,78.051
2026-03-03 10:00:00,disk_utilization,83.175
2026-03-03 11:00:00,disk_utilization,87.218
2026-03-03 12:00:00,disk_utilization,89.996
2026-03-03 13:00:00,disk_utilization,85.938
2026-03-03 14:00:00,disk_utilization,91.617
2026-03-03 15:00:00,disk_utilization,84.98
2026-03-03 16:00:00,disk_utilization,88.365
2026-03-03 17:00:00,disk_utilization,80.988
2026-03-03 18:00:00,disk_utilization,83.437
2026-03-03 19:00:00,disk_utilization,73.239
2026-03-03 20:00:00,disk_utilization,74.847
2026-03-03 21:00:00,disk_utilization,77.559
2026-03-03 22:00:00,disk_utilization,70.311
2026-03-03 23:00:00,disk_utilization,73.89
2026-03-04 00:00:00,disk_utilization,74.075
2026-03-04 01:00:00,disk_utilization,69.071
2026-03-04 02:00:00,disk_utilization,67.413
2026-03-04 03:00:00,disk_utilization,69.188
2026-03-04 04:00:00,disk_utilization,68.53
2026-03-04 05:00:00,disk_utilization,72.414
2026-03-04 06:00:00,disk_utilization,74.698
2026-03-04 07:00:00,disk_utilization,75.421
2026-03-04 08:00:00,disk_utilization,83.451
2026-03-04 09:00:00,disk_utilization,78.358
2026-03-04 10:00:00,disk_utilization,86.638
2026-03-04 11:00:00,disk_utilization,81.015
2026-03-04 12:00:00,disk_utilization,85.647
2026-03-04 13:00:00,disk_utilization,89.795
2026-03-04 14:00:00,disk_utilization,89.93
2026-03-04 15:00:00,disk_utilization,85.021
2026-03-04 16:00:00,disk_utilization,87.165
2026-03-04 17:00:00,disk_utilization,85.51
2026-03-04 18:00:00,disk_utilization,80.988
2026-03-04 19:00:00,disk_utilization,82.544
2026-03-04 20:00:00,disk_utilization,84.231
2026-03-04 21:00:00,disk_utilization,78.007
2026-03-04 22:00:00,disk_utilization,76.379
2026-03-04 23:00:00,disk_utilization,75.058
2026-03-05 00:00:00,disk_utilization,67.405
2026-03-05 01:00:00,disk_utilization,72.387
2026-03-05 02:00:00,disk_utilization,67.702
2026-03-05 03:00:00,disk_utilization,69.273
2026-03-05 04:00:00,disk_utilization,78.346
2026-03-05 05:00:00,disk_utilization,72.389
2026-03-05 06:00:00,disk_utilization,72.603
2026-03-05 07:00:00,disk_utilization,80.229
2026-03-05 08:00:00,disk_utilization,76.017
2026-03-05 09:00:00,disk_utilization,79.606
2026-03-05 10:00:00,disk_utilization,86.643
2026-03-05 11:00:00,disk_utilization,84.699
2026-03-05 12:00:00,disk_utilization,81.175
2026-03-05 13:00:00,disk_utilization,88.309
2026-03-05 14:00:00,disk_utilization,85.779
2026-03-05 15:00:00,disk_utilization,91.333
2026-03-05 16:00:00,disk_utilization,84.114
2026-03-05 17:00:00,disk_utilization,87.833
2026-03-05 18:00:00,disk_utilization,88.367
2026-03-05 19:00:00,disk_utilization,78.576
2026-03-05 20:00:00,disk_utilization,78.496
2026-03-05 21:00:00,disk_utilization,78.189
2026-03-05 22:00:00,disk_utilization,72.54
2026-03-05 23:00:00,disk_utilization,74.284
2026-03-06 00:00:00,disk_utilization,71.545
2026-03-06 01:00:00,disk_utilization,70.703
2026-03-06 02:00:00,disk_utilization,71.331
2026-03-06 03:00:00,disk_utilization,71.688
2026-03-06 04:00:00,disk_utilization,72.783
2026-03-06 05:00:00,disk_utilization,71.785
2026-03-06 06:00:00,disk_utilization,73.59
2026-03-06 07:00:00,disk_utilization,76.848
2026-03-06 08:00:00,disk_utilization,79.158
2026-03-06 09:00:00,disk_utilization,80.064
2026-03-06 10:00:00,disk_utilization,84.3
2026-03-06 11:00:00,disk_utilization,79.559
2026-03-06 12:00:00,disk_utilization,84.101
2026-03-06 13:00:00,disk_utilization,86.27
2026-03-06 14:00:00,disk_utilization,84.832
2026-03-06 15:00:00,disk_utilization,92.033
2026-03-06 16:00:00,disk_utilization,86.421
2026-03-06 17:00:00,disk_utilization,85.641
2026-03-06 18:00:00,disk_utilization,82.022
2026-03-06 19:00:00,disk_utilization,81.513
2026-03-06 20:00:00,disk_utilization,75.862
2026-03-06 21:00:00,disk_utilization,76.946
2026-03-06 22:00:00,disk_utilization,72.733
2026-03-06 23:00:00,disk_utilization,73.073
2026-03-07 00:00:00,disk_utilization,59.897
2026-03-07 01:00:00,disk_utilization,63.412
2026-03-07 02:00:00,disk_utilization,70.933
2026-03-07 03:00:00,disk_utilization,69.323
2026-03-07 04:00:00,disk_utilization,71.606
2026-03-07 05:00:00,disk_utilization,73.101
2026-03-07 06:00:00,disk_utilization,72.632
2026-03-07 07:00:00,disk_utilization,71.202
2026-03-07 08:00:00,disk_utilization,71.537
2026-03-07 09:00:00,disk_utilization,80.178
2026-03-07 10:00:00,disk_utilization,78.879
2026-03-07 11:00:00,disk_utilization,87.842
2026-03-07 12:00:00,disk_utilization,80.554
2026-03-07 13:00:00,disk_utilization,88.385
2026-03-07 14:00:00,disk_utilization,82.287
2026-03-07 15:00:00,disk_utilization,86.511
2026-03-07 16:00:00,disk_utilization,86.811
2026-03-07 17:00:00,disk_utilization,77.399
2026-03-07 18:00:00,disk_utilization,77.374
2026-03-07 19:00:00,disk_utilization,73.819
2026-03-07 20:00:00,disk_utilization,71.175
2026-03-07 21:00:00,disk_utilization,74.814
2026-03-07 22:00:00,disk_utilization,70.311
2026-03-07 23:00:00,disk_utilization,69.419
2026-03-08 00:00:00,disk_utilization,69.678
2026-03-08 01:00:00,disk_utilization,61.655
2026-03-08 02:00:00,disk_utilization,70.833
2026-03-08 03:00:00,disk_utilization,66.216
2026-03-08 04:00:00,disk_utilization,69.678
2026-03-08 05:00:00,disk_utilization,71.232
2026-03-08 06:00:00,disk_utilization,75.157
2026-03-08 07:00:00,disk_utilization,72.678
2026-03-08 08:00:00,disk_utilization,68.71
2026-03-08 09:00:00,disk_utilization,77.341
2026-03-08 10:00:00,disk_utilization,79.719
2026-03-08 11:00:00,disk_utilization,77.689
2026-03-08 12:00:00,disk_utilization,82.524
2026-03-08 13:00:00,disk_utilization,81.815
2026-03-08 14:00:00,disk_utilization,79.161
2026-03-08 15:00:00,disk_utilization,84.949
2026-03-08 16:00:00,disk_utilization,80.462
2026-03-08 17:00:00,disk_utilization,79.681
2026-03-08 18:00:00,disk_utilization,77.873
2026-03-08 19:00:00,disk_utilization,81.056
2026-03-08 20:00:00,disk_utilization,75.174
2026-03-08 21:00:00,disk_utilization,73.482
2026-03-08 22:00:00,disk_utilization,70.011
2026-03-08 23:00:00,disk_utilization,71.083
2026-03-09 00:00:00,disk_utilization,77.564
2026-03-09 01:00:00,disk_utilization,74.678
2026-03-09 02:00:00,disk_utilization,74.541
2026-03-09 03:00:00,disk_utilization,74.589
2026-03-09 04:00:00,disk_utilization,69.447
2026-03-09 05:00:00,disk_utilization,72.249
2026-03-09 06:00:00,disk_utilization,75.937
2026-03-09 07:00:00,disk_utilization,76.322
2026-03-09 08:00:00,disk_utilization,77.394
2026-03-09 09:00:00,disk_utilization,77.06
2026-03-09 10:00:00,disk_utilization,80.584
2026-03-09 11:00:00,disk_utilization,85.529
2026-03-09 12:00:00,disk_utilization,87.38
2026-03-09 13:00:00,disk_utilization,86.026
2026-03-09 14:00:00,disk_utilization,88.933
2026-03-09 15:00:00,disk_utilization,87.14
2026-03-09 16:00:00,disk_utilization,90.932
2026-03-09 17:00:00,disk_utilization,85.922
2026-03-09 18:00:00,disk_utilization,86.857
2026-03-09 19:00:00,disk_utilization,83.466
2026-03-09 20:00:00,disk_utilization,76.598
2026-03-09 21:00:00,disk_utilization,78.479
2026-03-09 22:00:00,disk_utilization,73.133
2026-03-09 23:00:00,disk_utilization,74.877
2026-03-10 00:00:00,disk_utilization,71.712
2026-03-10 01:00:00,disk_utilization,74.312
2026-03-10 02:00:00,disk_utilization,68.885
2026-03-10 03:00:00,disk_utilization,73.247
2026-03-10 04:00:00,disk_utilization,75.737
2026-03-10 05:00:00,disk_utilization,78.032
2026-03-10 06:00:00,disk_utilization,74.691
2026-03-10 07:00:00,disk_utilization,78.985
2026-03-10 08:00:00,disk_utilization,81.572
2026-03-10 09:00:00,disk_utilization,87.75
2026-03-10 10:00:00,disk_utilization,80.612
2026-03-10 11:00:00,disk_utilization,83.998
2026-03-10 12:00:00,disk_utilization,96.434
2026-03-10 13:00:00,disk_utilization,88.018
2026-03-10 14:00:00,disk_utilization,83.455
2026-03-10 15:00:00,disk_utilization,87.126
2026-03-10 16:00:00,disk_utilization,79.786
2026-03-10 17:00:00,disk_utilization,87.562
2026-03-10 18:00:00,disk_utilization,87.629
2026-03-10 19:00:00,disk_utilization,80.554
2026-03-10 20:00:00,disk_utilization,79.824
2026-03-10 21:00:00,disk_utilization,81.954
2026-03-10 22:00:00,disk_utilization,72.021
2026-03-10 23:00:00,disk_utilization,71.668
2026-03-11 00:00:00,disk_utilization,73.695
2026-03-11 01:00:00,disk_utilization,71.342
2026-03-11 02:00:00,disk_utilization,72.462
2026-03-11 03:00:00,disk_utilization,69.843
2026-03-11 04:00:00,disk_utilization,75.095
2026-03-11 05:00:00,disk_utilization,75.293
2026-03-11 06:00:00,disk_utilization,79.064
2026-03-11 07:00:00,disk_utilization,79.965
2026-03-11 08:00:00,disk_utilization,82.072
2026-03-11 09:00:00,disk_utilization,79.202
2026-03-11 10:00:00,disk_utilization,86.966
2026-03-11 11:00:00,disk_utilization,86.17
2026-03-11 12:00:00,disk_utilization,87.952
2026-03-11 13:00:00,disk_utilization,92.414
2026-03-11 14:00:00,disk_utilization,87.402
2026-03-11 15:00:00,disk_utilization,93.359
2026-03-11 16:00:00,disk_utilization,92.858
2026-03-11 17:00:00,disk_utilization,89.529
2026-03-11 18:00:00,disk_utilization,82.69
2026-03-11 19:00:00,disk_utilization,77.162
2026-03-11 20:00:00,disk_utilization,84.905
2026-03-11 21:00:00,disk_utilization,79.95
2026-03-11 22:00:00,disk_utilization,75.468
2026-03-11 23:00:00,disk_utilization,79.586
2026-03-12 00:00:00,disk_utilization,72.227
2026-03-12 01:00:00,disk_utilization,72.758
2026-03-12 02:00:00,disk_utilization,75.351
2026-03-12 03:00:00,disk_utilization,70.726
2026-03-12 04:00:00,disk_utilization,74.555
2026-03-12 05:00:00,disk_utilization,79.441
2026-03-12 06:00:00,disk_utilization,78.481
2026-03-12 07:00:00,disk_utilization,83.538
2026-03-12 08:00:00,disk_utilization,85.285
2026-03-12 09:00:00,disk_utilization,83.996
2026-03-12 10:00:00,disk_utilization,78.91
2026-03-12 11:00:00,disk_utilization,84.278
2026-03-12 12:00:00,disk_utilization,91.174
2026-03-12 13:00:00,disk_utilization,85.051
2026-03-12 14:00:00,disk_utilization,89.012
2026-03-12 15:00:00,disk_utilization,90.753
2026-03-12 16:00:00,disk_utilization,93.365
2026-03-12 17:00:00,disk_utilization,85.978
2026-03-12 18:00:00,disk_utilization,84.134
2026-03-12 19:00:00,disk_utilization,83.995
2026-03-12 20:00:00,disk_utilization,83.153
2026-03-12 21:00:00,disk_utilization,79.585
2026-03-12 22:00:00,disk_utilization,81.284
2026-03-12 23:00:00,disk_utilization,74.1
2026-03-13 00:00:00,disk_utilization,75.604
2026-03-13 01:00:00,disk_utilization,75.798
2026-03-13 02:00:00,disk_utilization,73.007
2026-03-13 03:00:00,disk_utilization,77.018
2026-03-13 04:00:00,disk_utilization,75.763
2026-03-13 05:00:00,disk_utilization,78.972
2026-03-13 06:00:00,disk_utilization,78.862
2026-03-13 07:00:00,disk_utilization,81.357
2026-03-13 08:00:00,disk_utilization,80.419
2026-03-13 09:00:00,disk_utilization,82.512
2026-03-13 10:00:00,disk_utilization,90.025
2026-03-13 11:00:00,disk_utilization,89.933
2026-03-13 12:00:00,disk_utilization,86.247
2026-03-13 13:00:00,disk_utilization,90.676
2026-03-13 14:00:00,disk_utilization,83.303
2026-03-13 15:00:00,disk_utilization,88.448
2026-03-13 16:00:00,disk_utilization,92.271
2026-03-13 17:00:00,disk_utilization,87.759
2026-03-13 18:00:00,disk_utilization,86.85
2026-03-13 19:00:00,disk_utilization,75.535
2026-03-13 20:00:00,disk_utilization,81.355
2026-03-13 21:00:00,disk_utilization,81.494
2026-03-13 22:00:00,disk_utilization,79.964
2026-03-13 23:00:00,disk_utilization,79.816
2026-03-14 00:00:00,disk_utilization,69.97
2026-03-14 01:00:00,disk_utilization,69.323
2026-03-14 02:00:00,disk_utilization,65.569
2026-03-14 03:00:00,disk_utilization,69.242
2026-03-14 04:00:00,disk_utilization,66.888
2026-03-14 05:00:00,disk_utilization,66.419
2026-03-14 06:00:00,disk_utilization,70.381
2026-03-14 07:00:00,disk_utilization,80.111
2026-03-14 08:00:00,disk_utilization,76.861
2026-03-14 09:00:00,disk_utilization,80.421
2026-03-14 10:00:00,disk_utilization,80.169
2026-03-14 11:00:00,disk_utilization,78.012
2026-03-14 12:00:00,disk_utilization,87.482
2026-03-14 13:00:00,disk_utilization,78.974
2026-03-14 14:00:00,disk_utilization,84.117
2026-03-14 15:00:00,disk_utilization,85.363
2026-03-14 16:00:00,disk_utilization,85.437
2026-03-14 17:00:00,disk_utilization,81.312
2026-03-14 18:00:00,disk_utilization,76.339
2026-03-14 19:00:00,disk_utilization,77.538
2026-03-14 20:00:00,disk_utilization,75.643
2026-03-14 21:00:00,disk_utilization,73.517
2026-03-14 22:00:00,disk_utilization,76.835
2026-03-14 23:00:00,disk_utilization,68.645
2026-03-15 00:00:00,disk_utilization,71.936
2026-03-15 01:00:00,disk_utilization,70.726
2026-03-15 02:00:00,disk_utilization,72.878
2026-03-15 03:00:00,disk_utilization,69.888
2026-03-15 04:00:00,disk_utilization,73.478
2026-03-15 05:00:00,disk_utilization,71.877
2026-03-15 06:00:00,disk_utilization,75.372
2026-03-15 07:00:00,disk_utilization,71.508
2026-03-15 08:00:00,disk_utilization,70.19
2026-03-15 09:00:00,disk_utilization,81.326
2026-03-15 10:00:00,disk_utilization,83.435
2026-03-15 11:00:00,disk_utilization,85.242
2026-03-15 12:00:00,disk_utilization,83.53
2026-03-15 13:00:00,disk_utilization,90.392
2026-03-15 14:00:00,disk_utilization,84.833
2026-03-15 15:00:00,disk_utilization,87.221
2026-03-15 16:00:00,disk_utilization,86.961
2026-03-15 17:00:00,disk_utilization,89.08
2026-03-15 18:00:00,disk_utilization,81.334
2026-03-15 19:00:00,disk_utilization,78.414
2026-03-15 20:00:00,disk_utilization,73.827
2026-03-15 21:00:00,disk_utilization,80.926
2026-03-15 22:00:00,disk_utilization,75.621
2026-03-15 23:00:00,disk_utilization,74.077
2026-03-16 00:00:00,disk_utilization,85.89
2026-03-16 01:00:00,disk_utilization,76.734
2026-03-16 02:00:00,disk_utilization,71.597
2026-03-16 03:00:00,disk_utilization,75.207
2026-03-16 04:00:00,disk_utilization,73.687
2026-03-16 05:00:00,disk_utilization,76.714
2026-03-16 06:00:00,disk_utilization,78.368
2026-03-16 07:00:00,disk_utilization,79.762
2026-03-16 08:00:00,disk_utilization,79.432
2026-03-16 09:00:00,disk_utilization,90.478
2026-03-16 10:00:00,disk_utilization,88.545
2026-03-16 11:00:00,disk_utilization,88.646
2026-03-16 12:00:00,disk_utilization,92.885
2026-03-16 13:00:00,disk_utilization,92.843
2026-03-16 14:00:00,disk_utilization,92.547
2026-03-16 15:00:00,disk_utilization,93.52
2026-03-16 16:00:00,disk_utilization,91.086
2026-03-16 17:00:00,disk_utilization,91.442
2026-03-16 18:00:00,disk_utilization,90.051
2026-03-16 19:00:00,disk_utilization,86.369
2026-03-16 20:00:00,disk_utilization,83.167
2026-03-16 21:00:00,disk_utilization,86.367
2026-03-16 22:00:00,disk_utilization,78.43
2026-03-16 23:00:00,disk_utilization,79.399
2026-03-17 00:00:00,disk_utilization,78.214
2026-03-17 01:00:00,disk_utilization,74.362
2026-03-17 02:00:00,disk_utilization,73.513
2026-03-17 03:00:00,disk_utilization,75.165
2026-03-17 04:00:00,disk_utilization,75.567
2026-03-17 05:00:00,disk_utilization,73.959
2026-03-17 06:00:00,disk_utilization,78.054
2026-03-17 07:00:00,disk_utilization,82.754
2026-03-17 08:00:00,disk_utilization,87.842
2026-03-17 09:00:00,disk_utilization,87.796
2026-03-17 10:00:00,disk_utilization,80.281
2026-03-17 11:00:00,disk_utilization,91.679
2026-03-17 12:00:00,disk_utilization,89.37
2026-03-17 13:00:00,disk_utilization,93.221
2026-03-17 14:00:00,disk_utilization,92.11
2026-03-17 15:00:00,disk_utilization,91.319
2026-03-17 16:00:00,disk_utilization,90.809
2026-03-17 17:00:00,disk_utilization,89.796
2026-03-17 18:00:00,disk_utilization,92.257
2026-03-17 19:00:00,disk_utilization,86.254
2026-03-17 20:00:00,disk_utilization,87.517
2026-03-17 21:00:00,disk_utilization,85.027
2026-03-17 22:00:00,disk_utilization,82.297
2026-03-17 23:00:00,disk_utilization,73.297
2026-03-18 00:00:00,disk_utilization,80.754
2026-03-18 01:00:00,disk_utilization,75.249
2026-03-18 02:00:00,disk_utilization,78.515
2026-03-18 03:00:00,disk_utilization,73.741
2026-03-18 04:00:00,disk_utilization,73.921
2026-03-18 05:00:00,disk_utilization,84.694
2026-03-18 06:00:00,disk_utilization,77.569
2026-03-18 07:00:00,disk_utilization,85.826
2026-03-18 08:00:00,disk_utilization,84.831
2026-03-18 09:00:00,disk_utilization,85.304
2026-03-18 10:00:00,disk_utilization,88.378
2026-03-18 11:00:00,disk_utilization,86.284
2026-03-18 12:00:00,disk_utilization,91.435
2026-03-18 13:00:00,disk_utilization,89.045
2026-03-18 14:00:00,disk_utilization,91.398
2026-03-18 15:00:00,disk_utilization,95.105
2026-03-18 16:00:00,disk_utilization,92.311
2026-03-18 17:00:00,disk_utilization,85.848
2026-03-18 18:00:00,disk_utilization,91.21
2026-03-18 19:00:00,disk_utilization,86.723
2026-03-18 20:00:00,disk_utilization,83.065
2026-03-18 21:00:00,disk_utilization,84.879
2026-03-18 22:00:00,disk_utilization,80.226
2026-03-18 23:00:00,disk_utilization,75.592
2026-03-19 00:00:00,disk_utilization,83.379
2026-03-19 01:00:00,disk_utilization,77.003
2026-03-19 02:00:00,disk_utilization,76.556
2026-03-19 03:00:00,disk_utilization,75.875
2026-03-19 04:00:00,disk_utilization,81.448
2026-03-19 05:00:00,disk_utilization,77.623
2026-03-19 06:00:00,disk_utilization,76.237
2026-03-19 07:00:00,disk_utilization,80.783
2026-03-19 08:00:00,disk_utilization,88.888
2026-03-19 09:00:00,disk_utilization,89.493
2026-03-19 10:00:00,disk_utilization,88.179
2026-03-19 11:00:00,disk_utilization,94.739
2026-03-19 12:00:00,disk_utilization,94.152
2026-03-19 13:00:00,disk_utilization,91.926
2026-03-19 14:00:00,disk_utilization,92.518
2026-03-19 15:00:00,disk_utilization,93.749
2026-03-19 16:00:00,disk_utilization,89.485
2026-03-19 17:00:00,disk_utilization,90.74
2026-03-19 18:00:00,disk_utilization,90.014
2026-03-19 19:00:00,disk_utilization,82.116
2026-03-19 20:00:00,disk_utilization,84.556
2026-03-19 21:00:00,disk_utilization,82.162
2026-03-19 22:00:00,disk_utilization,84.244
2026-03-19 23:00:00,disk_utilization,73.988
2026-03-20 00:00:00,disk_utilization,77.123
2026-03-20 01:00:00,disk_utilization,76.041
2026-03-20 02:00:00,disk_utilization,80.112
2026-03-20 03:00:00,disk_utilization,77.392
2026-03-20 04:00:00,disk_utilization,83.728
2026-03-20 05:00:00,disk_utilization,81.616
2026-03-20 06:00:00,disk_utilization,80.073
2026-03-20 07:00:00,disk_utilization,83.97
2026-03-20 08:00:00,disk_utilization,84.278
2026-03-20 09:00:00,disk_utilization,90.007
2026-03-20 10:00:00,disk_utilization,85.379
2026-03-20 11:00:00,disk_utilization,88.58
2026-03-20 12:00:00,disk_utilization,93.707
2026-03-20 13:00:00,disk_utilization,96.835
2026-03-20 14:00:00,disk_utilization,86.842
2026-03-20 15:00:00,disk_utilization,97.317
2026-03-20 16:00:00,disk_utilization,91.992
2026-03-20 17:00:00,disk_utilization,85.507
2026-03-20 18:00:00,disk_utilization,80.515
2026-03-20 19:00:00,disk_utilization,83.02
2026-03-20 20:00:00,disk_utilization,85.497
2026-03-20 21:00:00,disk_utilization,83.306
2026-03-20 22:00:00,disk_utilization,83.492
2026-03-20 23:00:00,disk_utilization,78.305
2026-03-21 00:00:00,disk_utilization,70.301
2026-03-21 01:00:00,disk_utilization,71.604
2026-03-21 02:00:00,disk_utilization,72.69
2026-03-21 03:00:00,disk_utilization,73.572
2026-03-21 04:00:00,disk_utilization,71.329
2026-03-21 05:00:00,disk_utilization,77.69
2026-03-21 06:00:00,disk_utilization,74.797
2026-03-21 07:00:00,disk_utilization,75.999
2026-03-21 08:00:00,disk_utilization,79.07
2026-03-21 09:00:00,disk_utilization,86.01
2026-03-21 10:00:00,disk_utilization,84.335
2026-03-21 11:00:00,disk_utilization,84.324
2026-03-21 12:00:00,disk_utilization,90.476
2026-03-21 13:00:00,disk_utilization,94.943
2026-03-21 14:00:00,disk_utilization,89.434
2026-03-21 15:00:00,disk_utilization,92.252
2026-03-21 16:00:00,disk_utilization,90.877
2026-03-21 17:00:00,disk_utilization,84.699
2026-03-21 18:00:00,disk_utilization,84.957
2026-03-21 19:00:00,disk_utilization,79.118
2026-03-21 20:00:00,disk_utilization,80.298
2026-03-21 21:00:00,disk_utilization,76.982
2026-03-21 22:00:00,disk_utilization,75.74
2026-03-21 23:00:00,disk_utilization,73.06
2026-03-22 00:00:00,disk_utilization,73.196
2026-03-22 01:00:00,disk_utilization,74.872
2026-03-22 02:00:00,disk_utilization,72.663
2026-03-22 03:00:00,disk_utilization,67.718
2026-03-22 04:00:00,disk_utilization,71.89
2026-03-22 05:00:00,disk_utilization,70.86
2026-03-22 06:00:00,disk_utilization,77.825
2026-03-22 07:00:00,disk_utilization,80.55
2026-03-22 08:00:00,disk_utilization,81.899
2026-03-22 09:00:00,disk_utilization,80.855
2026-03-22 10:00:00,disk_utilization,85.906
2026-03-22 11:00:00,disk_utilization,85.43
2026-03-22 12:00:00,disk_utilization,84.715
2026-03-22 13:00:00,disk_utilization,91.172
2026-03-22 14:00:00,disk_utilization,91.691
2026-03-22 15:00:00,disk_utilization,91.829
2026-03-22 16:00:00,disk_utilization,86.376
2026-03-22 17:00:00,disk_utilization,90.486
2026-03-22 18:00:00,disk_utilization,83.828
2026-03-22 19:00:00,disk_utilization,85.358
2026-03-22 20:00:00,disk_utilization,79.812
2026-03-22 21:00:00,disk_utilization,78.621
2026-03-22 22:00:00,disk_utilization,70.117
2026-03-22 23:00:00,disk_utilization,74.836
2026-03-23 00:00:00,disk_utilization,79.837
2026-03-23 01:00:00,disk_utilization,77.552
2026-03-23 02:00:00,disk_utilization,83.797
2026-03-23 03:00:00,disk_utilization,75.331
2026-03-23 04:00:00,disk_utilization,77.945
2026-03-23 05:00:00,disk_utilization,78.211
2026-03-23 06:00:00,disk_utilization,80.909
2026-03-23 07:00:00,disk_utilization,87.642
2026-03-23 08:00:00,disk_utilization,91.07
2026-03-23 09:00:00,disk_utilization,86.622
2026-03-23 10:00:00,disk_utilization,88.503
2026-03-23 11:00:00,disk_utilization,88.875
2026-03-23 12:00:00,disk_utilization,97.555
2026-03-23 13:00:00,disk_utilization,97.816
2026-03-23 14:00:00,disk_utilization,94.426
2026-03-23 15:00:00,disk_utilization,90.301
2026-03-23 16:00:00,disk_utilization,89.788
2026-03-23 17:00:00,disk_utilization,92.967
2026-03-23 18:00:00,disk_utilization,92.464
2026-03-23 19:00:00,disk_utilization,82.706
2026-03-23 20:00:00,disk_utilization,85.888
2026-03-23 21:00:00,disk_utilization,89.654
2026-03-23 22:00:00,disk_utilization,82.235
2026-03-23 23:00:00,disk_utilization,85.718
2026-03-24 00:00:00,disk_utilization,81.943
2026-03-24 01:00:00,disk_utilization,75.962
2026-03-24 02:00:00,disk_utilization,78.082
2026-03-24 03:00:00,disk_utilization,78.865
2026-03-24 04:00:00,disk_utilization,77.21
2026-03-24 05:00:00,disk_utilization,78.448
2026-03-24 06:00:00,disk_utilization,87.552
2026-03-24 07:00:00,disk_utilization,82.047
2026-03-24 08:00:00,disk_utilization,90.303
2026-03-24 09:00:00,disk_utilization,87.847
2026-03-24 10:00:00,disk_utilization,91.027
2026-03-24 11:00:00,disk_utilization,94.464
2026-03-24 12:00:00,disk_utilization,92.273
2026-03-24 13:00:00,disk_utilization,96.589
2026-03-24 14:00:00,disk_utilization,89.037
2026-03-24 15:00:00,disk_utilization,96.241
2026-03-24 16:00:00,disk_utilization,86.735
2026-03-24 17:00:00,disk_utilization,92.206
2026-03-24 18:00:00,disk_utilization,93.811
2026-03-24 19:00:00,disk_utilization,91.203
2026-03-24 20:00:00,disk_utilization,83.389
2026-03-24 21:00:00,disk_utilization,81.722
2026-03-24 22:00:00,disk_utilization,81.254
2026-03-24 23:00:00,disk_utilization,82.24
2026-03-25 00:00:00,disk_utilization,74.332
2026-03-25 01:00:00,disk_utilization,79.607
2026-03-25 02:00:00,disk_utilization,80.326
2026-03-25 03:00:00,disk_utilization,78.833
2026-03-25 04:00:00,disk_utilization,82.076
2026-03-25 05:00:00,disk_utilization,82.46
2026-03-25 06:00:00,disk_utilization,81.839
2026-03-25 07:00:00,disk_utilization,79.603
2026-03-25 08:00:00,disk_utilization,87.9
2026-03-25 09:00:00,disk_utilization,86.729
2026-03-25 10:00:00,disk_utilization,89.801
2026-03-25 11:00:00,disk_utilization,94.648
2026-03-25 12:00:00,disk_utilization,98.752
2026-03-25 13:00:00,disk_utilization,95.203
2026-03-25 14:00:00,disk_utilization,97.27
2026-03-25 15:00:00,disk_utilization,91.02
2026-03-25 16:00:00,disk_utilization,95.309
2026-03-25 17:00:00,disk_utilization,93.139
2026-03-25 18:00:00,disk_utilization,95.368
2026-03-25 19:00:00,disk_utilization,88.147
2026-03-25 20:00:00,disk_utilization,86.991
2026-03-25 21:00:00,disk_utilization,88.84
2026-03-25 22:00:00,disk_utilization,83.476
2026-03-25 23:00:00,disk_utilization,78.787
2026-03-26 00:00:00,disk_utilization,88.515
2026-03-26 01:00:00,disk_utilization,76.843
2026-03-26 02:00:00,disk_utilization,79.63
2026-03-26 03:00:00,disk_utilization,81.155
2026-03-26 04:00:00,disk_utilization,81.735
2026-03-26 05:00:00,disk_utilization,81.652
2026-03-26 06:00:00,disk_utilization,83.342
2026-03-26 07:00:00,disk_utilization,85.139
2026-03-26 08:00:00,disk_utilization,84.584
2026-03-26 09:00:00,disk_utilization,96.471
2026-03-26 10:00:00,disk_utilization,91.308
2026-03-26 11:00:00,disk_utilization,95.434
2026-03-26 12:00:00,disk_utilization,93.928
2026-03-26 13:00:00,disk_utilization,94.685
2026-03-26 14:00:00,disk_utilization,94.674
2026-03-26 15:00:00,disk_utilization,91.136
2026-03-26 16:00:00,disk_utilization,94.522
2026-03-26 17:00:00,disk_utilization,92.53
2026-03-26 18:00:00,disk_utilization,95.627
2026-03-26 19:00:00,disk_utilization,86.61
2026-03-26 20:00:00,disk_utilization,86.417
2026-03-26 21:00:00,disk_utilization,83.4
2026-03-26 22:00:00,disk_utilization,88.512
2026-03-26 23:00:00,disk_utilization,79.937
2026-03-27 00:00:00,disk_utilization,82.979
2026-03-27 01:00:00,disk_utilization,83.421
2026-03-27 02:00:00,disk_utilization,79.818
2026-03-27 03:00:00,disk_utilization,76.416
2026-03-27 04:00:00,disk_utilization,77.271
2026-03-27 05:00:00,disk_utilization,85.232
2026-03-27 06:00:00,disk_utilization,80.546
2026-03-27 07:00:00,disk_utilization,87.452
2026-03-27 08:00:00,disk_utilization,88.707
2026-03-27 09:00:00,disk_utilization,91.584
2026-03-27 10:00:00,disk_utilization,93.815
2026-03-27 11:00:00,disk_utilization,91.274
2026-03-27 12:00:00,disk_utilization,92.438
2026-03-27 13:00:00,disk_utilization,98.326
2026-03-27 14:00:00,disk_utilization,94.584
2026-03-27 15:00:00,disk_utilization,87.967
2026-03-27 16:00:00,disk_utilization,97.382
2026-03-27 17:00:00,disk_utilization,91.074
2026-03-27 18:00:00,disk_utilization,93.945
2026-03-27 19:00:00,disk_utilization,94.811
2026-03-27 20:00:00,disk_utilization,88.63
2026-03-27 21:00:00,disk_utilization,89.515
2026-03-27 22:00:00,disk_utilization,85.077
2026-03-27 23:00:00,disk_utilization,87.739
2026-03-28 00:00:00,disk_utilization,73.462
2026-03-28 01:00:00,disk_utilization,75.843
2026-03-28 02:00:00,disk_utilization,77.632
2026-03-28 03:00:00,disk_utilization,75.332
2026-03-28 04:00:00,disk_utilization,80.177
2026-03-28 05:00:00,disk_utilization,76.714
2026-03-28 06:00:00,disk_utilization,85.893
2026-03-28 07:00:00,disk_utilization,87.999
2026-03-28 08:00:00,disk_utilization,84.567
2026-03-28 09:00:00,disk_utilization,87.467
2026-03-28 10:00:00,disk_utilization,91.332
2026-03-28 11:00:00,disk_utilization,85.87
2026-03-28 12:00:00,disk_utilization,86.785
2026-03-28 13:00:00,disk_utilization,95.308
2026-03-28 14:00:00,disk_utilization,92.651
2026-03-28 15:00:00,disk_utilization,90.895
2026-03-28 16:00:00,disk_utilization,90.827
2026-03-28 17:00:00,disk_utilization,82.382
2026-03-28 18:00:00,disk_utilization,87.329
2026-03-28 19:00:00,disk_utilization,83.73
2026-03-28 20:00:00,disk_utilization,86.691
2026-03-28 21:00:00,disk_utilization,84.87
2026-03-28 22:00:00,disk_utilization,81.703
2026-03-28 23:00:00,disk_utilization,79.521
2026-03-29 00:00:00,disk_utilization,72.589
2026-03-29 01:00:00,disk_utilization,78.072
2026-03-29 02:00:00,disk_utilization,77.933
2026-03-29 03:00:00,disk_utilization,80.071
2026-03-29 04:00:00,disk_utilization,83.507
2026-03-29 05:00:00,disk_utilization,73.364
2026-03-29 06:00:00,disk_utilization,78.952
2026-03-29 07:00:00,disk_utilization,79.838
2026-03-29 08:00:00,disk_utilization,84.671
2026-03-29 09:00:00,disk_utilization,86.282
2026-03-29 10:00:00,disk_utilization,87.487
2026-03-29 11:00:00,disk_utilization,92.947
2026-03-29 12:00:00,disk_utilization,87.849
2026-03-29 13:00:00,disk_utilization,88.847
2026-03-29 14:00:00,disk_utilization,89.188
2026-03-29 15:00:00,disk_utilization,90.925
2026-03-29 16:00:00,disk_utilization,87.539
2026-03-29 17:00:00,disk_utilization,89.826
2026-03-29 18:00:00,disk_utilization,87.837
2026-03-29 19:00:00,disk_utilization,84.062
2026-03-29 20:00:00,disk_utilization,86.99
2026-03-29 21:00:00,disk_utilization,82.138
2026-03-29 22:00:00,disk_utilization,83.593
2026-03-29 23:00:00,disk_utilization,78.181
2026-03-30 00:00:00,disk_utilization,82.515
2026-03-30 01:00:00,disk_utilization,80.118
2026-03-30 02:00:00,disk_utilization,81.531
2026-03-30 03:00:00,disk_utilization,83.979
2026-03-30 04:00:00,disk_utilization,81.426
2026-03-30 05:00:00,disk_utilization,85.504
2026-03-30 06:00:00,disk_utilization,83.186
2026-03-30 07:00:00,disk_utilization,89.849
2026-03-30 08:00:00,disk_utilization,87.92
2026-03-30 09:00:00,disk_utilization,94.304
2026-03-30 10:00:00,disk_utilization,93.879
2026-03-30 11:00:00,disk_utilization,99.0
2026-03-30 12:00:00,disk_utilization,93.198
2026-03-30 13:00:00,disk_utilization,93.049
2026-03-30 14:00:00,disk_utilization,95.919
2026-03-30 15:00:00,disk_utilization,93.36
2026-03-30 16:00:00,disk_utilization,92.584
2026-03-30 17:00:00,disk_utilization,97.344
2026-03-30 18:00:00,disk_utilization,93.827
2026-03-30 19:00:00,disk_utilization,90.49
2026-03-30 20:00:00,disk_utilization,88.715
2026-03-30 21:00:00,disk_utilization,86.032
2026-03-30 22:00:00,disk_utilization,90.863
2026-03-30 23:00:00,disk_utilization,82.067
2026-03-31 00:00:00,disk_utilization,79.053
2026-03-31 01:00:00,disk_utilization,84.627
2026-03-31 02:00:00,disk_utilization,81.337
2026-03-31 03:00:00,disk_utilization,88.391
2026-03-31 04:00:00,disk_utilization,81.513
2026-03-31 05:00:00,disk_utilization,86.919
2026-03-31 06:00:00,disk_utilization,89.303
2026-03-31 07:00:00,disk_utilization,86.439
2026-03-31 08:00:00,disk_utilization,87.863
2026-03-31 09:00:00,disk_utilization,94.405
2026-03-31 10:00:00,disk_utilization,95.853
2026-03-31 11:00:00,disk_utilization,91.571
2026-03-31 12:00:00,disk_utilization,93.707
2026-03-31 13:00:00,disk_utilization,90.3
2026-03-31 14:00:00,disk_utilization,99.0
2026-03-31 15:00:00,disk_utilization,97.16
2026-03-31 16:00:00,disk_utilization,96.678
2026-03-31 17:00:00,disk_utilization,90.837
2026-03-31 18:00:00,disk_utilization,90.978
2026-03-31 19:00:00,disk_utilization,90.927
2026-03-31 20:00:00,disk_utilization,88.291
2026-03-31 21:00:00,disk_utilization,88.609
2026-03-31 22:00:00,disk_utilization,88.094
2026-03-31 23:00:00,disk_utilization,91.514
2026-04-01 00:00:00,disk_utilization,83.392
2026-04-01 01:00:00,disk_utilization,86.017
2026-04-01 02:00:00,disk_utilization,79.926
2026-04-01 03:00:00,disk_utilization,77.682
2026-04-01 04:00:00,disk_utilization,82.467
2026-04-01 05:00:00,disk_utilization,80.02
2026-04-01 06:00:00,disk_utilization,86.532
2026-04-01 07:00:00,disk_utilization,86.094
2026-04-01 08:00:00,disk_utilization,84.661
2026-04-01 09:00:00,disk_utilization,97.821
2026-04-01 10:00:00,disk_utilization,92.947
2026-04-01 11:00:00,disk_utilization,91.322
2026-04-01 12:00:00,disk_utilization,99.0
2026-04-01 13:00:00,disk_utilization,96.156
2026-04-01 14:00:00,disk_utilization,99.0
2026-04-01 15:00:00,disk_utilization,96.177
2026-04-01 16:00:00,disk_utilization,95.974
2026-04-01 17:00:00,disk_utilization,97.377
2026-04-01 18:00:00,disk_utilization,96.484
2026-04-01 19:00:00,disk_utilization,95.098
2026-04-01 20:00:00,disk_utilization,90.471
2026-04-01 21:00:00,disk_utilization,90.273
2026-04-01 22:00:00,disk_utilization,89.013
2026-04-01 23:00:00,disk_utilization,85.739
2026-04-02 00:00:00,disk_utilization,83.456
2026-04-02 01:00:00,disk_utilization,78.767
2026-04-02 02:00:00,disk_utilization,84.646
2026-04-02 03:00:00,disk_utilization,83.265
2026-04-02 04:00:00,disk_utilization,82.715
2026-04-02 05:00:00,disk_utilization,89.078
2026-04-02 06:00:00,disk_utilization,82.636
2026-04-02 07:00:00,disk_utilization,93.8
2026-04-02 08:00:00,disk_utilization,90.889
2026-04-02 09:00:00,disk_utilization,93.997
2026-04-02 10:00:00,disk_utilization,93.807
2026-04-02 11:00:00,disk_utilization,91.666
2026-04-02 12:00:00,disk_utilization,97.537
2026-04-02 13:00:00,disk_utilization,99.0
2026-04-02 14:00:00,disk_utilization,99.0
2026-04-02 15:00:00,disk_utilization,98.215
2026-04-02 16:00:00,disk_utilization,91.451
2026-04-02 17:00:00,disk_utilization,92.15
2026-04-02 18:00:00,disk_utilization,99.0
2026-04-02 19:00:00,disk_utilization,89.947
2026-04-02 20:00:00,disk_utilization,95.453
2026-04-02 21:00:00,disk_utilization,86.317
2026-04-02 22:00:00,disk_utilization,86.661
2026-04-02 23:00:00,disk_utilization,87.445
2026-04-03 00:00:00,disk_utilization,81.855
2026-04-03 01:00:00,disk_utilization,88.311
2026-04-03 02:00:00,disk_utilization,83.507
2026-04-03 03:00:00,disk_utilization,84.953
2026-04-03 04:00:00,disk_utilization,83.585
2026-04-03 05:00:00,disk_utilization,87.653
2026-04-03 06:00:00,disk_utilization,92.088
2026-04-03 07:00:00,disk_utilization,88.906
2026-04-03 08:00:00,disk_utilization,96.577
2026-04-03 09:00:00,disk_utilization,91.642
2026-04-03 10:00:00,disk_utilization,97.716
2026-04-03 11:00:00,disk_utilization,98.566
2026-04-03 12:00:00,disk_utilization,95.182
2026-04-03 13:00:00,disk_utilization,99.0
2026-04-03 14:00:00,disk_utilization,99.0
2026-04-03 15:00:00,disk_utilization,96.682
2026-04-03 16:00:00,disk_utilization,99.0
2026-04-03 17:00:00,disk_utilization,97.646
2026-04-03 18:00:00,disk_utilization,95.35
2026-04-03 19:00:00,disk_utilization,93.451
2026-04-03 20:00:00,disk_utilization,91.334
2026-04-03 21:00:00,disk_utilization,88.448
2026-04-03 22:00:00,disk_utilization,88.06
2026-04-03 23:00:00,disk_utilization,84.069
2026-04-04 00:00:00,disk_utilization,87.643
2026-04-04 01:00:00,disk_utilization,74.664
2026-04-04 02:00:00,disk_utilization,76.883
2026-04-04 03:00:00,disk_utilization,77.41
2026-04-04 04:00:00,disk_utilization,85.866
2026-04-04 05:00:00,disk_utilization,77.074
2026-04-04 06:00:00,disk_utilization,83.987
2026-04-04 07:00:00,disk_utilization,85.402
2026-04-04 08:00:00,disk_utilization,87.746
2026-04-04 09:00:00,disk_utilization,92.543
2026-04-04 10:00:00,disk_utilization,94.428
2026-04-04 11:00:00,disk_utilization,91.103
2026-04-04 12:00:00,disk_utilization,94.327
2026-04-04 13:00:00,disk_utilization,88.97
2026-04-04 14:00:00,disk_utilization,95.15
2026-04-04 15:00:00,disk_utilization,92.216
2026-04-04 16:00:00,disk_utilization,93.258
2026-04-04 17:00:00,disk_utilization,87.508
2026-04-04 18:00:00,disk_utilization,92.14
2026-04-04 19:00:00,disk_utilization,83.924
2026-04-04 20:00:00,disk_utilization,87.406
2026-04-04 21:00:00,disk_utilization,81.229
2026-04-04 22:00:00,disk_utilization,80.448
2026-04-04 23:00:00,disk_utilization,84.822
2026-04-05 00:00:00,disk_utilization,81.869
2026-04-05 01:00:00,disk_utilization,82.771
2026-04-05 02:00:00,disk_utilization,83.748
2026-04-05 03:00:00,disk_utilization,77.041
2026-04-05 04:00:00,disk_utilization,84.674
2026-04-05 05:00:00,disk_utilization,77.07
2026-04-05 06:00:00,disk_utilization,85.379
2026-04-05 07:00:00,disk_utilization,83.608
2026-04-05 08:00:00,disk_utilization,84.386
2026-04-05 09:00:00,disk_utilization,91.109
2026-04-05 10:00:00,disk_utilization,94.048
2026-04-05 11:00:00,disk_utilization,95.634
2026-04-05 12:00:00,disk_utilization,94.822
2026-04-05 13:00:00,disk_utilization,95.39
2026-04-05 14:00:00,disk_utilization,96.866
2026-04-05 15:00:00,disk_utilization,95.942
2026-04-05 16:00:00,disk_utilization,95.873
2026-04-05 17:00:00,disk_utilization,93.608
2026-04-05 18:00:00,disk_utilization,93.885
2026-04-05 19:00:00,disk_utilization,84.564
2026-04-05 20:00:00,disk_utilization,86.999
2026-04-05 21:00:00,disk_utilization,81.189
2026-04-05 22:00:00,disk_utilization,84.259
2026-04-05 23:00:00,disk_utilization,86.716
2026-04-06 00:00:00,disk_utilization,84.19
2026-04-06 01:00:00,disk_utilization,85.212
2026-04-06 02:00:00,disk_utilization,86.845
2026-04-06 03:00:00,disk_utilization,78.663
2026-04-06 04:00:00,disk_utilization,84.117
2026-04-06 05:00:00,disk_utilization,88.067
2026-04-06 06:00:00,disk_utilization,79.957
2026-04-06 07:00:00,disk_utilization,87.665
2026-04-06 08:00:00,disk_utilization,95.987
2026-04-06 09:00:00,disk_utilization,97.782
2026-04-06 10:00:00,disk_utilization,97.843
2026-04-06 11:00:00,disk_utilization,99.0
2026-04-06 12:00:00,disk_utilization,99.0
2026-04-06 13:00:00,disk_utilization,99.0
2026-04-06 14:00:00,disk_utilization,99.0
2026-04-06 15:00:00,disk_utilization,99.0
2026-04-06 16:00:00,disk_utilization,97.859
2026-04-06 17:00:00,disk_utilization,99.0
2026-04-06 18:00:00,disk_utilization,99.0
2026-04-06 19:00:00,disk_utilization,99.0
2026-04-06 20:00:00,disk_utilization,91.676
2026-04-06 21:00:00,disk_utilization,87.986
2026-04-06 22:00:00,disk_utilization,92.767
2026-04-06 23:00:00,disk_utilization,88.929
2026-04-07 00:00:00,disk_utilization,87.03
2026-04-07 01:00:00,disk_utilization,83.362
2026-04-07 02:00:00,disk_utilization,86.285
2026-04-07 03:00:00,disk_utilization,82.043
2026-04-07 04:00:00,disk_utilization,88.018
2026-04-07 05:00:00,disk_utilization,91.542
2026-04-07 06:00:00,disk_utilization,93.973
2026-04-07 07:00:00,disk_utilization,93.153
2026-04-07 08:00:00,disk_utilization,88.97
2026-04-07 09:00:00,disk_utilization,95.797
2026-04-07 10:00:00,disk_utilization,99.0
2026-04-07 11:00:00,disk_utilization,96.221
2026-04-07 12:00:00,disk_utilization,99.0
2026-04-07 13:00:00,disk_utilization,99.0
2026-04-07 14:00:00,disk_utilization,99.0
2026-04-07 15:00:00,disk_utilization,99.0
2026-04-07 16:00:00,disk_utilization,97.99
2026-04-07 17:00:00,disk_utilization,95.966
2026-04-07 18:00:00,disk_utilization,99.0
2026-04-07 19:00:00,disk_utilization,91.797
2026-04-07 20:00:00,disk_utilization,92.742
2026-04-07 21:00:00,disk_utilization,91.083
2026-04-07 22:00:00,disk_utilization,92.476
2026-04-07 23:00:00,disk_utilization,89.572
2026-04-08 00:00:00,disk_utilization,87.847
2026-04-08 01:00:00,disk_utilization,84.487
2026-04-08 02:00:00,disk_utilization,89.085
2026-04-08 03:00:00,disk_utilization,97.808
2026-04-08 04:00:00,disk_utilization,88.622
2026-04-08 05:00:00,disk_utilization,88.136
2026-04-08 06:00:00,disk_utilization,85.618
2026-04-08 07:00:00,disk_utilization,89.547
2026-04-08 08:00:00,disk_utilization,92.907
2026-04-08 09:00:00,disk_utilization,94.033
2026-04-08 10:00:00,disk_utilization,97.536
2026-04-08 11:00:00,disk_utilization,99.0
2026-04-08 12:00:00,disk_utilization,99.0
2026-04-08 13:00:00,disk_utilization,99.0
2026-04-08 14:00:00,disk_utilization,98.031
2026-04-08 15:00:00,disk_utilization,99.0
2026-04-08 16:00:00,disk_utilization,99.0
2026-04-08 17:00:00,disk_utilization,94.187
2026-04-08 18:00:00,disk_utilization,99.0
2026-04-08 19:00:00,disk_utilization,98.894
2026-04-08 20:00:00,disk_utilization,86.486
2026-04-08 21:00:00,disk_utilization,89.238
2026-04-08 22:00:00,disk_utilization,89.469
2026-04-08 23:00:00,disk_utilization,90.365
2026-04-09 00:00:00,disk_utilization,85.361
2026-04-09 01:00:00,disk_utilization,83.63
2026-04-09 02:00:00,disk_utilization,88.054
2026-04-09 03:00:00,disk_utilization,84.758
2026-04-09 04:00:00,disk_utilization,88.606
2026-04-09 05:00:00,disk_utilization,84.935
2026-04-09 06:00:00,disk_utilization,85.887
2026-04-09 07:00:00,disk_utilization,94.157
2026-04-09 08:00:00,disk_utilization,94.738
2026-04-09 09:00:00,disk_utilization,98.836
2026-04-09 10:00:00,disk_utilization,96.418
2026-04-09 11:00:00,disk_utilization,97.306
2026-04-09 12:00:00,disk_utilization,99.0
2026-04-09 13:00:00,disk_utilization,97.229
2026-04-09 14:00:00,disk_utilization,99.0
2026-04-09 15:00:00,disk_utilization,99.0
2026-04-09 16:00:00,disk_utilization,99.0
2026-04-09 17:00:00,disk_utilization,97.735
2026-04-09 18:00:00,disk_utilization,95.71
2026-04-09 19:00:00,disk_utilization,95.618
2026-04-09 20:00:00,disk_utilization,90.311
2026-04-09 21:00:00,disk_utilization,89.258
2026-04-09 22:00:00,disk_utilization,92.166
2026-04-09 23:00:00,disk_utilization,90.541
2026-04-10 00:00:00,disk_utilization,84.191
2026-04-10 01:00:00,disk_utilization,88.587
2026-04-10 02:00:00,disk_utilization,87.667
2026-04-10 03:00:00,disk_utilization,91.124
2026-04-10 04:00:00,disk_utilization,89.119
2026-04-10 05:00:00,disk_utilization,91.877
2026-04-10 06:00:00,disk_utilization,91.807
2026-04-10 07:00:00,disk_utilization,95.263
2026-04-10 08:00:00,disk_utilization,90.551
2026-04-10 09:00:00,disk_utilization,96.135
2026-04-10 10:00:00,disk_utilization,98.331
2026-04-10 11:00:00,disk_utilization,99.0
2026-04-10 12:00:00,disk_utilization,99.0
2026-04-10 13:00:00,disk_utilization,99.0
2026-04-10 14:00:00,disk_utilization,99.0
2026-04-10 15:00:00,disk_utilization,99.0
2026-04-10 16:00:00,disk_utilization,99.0
2026-04-10 17:00:00,disk_utilization,99.0
2026-04-10 18:00:00,disk_utilization,99.0
2026-04-10 19:00:00,disk_utilization,93.625
2026-04-10 20:00:00,disk_utilization,94.047
2026-04-10 21:00:00,disk_utilization,87.346
2026-04-10 22:00:00,disk_utilization,90.77
2026-04-10 23:00:00,disk_utilization,88.43
2026-04-11 00:00:00,disk_utilization,80.973
2026-04-11 01:00:00,disk_utilization,86.669
2026-04-11 02:00:00,disk_utilization,78.193
2026-04-11 03:00:00,disk_utilization,84.071
2026-04-11 04:00:00,disk_utilization,89.329
2026-04-11 05:00:00,disk_utilization,87.29
2026-04-11 06:00:00,disk_utilization,85.638
2026-04-11 07:00:00,disk_utilization,84.278
2026-04-11 08:00:00,disk_utilization,85.683
2026-04-11 09:00:00,disk_utilization,90.623
2026-04-11 10:00:00,disk_utilization,91.744
2026-04-11 11:00:00,disk_utilization,93.321
2026-04-11 12:00:00,disk_utilization,95.79
2026-04-11 13:00:00,disk_utilization,97.28
2026-04-11 14:00:00,disk_utilization,99.0
2026-04-11 15:00:00,disk_utilization,93.909
2026-04-11 16:00:00,disk_utilization,94.794
2026-04-11 17:00:00,disk_utilization,95.109
2026-04-11 18:00:00,disk_utilization,93.363
2026-04-11 19:00:00,disk_utilization,97.547
2026-04-11 20:00:00,disk_utilization,90.682
2026-04-11 21:00:00,disk_utilization,83.092
2026-04-11 22:00:00,disk_utilization,87.276
2026-04-11 23:00:00,disk_utilization,86.019
2026-04-12 00:00:00,disk_utilization,82.753
2026-04-12 01:00:00,disk_utilization,78.707
2026-04-12 02:00:00,disk_utilization,87.367
2026-04-12 03:00:00,disk_utilization,79.174
2026-04-12 04:00:00,disk_utilization,85.183
2026-04-12 05:00:00,disk_utilization,85.09
2026-04-12 06:00:00,disk_utilization,87.967
2026-04-12 07:00:00,disk_utilization,93.233
2026-04-12 08:00:00,disk_utilization,91.886
2026-04-12 09:00:00,disk_utilization,90.614
2026-04-12 10:00:00,disk_utilization,97.555
2026-04-12 11:00:00,disk_utilization,94.019
2026-04-12 12:00:00,disk_utilization,97.692
2026-04-12 13:00:00,disk_utilization,94.139
2026-04-12 14:00:00,disk_utilization,95.209
2026-04-12 15:00:00,disk_utilization,98.209
2026-04-12 16:00:00,disk_utilization,98.377
2026-04-12 17:00:00,disk_utilization,90.913
2026-04-12 18:00:00,disk_utilization,95.873
2026-04-12 19:00:00,disk_utilization,90.011
2026-04-12 20:00:00,disk_utilization,94.256
2026-04-12 21:00:00,disk_utilization,87.309
2026-04-12 22:00:00,disk_utilization,83.082
2026-04-12 23:00:00,disk_utilization,85.042
2026-04-13 00:00:00,disk_utilization,85.887
2026-04-13 01:00:00,disk_utilization,91.661
2026-04-13 02:00:00,disk_utilization,87.602
2026-04-13 03:00:00,disk_utilization,87.436
2026-04-13 04:00:00,disk_utilization,90.483
2026-04-13 05:00:00,disk_utilization,86.982
2026-04-13 06:00:00,disk_utilization,87.805
2026-04-13 07:00:00,disk_utilization,94.845
2026-04-13 08:00:00,disk_utilization,92.409
2026-04-13 09:00:00,disk_utilization,94.497
2026-04-13 10:00:00,disk_utilization,99.0
2026-04-13 11:00:00,disk_utilization,99.0
2026-04-13 12:00:00,disk_utilization,98.947
2026-04-13 13:00:00,disk_utilization,99.0
2026-04-13 14:00:00,disk_utilization,99.0
2026-04-13 15:00:00,disk_utilization,99.0
2026-04-13 16:00:00,disk_utilization,99.0
2026-04-13 17:00:00,disk_utilization,99.0
2026-04-13 18:00:00,disk_utilization,99.0
2026-04-13 19:00:00,disk_utilization,93.908
2026-04-13 20:00:00,disk_utilization,93.906
2026-04-13 21:00:00,disk_utilization,94.186
2026-04-13 22:00:00,disk_utilization,93.317
2026-04-13 23:00:00,disk_utilization,90.029
2026-04-14 00:00:00,disk_utilization,89.812
2026-04-14 01:00:00,disk_utilization,88.522
2026-04-14 02:00:00,disk_utilization,87.541
2026-04-14 03:00:00,disk_utilization,87.434
2026-04-14 04:00:00,disk_utilization,87.861
2026-04-14 05:00:00,disk_utilization,91.125
2026-04-14 06:00:00,disk_utilization,93.336
2026-04-14 07:00:00,disk_utilization,94.647
2026-04-14 08:00:00,disk_utilization,92.604
2026-04-14 09:00:00,disk_utilization,95.232
2026-04-14 10:00:00,disk_utilization,99.0
2026-04-14 11:00:00,disk_utilization,99.0
2026-04-14 12:00:00,disk_utilization,99.0
2026-04-14 13:00:00,disk_utilization,99.0
2026-04-14 14:00:00,disk_utilization,99.0
2026-04-14 15:00:00,disk_utilization,99.0
2026-04-14 16:00:00,disk_utilization,99.0
2026-04-14 17:00:00,disk_utilization,99.0
2026-04-14 18:00:00,disk_utilization,98.312
2026-04-14 19:00:00,disk_utilization,97.908
2026-04-14 20:00:00,disk_utilization,94.775
2026-04-14 21:00:00,disk_utilization,98.238
2026-04-14 22:00:00,disk_utilization,91.785
2026-04-14 23:00:00,disk_utilization,91.219
2026-04-15 00:00:00,disk_utilization,91.221
2026-04-15 01:00:00,disk_utilization,86.496
2026-04-15 02:00:00,disk_utilization,89.045
2026-04-15 03:00:00,disk_utilization,89.578
2026-04-15 04:00:00,disk_utilization,84.91
2026-04-15 05:00:00,disk_utilization,91.619
2026-04-15 06:00:00,disk_utilization,92.399
2026-04-15 07:00:00,disk_utilization,94.873
2026-04-15 08:00:00,disk_utilization,96.679
2026-04-15 09:00:00,disk_utilization,99.0
2026-04-15 10:00:00,disk_utilization,99.0
2026-04-15 11:00:00,disk_utilization,98.744
2026-04-15 12:00:00,disk_utilization,99.0
2026-04-15 13:00:00,disk_utilization,99.0
2026-04-15 14:00:00,disk_utilization,99.0
2026-04-15 15:00:00,disk_utilization,99.0
2026-04-15 16:00:00,disk_utilization,99.0
2026-04-15 17:00:00,disk_utilization,99.0
2026-04-15 18:00:00,disk_utilization,99.0
2026-04-15 19:00:00,disk_utilization,97.919
2026-04-15 20:00:00,disk_utilization,93.809
2026-04-15 21:00:00,disk_utilization,93.792
2026-04-15 22:00:00,disk_utilization,94.96
2026-04-15 23:00:00,disk_utilization,92.406
2026-04-16 00:00:00,disk_utilization,91.142
2026-04-16 01:00:00,disk_utilization,88.508
2026-04-16 02:00:00,disk_utilization,87.775
2026-04-16 03:00:00,disk_utilization,88.647
2026-04-16 04:00:00,disk_utilization,92.177
2026-04-16 05:00:00,disk_utilization,93.815
2026-04-16 06:00:00,disk_utilization,89.949
2026-04-16 07:00:00,disk_utilization,97.202
2026-04-16 08:00:00,disk_utilization,95.052
2026-04-16 09:00:00,disk_utilization,99.0
2026-04-16 10:00:00,disk_utilization,99.0
2026-04-16 11:00:00,disk_utilization,99.0
2026-04-16 12:00:00,disk_utilization,99.0
2026-04-16 13:00:00,disk_utilization,99.0
2026-04-16 14:00:00,disk_utilization,99.0
2026-04-16 15:00:00,disk_utilization,99.0
2026-04-16 16:00:00,disk_utilization,99.0
2026-04-16 17:00:00,disk_utilization,99.0
2026-04-16 18:00:00,disk_utilization,99.0
2026-04-16 19:00:00,disk_utilization,97.953
2026-04-16 20:00:00,disk_utilization,99.0
2026-04-16 21:00:00,disk_utilization,93.372
2026-04-16 22:00:00,disk_utilization,94.955
2026-04-16 23:00:00,disk_utilization,92.561
2026-04-17 00:00:00,disk_utilization,86.173
2026-04-17 01:00:00,disk_utilization,91.14
2026-04-17 02:00:00,disk_utilization,85.087
2026-04-17 03:00:00,disk_utilization,91.503
2026-04-17 04:00:00,disk_utilization,88.914
2026-04-17 05:00:00,disk_utilization,91.75
2026-04-17 06:00:00,disk_utilization,89.517
2026-04-17 07:00:00,disk_utilization,95.715
2026-04-17 08:00:00,disk_utilization,99.0
2026-04-17 09:00:00,disk_utilization,97.104
2026-04-17 10:00:00,disk_utilization,99.0
2026-04-17 11:00:00,disk_utilization,99.0
2026-04-17 12:00:00,disk_utilization,99.0
2026-04-17 13:00:00,disk_utilization,97.951
2026-04-17 14:00:00,disk_utilization,99.0
2026-04-17 15:00:00,disk_utilization,99.0
2026-04-17 16:00:00,disk_utilization,99.0
2026-04-17 17:00:00,disk_utilization,99.0
2026-04-17 18:00:00,disk_utilization,96.05
2026-04-17 19:00:00,disk_utilization,99.0
2026-04-17 20:00:00,disk_utilization,95.956
2026-04-17 21:00:00,disk_utilization,97.231
2026-04-17 22:00:00,disk_utilization,93.032
2026-04-17 23:00:00,disk_utilization,92.763
2026-04-18 00:00:00,disk_utilization,83.396
2026-04-18 01:00:00,disk_utilization,87.533
2026-04-18 02:00:00,disk_utilization,81.12
2026-04-18 03:00:00,disk_utilization,91.712
2026-04-18 04:00:00,disk_utilization,92.507
2026-04-18 05:00:00,disk_utilization,91.98
2026-04-18 06:00:00,disk_utilization,92.583
2026-04-18 07:00:00,disk_utilization,90.451
2026-04-18 08:00:00,disk_utilization,96.293
2026-04-18 09:00:00,disk_utilization,94.593
2026-04-18 10:00:00,disk_utilization,92.168
2026-04-18 11:00:00,disk_utilization,99.0
2026-04-18 12:00:00,disk_utilization,99.0
2026-04-18 13:00:00,disk_utilization,99.0
2026-04-18 14:00:00,disk_utilization,97.225
2026-04-18 15:00:00,disk_utilization,98.888
2026-04-18 16:00:00,disk_utilization,94.402
2026-04-18 17:00:00,disk_utilization,99.0
2026-04-18 18:00:00,disk_utilization,92.163
2026-04-18 19:00:00,disk_utilization,95.922
2026-04-18 20:00:00,disk_utilization,90.478
2026-04-18 21:00:00,disk_utilization,86.676
2026-04-18 22:00:00,disk_utilization,89.76
2026-04-18 23:00:00,disk_utilization,86.405
2026-04-19 00:00:00,disk_utilization,88.667
2026-04-19 01:00:00,disk_utilization,81.569
2026-04-19 02:00:00,disk_utilization,82.845
2026-04-19 03:00:00,disk_utilization,78.245
2026-04-19 04:00:00,disk_utilization,79.672
2026-04-19 05:00:00,disk_utilization,92.909
2026-04-19 06:00:00,disk_utilization,95.44
2026-04-19 07:00:00,disk_utilization,91.415
2026-04-19 08:00:00,disk_utilization,90.754
2026-04-19 09:00:00,disk_utilization,94.418
2026-04-19 10:00:00,disk_utilization,99.0
2026-04-19 11:00:00,disk_utilization,97.393
2026-04-19 12:00:00,disk_utilization,99.0
2026-04-19 13:00:00,disk_utilization,99.0
2026-04-19 14:00:00,disk_utilization,99.0
2026-04-19 15:00:00,disk_utilization,99.0
2026-04-19 16:00:00,disk_utilization,99.0
2026-04-19 17:00:00,disk_utilization,96.113
2026-04-19 18:00:00,disk_utilization,98.76
2026-04-19 19:00:00,disk_utilization,94.079
2026-04-19 20:00:00,disk_utilization,93.823
2026-04-19 21:00:00,disk_utilization,95.54
2026-04-19 22:00:00,disk_utilization,88.972
2026-04-19 23:00:00,disk_utilization,90.598
2026-04-20 00:00:00,disk_utilization,86.284
2026-04-20 01:00:00,disk_utilization,89.468
2026-04-20 02:00:00,disk_utilization,90.707
2026-04-20 03:00:00,disk_utilization,96.685
2026-04-20 04:00:00,disk_utilization,85.852
2026-04-20 05:00:00,disk_utilization,92.733
2026-04-20 06:00:00,disk_utilization,99.0
2026-04-20 07:00:00,disk_utilization,94.288
2026-04-20 08:00:00,disk_utilization,98.093
2026-04-20 09:00:00,disk_utilization,99.0
2026-04-20 10:00:00,disk_utilization,99.0
2026-04-20 11:00:00,disk_utilization,99.0
2026-04-20 12:00:00,disk_utilization,99.0
2026-04-20 13:00:00,disk_utilization,99.0
2026-04-20 14:00:00,disk_utilization,99.0
2026-04-20 15:00:00,disk_utilization,99.0
2026-04-20 16:00:00,disk_utilization,99.0
2026-04-20 17:00:00,disk_utilization,99.0
2026-04-20 18:00:00,disk_utilization,99.0
2026-04-20 19:00:00,disk_utilization,99.0
2026-04-20 20:00:00,disk_utilization,96.933
2026-04-20 21:00:00,disk_utilization,98.391
2026-04-20 22:00:00,disk_utilization,91.553
2026-04-20 23:00:00,disk_utilization,95.657
2026-04-21 00:00:00,disk_utilization,90.657
2026-04-21 01:00:00,disk_utilization,94.788
2026-04-21 02:00:00,disk_utilization,89.878
2026-04-21 03:00:00,disk_utilization,93.242
2026-04-21 04:00:00,disk_utilization,92.702
2026-04-21 05:00:00,disk_utilization,95.685
2026-04-21 06:00:00,disk_utilization,95.458
2026-04-21 07:00:00,disk_utilization,92.085
2026-04-21 08:00:00,disk_utilization,99.0
2026-04-21 09:00:00,disk_utilization,99.0
2026-04-21 10:00:00,disk_utilization,99.0
2026-04-21 11:00:00,disk_utilization,99.0
2026-04-21 12:00:00,disk_utilization,99.0
2026-04-21 13:00:00,disk_utilization,99.0
2026-04-21 14:00:00,disk_utilization,99.0
2026-04-21 15:00:00,disk_utilization,99.0
2026-04-21 16:00:00,disk_utilization,99.0
2026-04-21 17:00:00,disk_utilization,99.0
2026-04-21 18:00:00,disk_utilization,99.0
2026-04-21 19:00:00,disk_utilization,99.0
2026-04-21 20:00:00,disk_utilization,99.0
2026-04-21 21:00:00,disk_utilization,96.205
2026-04-21 22:00:00,disk_utilization,96.113
2026-04-21 23:00:00,disk_utilization,97.356
2026-04-22 00:00:00,disk_utilization,92.361
2026-04-22 01:00:00,disk_utilization,93.336
2026-04-22 02:00:00,disk_utilization,91.627
2026-04-22 03:00:00,disk_utilization,92.152
2026-04-22 04:00:00,disk_utilization,97.766
2026-04-22 05:00:00,disk_utilization,97.49
2026-04-22 06:00:00,disk_utilization,95.798
2026-04-22 07:00:00,disk_utilization,98.151
2026-04-22 08:00:00,disk_utilization,97.49
2026-04-22 09:00:00,disk_utilization,99.0
2026-04-22 10:00:00,disk_utilization,99.0
2026-04-22 11:00:00,disk_utilization,99.0
2026-04-22 12:00:00,disk_utilization,99.0
2026-04-22 13:00:00,disk_utilization,99.0
2026-04-22 14:00:00,disk_utilization,99.0
2026-04-22 15:00:00,disk_utilization,99.0
2026-04-22 16:00:00,disk_utilization,99.0
2026-04-22 17:00:00,disk_utilization,99.0
2026-04-22 18:00:00,disk_utilization,99.0
2026-04-22 19:00:00,disk_utilization,99.0
2026-04-22 20:00:00,disk_utilization,99.0
2026-04-22 21:00:00,disk_utilization,99.0
2026-04-22 22:00:00,disk_utilization,99.0
2026-04-22 23:00:00,disk_utilization,96.393
2026-04-23 00:00:00,disk_utilization,88.973
2026-04-23 01:00:00,disk_utilization,98.204
2026-04-23 02:00:00,disk_utilization,95.117
2026-04-23 03:00:00,disk_utilization,90.682
2026-04-23 04:00:00,disk_utilization,89.939
2026-04-23 05:00:00,disk_utilization,95.832
2026-04-23 06:00:00,disk_utilization,95.157
2026-04-23 07:00:00,disk_utilization,98.929
2026-04-23 08:00:00,disk_utilization,99.0
2026-04-23 09:00:00,disk_utilization,99.0
2026-04-23 10:00:00,disk_utilization,99.0
2026-04-23 11:00:00,disk_utilization,99.0
2026-04-23 12:00:00,disk_utilization,99.0
2026-04-23 13:00:00,disk_utilization,99.0
2026-04-23 14:00:00,disk_utilization,99.0
2026-04-23 15:00:00,disk_utilization,99.0
2026-04-23 16:00:00,disk_utilization,99.0
2026-04-23 17:00:00,disk_utilization,99.0
2026-04-23 18:00:00,disk_utilization,99.0
2026-04-23 19:00:00,disk_utilization,98.792
2026-04-23 20:00:00,disk_utilization,99.0
2026-04-23 21:00:00,disk_utilization,99.0
2026-04-23 22:00:00,disk_utilization,97.496
2026-04-23 23:00:00,disk_utilization,93.105
2026-04-24 00:00:00,disk_utilization,94.281
2026-04-24 01:00:00,disk_utilization,97.114
2026-04-24 02:00:00,disk_utilization,92.967
2026-04-24 03:00:00,disk_utilization,87.743
2026-04-24 04:00:00,disk_utilization,94.069
2026-04-24 05:00:00,disk_utilization,99.0
2026-04-24 06:00:00,disk_utilization,92.562
2026-04-24 07:00:00,disk_utilization,98.461
2026-04-24 08:00:00,disk_utilization,99.0
2026-04-24 09:00:00,disk_utilization,99.0
2026-04-24 10:00:00,disk_utilization,99.0
2026-04-24 11:00:00,disk_utilization,99.0
2026-04-24 12:00:00,disk_utilization,99.0
2026-04-24 13:00:00,disk_utilization,99.0
2026-04-24 14:00:00,disk_utilization,99.0
2026-04-24 15:00:00,disk_utilization,99.0
2026-04-24 16:00:00,disk_utilization,99.0
2026-04-24 17:00:00,disk_utilization,99.0
2026-04-24 18:00:00,disk_utilization,99.0
2026-04-24 19:00:00,disk_utilization,99.0
2026-04-24 20:00:00,disk_utilization,99.0
2026-04-24 21:00:00,disk_utilization,99.0
2026-04-24 22:00:00,disk_utilization,95.473
2026-04-24 23:00:00,disk_utilization,94.34
2026-04-25 00:00:00,disk_utilization,91.699
2026-04-25 01:00:00,disk_utilization,93.99
2026-04-25 02:00:00,disk_utilization,92.173
2026-04-25 03:00:00,disk_utilization,90.415
2026-04-25 04:00:00,disk_utilization,88.922
2026-04-25 05:00:00,disk_utilization,90.735
2026-04-25 06:00:00,disk_utilization,89.52
2026-04-25 07:00:00,disk_utilization,89.384
2026-04-25 08:00:00,disk_utilization,92.437
2026-04-25 09:00:00,disk_utilization,98.055
2026-04-25 10:00:00,disk_utilization,98.977
2026-04-25 11:00:00,disk_utilization,97.12
2026-04-25 12:00:00,disk_utilization,99.0
2026-04-25 13:00:00,disk_utilization,99.0
2026-04-25 14:00:00,disk_utilization,99.0
2026-04-25 15:00:00,disk_utilization,99.0
2026-04-25 16:00:00,disk_utilization,99.0
2026-04-25 17:00:00,disk_utilization,99.0
2026-04-25 18:00:00,disk_utilization,99.0
2026-04-25 19:00:00,disk_utilization,92.377
2026-04-25 20:00:00,disk_utilization,90.076
2026-04-25 21:00:00,disk_utilization,93.99
2026-04-25 22:00:00,disk_utilization,92.357
2026-04-25 23:00:00,disk_utilization,91.643
2026-04-26 00:00:00,disk_utilization,87.56
2026-04-26 01:00:00,disk_utilization,85.642
2026-04-26 02:00:00,disk_utilization,88.119
2026-04-26 03:00:00,disk_utilization,87.107
2026-04-26 04:00:00,disk_utilization,93.902
2026-04-26 05:00:00,disk_utilization,89.565
2026-04-26 06:00:00,disk_utilization,92.053
2026-04-26 07:00:00,disk_utilization,99.0
2026-04-26 08:00:00,disk_utilization,95.665
2026-04-26 09:00:00,disk_utilization,99.0
2026-04-26 10:00:00,disk_utilization,99.0
2026-04-26 11:00:00,disk_utilization,99.0
2026-04-26 12:00:00,disk_utilization,99.0
2026-04-26 13:00:00,disk_utilization,99.0
2026-04-26 14:00:00,disk_utilization,99.0
2026-04-26 15:00:00,disk_utilization,99.0
2026-04-26 16:00:00,disk_utilization,99.0
2026-04-26 17:00:00,disk_utilization,99.0
2026-04-26 18:00:00,disk_utilization,99.0
2026-04-26 19:00:00,disk_utilization,99.0
2026-04-26 20:00:00,disk_utilization,99.0
2026-04-26 21:00:00,disk_utilization,91.805
2026-04-26 22:00:00,disk_utilization,91.719
2026-04-26 23:00:00,disk_utilization,93.706
2026-04-27 00:00:00,disk_utilization,99.0
2026-04-27 01:00:00,disk_utilization,91.59
2026-04-27 02:00:00,disk_utilization,92.197
2026-04-27 03:00:00,disk_utilization,99.0
2026-04-27 04:00:00,disk_utilization,95.045
2026-04-27 05:00:00,disk_utilization,99.0
2026-04-27 06:00:00,disk_utilization,98.341
2026-04-27 07:00:00,disk_utilization,99.0
2026-04-27 08:00:00,disk_utilization,99.0
2026-04-27 09:00:00,disk_utilization,99.0
2026-04-27 10:00:00,disk_utilization,99.0
2026-04-27 11:00:00,disk_utilization,99.0
2026-04-27 12:00:00,disk_utilization,99.0
2026-04-27 13:00:00,disk_utilization,99.0
2026-04-27 14:00:00,disk_utilization,99.0
2026-04-27 15:00:00,disk_utilization,99.0
2026-04-27 16:00:00,disk_utilization,99.0
2026-04-27 17:00:00,disk_utilization,99.0
2026-04-27 18:00:00,disk_utilization,99.0
2026-04-27 19:00:00,disk_utilization,99.0
2026-04-27 20:00:00,disk_utilization,98.347
2026-04-27 21:00:00,disk_utilization,97.233
2026-04-27 22:00:00,disk_utilization,98.38
2026-04-27 23:00:00,disk_utilization,96.463
2026-04-28 00:00:00,disk_utilization,92.215
2026-04-28 01:00:00,disk_utilization,92.187
2026-04-28 02:00:00,disk_utilization,90.885
2026-04-28 03:00:00,disk_utilization,95.736
2026-04-28 04:00:00,disk_utilization,89.285
2026-04-28 05:00:00,disk_utilization,93.442
2026-04-28 06:00:00,disk_utilization,92.563
2026-04-28 07:00:00,disk_utilization,99.0
2026-04-28 08:00:00,disk_utilization,96.78
2026-04-28 09:00:00,disk_utilization,99.0
2026-04-28 10:00:00,disk_utilization,99.0
2026-04-28 11:00:00,disk_utilization,99.0
2026-04-28 12:00:00,disk_utilization,99.0
2026-04-28 13:00:00,disk_utilization,99.0
2026-04-28 14:00:00,disk_utilization,99.0
2026-04-28 15:00:00,disk_utilization,99.0
2026-04-28 16:00:00,disk_utilization,99.0
2026-04-28 17:00:00,disk_utilization,99.0
2026-04-28 18:00:00,disk_utilization,99.0
2026-04-28 19:00:00,disk_utilization,99.0
2026-04-28 20:00:00,disk_utilization,99.0
2026-04-28 21:00:00,disk_utilization,93.62
2026-04-28 22:00:00,disk_utilization,96.181
2026-04-28 23:00:00,disk_utilization,94.329
2026-04-29 00:00:00,disk_utilization,95.783
2026-04-29 01:00:00,disk_utilization,94.158
2026-04-29 02:00:00,disk_utilization,94.088
2026-04-29 03:00:00,disk_utilization,94.278
2026-04-29 04:00:00,disk_utilization,95.687
2026-04-29 05:00:00,disk_utilization,98.53
2026-04-29 06:00:00,disk_utilization,99.0
2026-04-29 07:00:00,disk_utilization,99.0
2026-04-29 08:00:00,disk_utilization,99.0
2026-04-29 09:00:00,disk_utilization,99.0
2026-04-29 10:00:00,disk_utilization,99.0
2026-04-29 11:00:00,disk_utilization,99.0
2026-04-29 12:00:00,disk_utilization,99.0
2026-04-29 13:00:00,disk_utilization,99.0
2026-04-29 14:00:00,disk_utilization,99.0
2026-04-29 15:00:00,disk_utilization,99.0
2026-04-29 16:00:00,disk_utilization,99.0
2026-04-29 17:00:00,disk_utilization,99.0
2026-04-29 18:00:00,disk_utilization,99.0
2026-04-29 19:00:00,disk_utilization,99.0
2026-04-29 20:00:00,disk_utilization,99.0
2026-04-29 21:00:00,disk_utilization,99.0
2026-04-29 22:00:00,disk_utilization,99.0
2026-04-29 23:00:00,disk_utilization,96.248
2026-04-30 00:00:00,disk_utilization,95.581
2026-04-30 01:00:00,disk_utilization,84.611
2026-04-30 02:00:00,disk_utilization,95.115
2026-04-30 03:00:00,disk_utilization,95.288
2026-04-30 04:00:00,disk_utilization,99.0
2026-04-30 05:00:00,disk_utilization,99.0
2026-04-30 06:00:00,disk_utilization,98.453
2026-04-30 07:00:00,disk_utilization,99.0
2026-04-30 08:00:00,disk_utilization,99.0
2026-04-30 09:00:00,disk_utilization,99.0
2026-04-30 10:00:00,disk_utilization,99.0
2026-04-30 11:00:00,disk_utilization,99.0
2026-04-30 12:00:00,disk_utilization,99.0
2026-04-30 13:00:00,disk_utilization,99.0
2026-04-30 14:00:00,disk_utilization,99.0
2026-04-30 15:00:00,disk_utilization,99.0
2026-04-30 16:00:00,disk_utilization,99.0
2026-04-30 17:00:00,disk_utilization,99.0
2026-04-30 18:00:00,disk_utilization,99.0
2026-04-30 19:00:00,disk_utilization,99.0
2026-04-30 20:00:00,disk_utilization,99.0
2026-04-30 21:00:00,disk_utilization,99.0
2026-04-30 22:00:00,disk_utilization,99.0
2026-04-30 23:00:00,disk_utilization,95.448
2026-01-01 00:00:00,network_utilization,32.983
2026-01-01 01:00:00,network_utilization,39.516
2026-01-01 02:00:00,network_utilization,15.698
2026-01-01 03:00:00,network_utilization,3.883
2026-01-01 04:00:00,network_utilization,29.245
2026-01-01 05:00:00,network_utilization,24.136
2026-01-01 06:00:00,network_utilization,30.297
2026-01-01 07:00:00,network_utilization,42.011
2026-01-01 08:00:00,network_utilization,37.08
2026-01-01 09:00:00,network_utilization,44.15
2026-01-01 10:00:00,network_utilization,50.679
2026-01-01 11:00:00,network_utilization,70.538
2026-01-01 12:00:00,network_utilization,59.337
2026-01-01 13:00:00,network_utilization,48.696
2026-01-01 14:00:00,network_utilization,49.793
2026-01-01 15:00:00,network_utilization,62.481
2026-01-01 16:00:00,network_utilization,47.814
2026-01-01 17:00:00,network_utilization,40.325
2026-01-01 18:00:00,network_utilization,58.179
2026-01-01 19:00:00,network_utilization,53.863
2026-01-01 20:00:00,network_utilization,38.179
2026-01-01 21:00:00,network_utilization,39.638
2026-01-01 22:00:00,network_utilization,33.777
2026-01-01 23:00:00,network_utilization,33.796
2026-01-02 00:00:00,network_utilization,30.659
2026-01-02 01:00:00,network_utilization,1.0
2026-01-02 02:00:00,network_utilization,19.563
2026-01-02 03:00:00,network_utilization,27.847
2026-01-02 04:00:00,network_utilization,20.579
2026-01-02 05:00:00,network_utilization,28.242
2026-01-02 06:00:00,network_utilization,39.547
2026-01-02 07:00:00,network_utilization,37.691
2026-01-02 08:00:00,network_utilization,57.155
2026-01-02 09:00:00,network_utilization,58.54
2026-01-02 10:00:00,network_utilization,50.926
2026-01-02 11:00:00,network_utilization,54.292
2026-01-02 12:00:00,network_utilization,30.965
2026-01-02 13:00:00,network_utilization,58.219
2026-01-02 14:00:00,network_utilization,48.651
2026-01-02 15:00:00,network_utilization,63.733
2026-01-02 16:00:00,network_utilization,61.069
2026-01-02 17:00:00,network_utilization,63.339
2026-01-02 18:00:00,network_utilization,66.223
2026-01-02 19:00:00,network_utilization,47.188
2026-01-02 20:00:00,network_utilization,65.096
2026-01-02 21:00:00,network_utilization,39.458
2026-01-02 22:00:00,network_utilization,19.226
2026-01-02 23:00:00,network_utilization,22.583
2026-01-03 00:00:00,network_utilization,16.241
2026-01-03 01:00:00,network_utilization,23.91
2026-01-03 02:00:00,network_utilization,7.853
2026-01-03 03:00:00,network_utilization,15.045
2026-01-03 04:00:00,network_utilization,18.43
2026-01-03 05:00:00,network_utilization,18.756
2026-01-03 06:00:00,network_utilization,35.511
2026-01-03 07:00:00,network_utilization,38.652
2026-01-03 08:00:00,network_utilization,49.099
2026-01-03 09:00:00,network_utilization,39.317
2026-01-03 10:00:00,network_utilization,59.494
2026-01-03 11:00:00,network_utilization,37.989
2026-01-03 12:00:00,network_utilization,40.942
2026-01-03 13:00:00,network_utilization,44.703
2026-01-03 14:00:00,network_utilization,57.633
2026-01-03 15:00:00,network_utilization,68.901
2026-01-03 16:00:00,network_utilization,48.876
2026-01-03 17:00:00,network_utilization,46.97
2026-01-03 18:00:00,network_utilization,45.453
2026-01-03 19:00:00,network_utilization,48.536
2026-01-03 20:00:00,network_utilization,32.873
2026-01-03 21:00:00,network_utilization,27.156
2026-01-03 22:00:00,network_utilization,14.231
2026-01-03 23:00:00,network_utilization,17.844
2026-01-04 00:00:00,network_utilization,32.175
2026-01-04 01:00:00,network_utilization,19.33
2026-01-04 02:00:00,network_utilization,10.358
2026-01-04 03:00:00,network_utilization,30.818
2026-01-04 04:00:00,network_utilization,14.62
2026-01-04 05:00:00,network_utilization,37.868
2026-01-04 06:00:00,network_utilization,41.865
2026-01-04 07:00:00,network_utilization,33.231
2026-01-04 08:00:00,network_utilization,22.88
2026-01-04 09:00:00,network_utilization,65.954
2026-01-04 10:00:00,network_utilization,51.774
2026-01-04 11:00:00,network_utilization,48.822
2026-01-04 12:00:00,network_utilization,64.819
2026-01-04 13:00:00,network_utilization,64.297
2026-01-04 14:00:00,network_utilization,71.082
2026-01-04 15:00:00,network_utilization,50.686
2026-01-04 16:00:00,network_utilization,58.514
2026-01-04 17:00:00,network_utilization,40.31
2026-01-04 18:00:00,network_utilization,54.708
2026-01-04 19:00:00,network_utilization,43.01
2026-01-04 20:00:00,network_utilization,40.891
2026-01-04 21:00:00,network_utilization,31.459
2026-01-04 22:00:00,network_utilization,25.607
2026-01-04 23:00:00,network_utilization,15.311
2026-01-05 00:00:00,network_utilization,33.812
2026-01-05 01:00:00,network_utilization,38.825
2026-01-05 02:00:00,network_utilization,17.697
2026-01-05 03:00:00,network_utilization,29.499
2026-01-05 04:00:00,network_utilization,30.301
2026-01-05 05:00:00,network_utilization,29.257
2026-01-05 06:00:00,network_utilization,18.07
2026-01-05 07:00:00,network_utilization,25.162
2026-01-05 08:00:00,network_utilization,35.562
2026-01-05 09:00:00,network_utilization,27.176
2026-01-05 10:00:00,network_utilization,67.488
2026-01-05 11:00:00,network_utilization,61.245
2026-01-05 12:00:00,network_utilization,60.465
2026-01-05 13:00:00,network_utilization,40.878
2026-01-05 14:00:00,network_utilization,45.241
2026-01-05 15:00:00,network_utilization,62.793
2026-01-05 16:00:00,network_utilization,80.541
2026-01-05 17:00:00,network_utilization,50.69
2026-01-05 18:00:00,network_utilization,62.19
2026-01-05 19:00:00,network_utilization,43.947
2026-01-05 20:00:00,network_utilization,44.14
2026-01-05 21:00:00,network_utilization,50.576
2026-01-05 22:00:00,network_utilization,30.164
2026-01-05 23:00:00,network_utilization,22.599
2026-01-06 00:00:00,network_utilization,40.52
2026-01-06 01:00:00,network_utilization,24.815
2026-01-06 02:00:00,network_utilization,34.608
2026-01-06 03:00:00,network_utilization,17.543
2026-01-06 04:00:00,network_utilization,40.478
2026-01-06 05:00:00,network_utilization,32.344
2026-01-06 06:00:00,network_utilization,38.116
2026-01-06 07:00:00,network_utilization,39.926
2026-01-06 08:00:00,network_utilization,38.749
2026-01-06 09:00:00,network_utilization,48.982
2026-01-06 10:00:00,network_utilization,49.414
2026-01-06 11:00:00,network_utilization,67.596
2026-01-06 12:00:00,network_utilization,59.166
2026-01-06 13:00:00,network_utilization,48.247
2026-01-06 14:00:00,network_utilization,47.118
2026-01-06 15:00:00,network_utilization,45.981
2026-01-06 16:00:00,network_utilization,67.448
2026-01-06 17:00:00,network_utilization,46.593
2026-01-06 18:00:00,network_utilization,56.985
2026-01-06 19:00:00,network_utilization,50.544
2026-01-06 20:00:00,network_utilization,43.373
2026-01-06 21:00:00,network_utilization,43.246
2026-01-06 22:00:00,network_utilization,35.639
2026-01-06 23:00:00,network_utilization,2.835
2026-01-07 00:00:00,network_utilization,23.535
2026-01-07 01:00:00,network_utilization,29.043
2026-01-07 02:00:00,network_utilization,40.531
2026-01-07 03:00:00,network_utilization,41.692
2026-01-07 04:00:00,network_utilization,13.212
2026-01-07 05:00:00,network_utilization,26.543
2026-01-07 06:00:00,network_utilization,18.539
2026-01-07 07:00:00,network_utilization,54.24
2026-01-07 08:00:00,network_utilization,54.365
2026-01-07 09:00:00,network_utilization,52.936
2026-01-07 10:00:00,network_utilization,55.933
2026-01-07 11:00:00,network_utilization,72.238
2026-01-07 12:00:00,network_utilization,73.742
2026-01-07 13:00:00,network_utilization,75.225
2026-01-07 14:00:00,network_utilization,68.911
2026-01-07 15:00:00,network_utilization,60.188
2026-01-07 16:00:00,network_utilization,69.372
2026-01-07 17:00:00,network_utilization,66.701
2026-01-07 18:00:00,network_utilization,52.51
2026-01-07 19:00:00,network_utilization,46.098
2026-01-07 20:00:00,network_utilization,55.785
2026-01-07 21:00:00,network_utilization,55.935
2026-01-07 22:00:00,network_utilization,26.994
2026-01-07 23:00:00,network_utilization,27.73
2026-01-08 00:00:00,network_utilization,30.713
2026-01-08 01:00:00,network_utilization,30.089
2026-01-08 02:00:00,network_utilization,19.336
2026-01-08 03:00:00,network_utilization,44.095
2026-01-08 04:00:00,network_utilization,31.496
2026-01-08 05:00:00,network_utilization,35.786
2026-01-08 06:00:00,network_utilization,52.221
2026-01-08 07:00:00,network_utilization,34.983
2026-01-08 08:00:00,network_utilization,43.784
2026-01-08 09:00:00,network_utilization,37.329
2026-01-08 10:00:00,network_utilization,52.98
2026-01-08 11:00:00,network_utilization,43.975
2026-01-08 12:00:00,network_utilization,69.539
2026-01-08 13:00:00,network_utilization,68.276
2026-01-08 14:00:00,network_utilization,62.005
2026-01-08 15:00:00,network_utilization,63.108
2026-01-08 16:00:00,network_utilization,69.747
2026-01-08 17:00:00,network_utilization,47.614
2026-01-08 18:00:00,network_utilization,56.89
2026-01-08 19:00:00,network_utilization,57.037
2026-01-08 20:00:00,network_utilization,27.061
2026-01-08 21:00:00,network_utilization,46.575
2026-01-08 22:00:00,network_utilization,18.179
2026-01-08 23:00:00,network_utilization,29.62
2026-01-09 00:00:00,network_utilization,16.002
2026-01-09 01:00:00,network_utilization,39.968
2026-01-09 02:00:00,network_utilization,13.421
2026-01-09 03:00:00,network_utilization,9.19
2026-01-09 04:00:00,network_utilization,29.041
2026-01-09 05:00:00,network_utilization,26.767
2026-01-09 06:00:00,network_utilization,20.018
2026-01-09 07:00:00,network_utilization,45.164
2026-01-09 08:00:00,network_utilization,25.185
2026-01-09 09:00:00,network_utilization,39.932
2026-01-09 10:00:00,network_utilization,49.384
2026-01-09 11:00:00,network_utilization,67.318
2026-01-09 12:00:00,network_utilization,75.447
2026-01-09 13:00:00,network_utilization,75.536
2026-01-09 14:00:00,network_utilization,63.675
2026-01-09 15:00:00,network_utilization,40.271
2026-01-09 16:00:00,network_utilization,66.473
2026-01-09 17:00:00,network_utilization,74.11
2026-01-09 18:00:00,network_utilization,67.618
2026-01-09 19:00:00,network_utilization,55.104
2026-01-09 20:00:00,network_utilization,33.421
2026-01-09 21:00:00,network_utilization,34.905
2026-01-09 22:00:00,network_utilization,54.69
2026-01-09 23:00:00,network_utilization,17.061
2026-01-10 00:00:00,network_utilization,11.514
2026-01-10 01:00:00,network_utilization,30.438
2026-01-10 02:00:00,network_utilization,16.037
2026-01-10 03:00:00,network_utilization,9.231
2026-01-10 04:00:00,network_utilization,38.344
2026-01-10 05:00:00,network_utilization,30.871
2026-01-10 06:00:00,network_utilization,26.603
2026-01-10 07:00:00,network_utilization,23.805
2026-01-10 08:00:00,network_utilization,60.931
2026-01-10 09:00:00,network_utilization,45.407
2026-01-10 10:00:00,network_utilization,64.466
2026-01-10 11:00:00,network_utilization,63.589
2026-01-10 12:00:00,network_utilization,52.64
2026-01-10 13:00:00,network_utilization,54.736
2026-01-10 14:00:00,network_utilization,75.028
2026-01-10 15:00:00,network_utilization,74.527
2026-01-10 16:00:00,network_utilization,39.152
2026-01-10 17:00:00,network_utilization,60.259
2026-01-10 18:00:00,network_utilization,49.425
2026-01-10 19:00:00,network_utilization,35.498
2026-01-10 20:00:00,network_utilization,43.29
2026-01-10 21:00:00,network_utilization,22.019
2026-01-10 22:00:00,network_utilization,26.044
2026-01-10 23:00:00,network_utilization,18.6
2026-01-11 00:00:00,network_utilization,18.427
2026-01-11 01:00:00,network_utilization,20.73
2026-01-11 02:00:00,network_utilization,10.625
2026-01-11 03:00:00,network_utilization,37.212
2026-01-11 04:00:00,network_utilization,28.429
2026-01-11 05:00:00,network_utilization,44.638
2026-01-11 06:00:00,network_utilization,29.252
2026-01-11 07:00:00,network_utilization,30.207
2026-01-11 08:00:00,network_utilization,58.473
2026-01-11 09:00:00,network_utilization,40.303
2026-01-11 10:00:00,network_utilization,49.142
2026-01-11 11:00:00,network_utilization,62.286
2026-01-11 12:00:00,network_utilization,45.904
2026-01-11 13:00:00,network_utilization,67.41
2026-01-11 14:00:00,network_utilization,66.83
2026-01-11 15:00:00,network_utilization,73.027
2026-01-11 16:00:00,network_utilization,67.254
2026-01-11 17:00:00,network_utilization,68.193
2026-01-11 18:00:00,network_utilization,49.965
2026-01-11 19:00:00,network_utilization,37.637
2026-01-11 20:00:00,network_utilization,62.205
2026-01-11 21:00:00,network_utilization,20.68
2026-01-11 22:00:00,network_utilization,16.876
2026-01-11 23:00:00,network_utilization,32.668
2026-01-12 00:00:00,network_utilization,45.181
2026-01-12 01:00:00,network_utilization,28.847
2026-01-12 02:00:00,network_utilization,36.281
2026-01-12 03:00:00,network_utilization,7.029
2026-01-12 04:00:00,network_utilization,24.008
2026-01-12 05:00:00,network_utilization,13.46
2026-01-12 06:00:00,network_utilization,44.164
2026-01-12 07:00:00,network_utilization,25.729
2026-01-12 08:00:00,network_utilization,33.618
2026-01-12 09:00:00,network_utilization,56.731
2026-01-12 10:00:00,network_utilization,67.05
2026-01-12 11:00:00,network_utilization,59.002
2026-01-12 12:00:00,network_utilization,69.49
2026-01-12 13:00:00,network_utilization,71.182
2026-01-12 14:00:00,network_utilization,64.35
2026-01-12 15:00:00,network_utilization,54.893
2026-01-12 16:00:00,network_utilization,69.509
2026-01-12 17:00:00,network_utilization,66.831
2026-01-12 18:00:00,network_utilization,65.516
2026-01-12 19:00:00,network_utilization,54.891
2026-01-12 20:00:00,network_utilization,34.927
2026-01-12 21:00:00,network_utilization,48.357
2026-01-12 22:00:00,network_utilization,36.634
2026-01-12 23:00:00,network_utilization,27.696
2026-01-13 00:00:00,network_utilization,26.417
2026-01-13 01:00:00,network_utilization,20.481
2026-01-13 02:00:00,network_utilization,35.608
2026-01-13 03:00:00,network_utilization,13.238
2026-01-13 04:00:00,network_utilization,19.501
2026-01-13 05:00:00,network_utilization,29.344
2026-01-13 06:00:00,network_utilization,52.93
2026-01-13 07:00:00,network_utilization,52.176
2026-01-13 08:00:00,network_utilization,30.42
2026-01-13 09:00:00,network_utilization,65.536
2026-01-13 10:00:00,network_utilization,70.358
2026-01-13 11:00:00,network_utilization,49.284
2026-01-13 12:00:00,network_utilization,39.006
2026-01-13 13:00:00,network_utilization,65.514
2026-01-13 14:00:00,network_utilization,78.16
2026-01-13 15:00:00,network_utilization,82.185
2026-01-13 16:00:00,network_utilization,55.584
2026-01-13 17:00:00,network_utilization,78.652
2026-01-13 18:00:00,network_utilization,34.729
2026-01-13 19:00:00,network_utilization,48.522
2026-01-13 20:00:00,network_utilization,42.872
2026-01-13 21:00:00,network_utilization,53.409
2026-01-13 22:00:00,network_utilization,50.063
2026-01-13 23:00:00,network_utilization,42.498
2026-01-14 00:00:00,network_utilization,16.29
2026-01-14 01:00:00,network_utilization,36.442
2026-01-14 02:00:00,network_utilization,32.242
2026-01-14 03:00:00,network_utilization,11.139
2026-01-14 04:00:00,network_utilization,9.197
2026-01-14 05:00:00,network_utilization,43.444
2026-01-14 06:00:00,network_utilization,35.423
2026-01-14 07:00:00,network_utilization,29.214
2026-01-14 08:00:00,network_utilization,45.178
2026-01-14 09:00:00,network_utilization,56.095
2026-01-14 10:00:00,network_utilization,56.467
2026-01-14 11:00:00,network_utilization,45.936
2026-01-14 12:00:00,network_utilization,83.508
2026-01-14 13:00:00,network_utilization,76.711
2026-01-14 14:00:00,network_utilization,64.014
2026-01-14 15:00:00,network_utilization,63.754
2026-01-14 16:00:00,network_utilization,68.319
2026-01-14 17:00:00,network_utilization,50.268
2026-01-14 18:00:00,network_utilization,60.667
2026-01-14 19:00:00,network_utilization,39.327
2026-01-14 20:00:00,network_utilization,46.771
2026-01-14 21:00:00,network_utilization,30.632
2026-01-14 22:00:00,network_utilization,26.331
2026-01-14 23:00:00,network_utilization,49.845
2026-01-15 00:00:00,network_utilization,30.82
2026-01-15 01:00:00,network_utilization,30.322
2026-01-15 02:00:00,network_utilization,7.47
2026-01-15 03:00:00,network_utilization,22.313
2026-01-15 04:00:00,network_utilization,34.912
2026-01-15 05:00:00,network_utilization,35.437
2026-01-15 06:00:00,network_utilization,16.116
2026-01-15 07:00:00,network_utilization,44.569
2026-01-15 08:00:00,network_utilization,51.358
2026-01-15 09:00:00,network_utilization,65.724
2026-01-15 10:00:00,network_utilization,51.176
2026-01-15 11:00:00,network_utilization,39.467
2026-01-15 12:00:00,network_utilization,55.117
2026-01-15 13:00:00,network_utilization,56.13
2026-01-15 14:00:00,network_utilization,75.167
2026-01-15 15:00:00,network_utilization,39.969
2026-01-15 16:00:00,network_utilization,60.673
2026-01-15 17:00:00,network_utilization,76.254
2026-01-15 18:00:00,network_utilization,57.944
2026-01-15 19:00:00,network_utilization,62.03
2026-01-15 20:00:00,network_utilization,31.49
2026-01-15 21:00:00,network_utilization,26.73
2026-01-15 22:00:00,network_utilization,52.316
2026-01-15 23:00:00,network_utilization,34.832
2026-01-16 00:00:00,network_utilization,31.692
2026-01-16 01:00:00,network_utilization,17.498
2026-01-16 02:00:00,network_utilization,29.024
2026-01-16 03:00:00,network_utilization,17.256
2026-01-16 04:00:00,network_utilization,42.6
2026-01-16 05:00:00,network_utilization,61.206
2026-01-16 06:00:00,network_utilization,42.927
2026-01-16 07:00:00,network_utilization,36.58
2026-01-16 08:00:00,network_utilization,22.787
2026-01-16 09:00:00,network_utilization,36.474
2026-01-16 10:00:00,network_utilization,73.709
2026-01-16 11:00:00,network_utilization,52.028
2026-01-16 12:00:00,network_utilization,61.808
2026-01-16 13:00:00,network_utilization,74.086
2026-01-16 14:00:00,network_utilization,83.055
2026-01-16 15:00:00,network_utilization,65.573
2026-01-16 16:00:00,network_utilization,61.542
2026-01-16 17:00:00,network_utilization,63.144
2026-01-16 18:00:00,network_utilization,52.028
2026-01-16 19:00:00,network_utilization,47.76
2026-01-16 20:00:00,network_utilization,52.459
2026-01-16 21:00:00,network_utilization,45.035
2026-01-16 22:00:00,network_utilization,59.692
2026-01-16 23:00:00,network_utilization,38.64
2026-01-17 00:00:00,network_utilization,37.528
2026-01-17 01:00:00,network_utilization,13.324
2026-01-17 02:00:00,network_utilization,28.625
2026-01-17 03:00:00,network_utilization,16.843
2026-01-17 04:00:00,network_utilization,30.043
2026-01-17 05:00:00,network_utilization,36.17
2026-01-17 06:00:00,network_utilization,33.944
2026-01-17 07:00:00,network_utilization,62.36
2026-01-17 08:00:00,network_utilization,57.761
2026-01-17 09:00:00,network_utilization,60.448
2026-01-17 10:00:00,network_utilization,61.16
2026-01-17 11:00:00,network_utilization,75.311
2026-01-17 12:00:00,network_utilization,46.504
2026-01-17 13:00:00,network_utilization,76.592
2026-01-17 14:00:00,network_utilization,53.677
2026-01-17 15:00:00,network_utilization,57.282
2026-01-17 16:00:00,network_utilization,66.559
2026-01-17 17:00:00,network_utilization,70.117
2026-01-17 18:00:00,network_utilization,42.125
2026-01-17 19:00:00,network_utilization,43.73
2026-01-17 20:00:00,network_utilization,44.672
2026-01-17 21:00:00,network_utilization,36.675
2026-01-17 22:00:00,network_utilization,42.273
2026-01-17 23:00:00,network_utilization,63.968
2026-01-18 00:00:00,network_utilization,30.642
2026-01-18 01:00:00,network_utilization,17.117
2026-01-18 02:00:00,network_utilization,10.84
2026-01-18 03:00:00,network_utilization,21.252
2026-01-18 04:00:00,network_utilization,17.118
2026-01-18 05:00:00,network_utilization,34.392
2026-01-18 06:00:00,network_utilization,38.397
2026-01-18 07:00:00,network_utilization,34.087
2026-01-18 08:00:00,network_utilization,63.763
2026-01-18 09:00:00,network_utilization,41.753
2026-01-18 10:00:00,network_utilization,52.755
2026-01-18 11:00:00,network_utilization,64.501
2026-01-18 12:00:00,network_utilization,70.226
2026-01-18 13:00:00,network_utilization,76.097
2026-01-18 14:00:00,network_utilization,68.306
2026-01-18 15:00:00,network_utilization,73.867
2026-01-18 16:00:00,network_utilization,54.726
2026-01-18 17:00:00,network_utilization,67.398
2026-01-18 18:00:00,network_utilization,63.14
2026-01-18 19:00:00,network_utilization,64.416
2026-01-18 20:00:00,network_utilization,27.445
2026-01-18 21:00:00,network_utilization,29.899
2026-01-18 22:00:00,network_utilization,42.396
2026-01-18 23:00:00,network_utilization,3.527
2026-01-19 00:00:00,network_utilization,36.876
2026-01-19 01:00:00,network_utilization,40.574
2026-01-19 02:00:00,network_utilization,23.548
2026-01-19 03:00:00,network_utilization,25.71
2026-01-19 04:00:00,network_utilization,21.286
2026-01-19 05:00:00,network_utilization,30.008
2026-01-19 06:00:00,network_utilization,34.458
2026-01-19 07:00:00,network_utilization,37.397
2026-01-19 08:00:00,network_utilization,42.043
2026-01-19 09:00:00,network_utilization,51.904
2026-01-19 10:00:00,network_utilization,56.625
2026-01-19 11:00:00,network_utilization,82.357
2026-01-19 12:00:00,network_utilization,62.871
2026-01-19 13:00:00,network_utilization,72.27
2026-01-19 14:00:00,network_utilization,63.759
2026-01-19 15:00:00,network_utilization,62.969
2026-01-19 16:00:00,network_utilization,49.841
2026-01-19 17:00:00,network_utilization,48.01
2026-01-19 18:00:00,network_utilization,47.53
2026-01-19 19:00:00,network_utilization,56.631
2026-01-19 20:00:00,network_utilization,60.398
2026-01-19 21:00:00,network_utilization,26.611
2026-01-19 22:00:00,network_utilization,34.181
2026-01-19 23:00:00,network_utilization,21.879
2026-01-20 00:00:00,network_utilization,29.745
2026-01-20 01:00:00,network_utilization,41.165
2026-01-20 02:00:00,network_utilization,25.275
2026-01-20 03:00:00,network_utilization,29.968
2026-01-20 04:00:00,network_utilization,47.012
2026-01-20 05:00:00,network_utilization,40.235
2026-01-20 06:00:00,network_utilization,32.215
2026-01-20 07:00:00,network_utilization,46.247
2026-01-20 08:00:00,network_utilization,41.577
2026-01-20 09:00:00,network_utilization,59.251
2026-01-20 10:00:00,network_utilization,65.041
2026-01-20 11:00:00,network_utilization,50.377
2026-01-20 12:00:00,network_utilization,68.996
2026-01-20 13:00:00,network_utilization,68.085
2026-01-20 14:00:00,network_utilization,75.407
2026-01-20 15:00:00,network_utilization,77.61
2026-01-20 16:00:00,network_utilization,72.091
2026-01-20 17:00:00,network_utilization,61.124
2026-01-20 18:00:00,network_utilization,69.365
2026-01-20 19:00:00,network_utilization,46.496
2026-01-20 20:00:00,network_utilization,36.863
2026-01-20 21:00:00,network_utilization,12.957
2026-01-20 22:00:00,network_utilization,39.403
2026-01-20 23:00:00,network_utilization,27.764
2026-01-21 00:00:00,network_utilization,36.797
2026-01-21 01:00:00,network_utilization,11.127
2026-01-21 02:00:00,network_utilization,23.704
2026-01-21 03:00:00,network_utilization,35.578
2026-01-21 04:00:00,network_utilization,22.593
2026-01-21 05:00:00,network_utilization,40.18
2026-01-21 06:00:00,network_utilization,34.678
2026-01-21 07:00:00,network_utilization,44.762
2026-01-21 08:00:00,network_utilization,56.236
2026-01-21 09:00:00,network_utilization,65.006
2026-01-21 10:00:00,network_utilization,61.245
2026-01-21 11:00:00,network_utilization,56.34
2026-01-21 12:00:00,network_utilization,63.096
2026-01-21 13:00:00,network_utilization,76.062
2026-01-21 14:00:00,network_utilization,60.179
2026-01-21 15:00:00,network_utilization,67.948
2026-01-21 16:00:00,network_utilization,63.89
2026-01-21 17:00:00,network_utilization,63.555
2026-01-21 18:00:00,network_utilization,50.371
2026-01-21 19:00:00,network_utilization,37.139
2026-01-21 20:00:00,network_utilization,55.707
2026-01-21 21:00:00,network_utilization,54.983
2026-01-21 22:00:00,network_utilization,22.614
2026-01-21 23:00:00,network_utilization,40.101
2026-01-22 00:00:00,network_utilization,44.083
2026-01-22 01:00:00,network_utilization,37.231
2026-01-22 02:00:00,network_utilization,26.441
2026-01-22 03:00:00,network_utilization,21.873
2026-01-22 04:00:00,network_utilization,34.133
2026-01-22 05:00:00,network_utilization,38.998
2026-01-22 06:00:00,network_utilization,41.638
2026-01-22 07:00:00,network_utilization,43.72
2026-01-22 08:00:00,network_utilization,39.889
2026-01-22 09:00:00,network_utilization,60.137
2026-01-22 10:00:00,network_utilization,65.461
2026-01-22 11:00:00,network_utilization,66.92
2026-01-22 12:00:00,network_utilization,69.218
2026-01-22 13:00:00,network_utilization,86.917
2026-01-22 14:00:00,network_utilization,64.58
2026-01-22 15:00:00,network_utilization,82.975
2026-01-22 16:00:00,network_utilization,60.84
2026-01-22 17:00:00,network_utilization,76.11
2026-01-22 18:00:00,network_utilization,73.23
2026-01-22 19:00:00,network_utilization,53.16
2026-01-22 20:00:00,network_utilization,67.542
2026-01-22 21:00:00,network_utilization,50.464
2026-01-22 22:00:00,network_utilization,32.195
2026-01-22 23:00:00,network_utilization,33.102
2026-01-23 00:00:00,network_utilization,45.011
2026-01-23 01:00:00,network_utilization,40.934
2026-01-23 02:00:00,network_utilization,20.46
2026-01-23 03:00:00,network_utilization,30.347
2026-01-23 04:00:00,network_utilization,35.791
2026-01-23 05:00:00,network_utilization,31.876
2026-01-23 06:00:00,network_utilization,64.69
2026-01-23 07:00:00,network_utilization,48.29
2026-01-23 08:00:00,network_utilization,50.53
2026-01-23 09:00:00,network_utilization,68.251
2026-01-23 10:00:00,network_utilization,57.532
2026-01-23 11:00:00,network_utilization,75.418
2026-01-23 12:00:00,network_utilization,51.863
2026-01-23 13:00:00,network_utilization,66.02
2026-01-23 14:00:00,network_utilization,81.747
2026-01-23 15:00:00,network_utilization,86.294
2026-01-23 16:00:00,network_utilization,60.88
2026-01-23 17:00:00,network_utilization,56.554
2026-01-23 18:00:00,network_utilization,67.002
2026-01-23 19:00:00,network_utilization,50.292
2026-01-23 20:00:00,network_utilization,48.678
2026-01-23 21:00:00,network_utilization,54.97
2026-01-23 22:00:00,network_utilization,35.959
2026-01-23 23:00:00,network_utilization,17.622
2026-01-24 00:00:00,network_utilization,16.03
2026-01-24 01:00:00,network_utilization,27.16
2026-01-24 02:00:00,network_utilization,7.763
2026-01-24 03:00:00,network_utilization,24.125
2026-01-24 04:00:00,network_utilization,15.192
2026-01-24 05:00:00,network_utilization,48.708
2026-01-24 06:00:00,network_utilization,58.12
2026-01-24 07:00:00,network_utilization,30.729
2026-01-24 08:00:00,network_utilization,49.073
2026-01-24 09:00:00,network_utilization,42.095
2026-01-24 10:00:00,network_utilization,53.448
2026-01-24 11:00:00,network_utilization,78.736
2026-01-24 12:00:00,network_utilization,59.231
2026-01-24 13:00:00,network_utilization,63.053
2026-01-24 14:00:00,network_utilization,57.188
2026-01-24 15:00:00,network_utilization,77.411
2026-01-24 16:00:00,network_utilization,31.337
2026-01-24 17:00:00,network_utilization,56.381
2026-01-24 18:00:00,network_utilization,56.226
2026-01-24 19:00:00,network_utilization,45.269
2026-01-24 20:00:00,network_utilization,55.356
2026-01-24 21:00:00,network_utilization,53.583
2026-01-24 22:00:00,network_utilization,22.637
2026-01-24 23:00:00,network_utilization,53.568
2026-01-25 00:00:00,network_utilization,15.24
2026-01-25 01:00:00,network_utilization,40.379
2026-01-25 02:00:00,network_utilization,28.327
2026-01-25 03:00:00,network_utilization,22.491
2026-01-25 04:00:00,network_utilization,25.451
2026-01-25 05:00:00,network_utilization,32.406
2026-01-25 06:00:00,network_utilization,38.985
2026-01-25 07:00:00,network_utilization,32.541
2026-01-25 08:00:00,network_utilization,44.598
2026-01-25 09:00:00,network_utilization,44.425
2026-01-25 10:00:00,network_utilization,44.823
2026-01-25 11:00:00,network_utilization,52.96
2026-01-25 12:00:00,network_utilization,52.83
2026-01-25 13:00:00,network_utilization,62.144
2026-01-25 14:00:00,network_utilization,71.37
2026-01-25 15:00:00,network_utilization,67.589
2026-01-25 16:00:00,network_utilization,84.145
2026-01-25 17:00:00,network_utilization,39.137
2026-01-25 18:00:00,network_utilization,61.81
2026-01-25 19:00:00,network_utilization,52.376
2026-01-25 20:00:00,network_utilization,55.31
2026-01-25 21:00:00,network_utilization,49.159
2026-01-25 22:00:00,network_utilization,35.539
2026-01-25 23:00:00,network_utilization,34.791
2026-01-26 00:00:00,network_utilization,27.539
2026-01-26 01:00:00,network_utilization,39.136
2026-01-26 02:00:00,network_utilization,13.547
2026-01-26 03:00:00,network_utilization,40.804
2026-01-26 04:00:00,network_utilization,34.82
2026-01-26 05:00:00,network_utilization,33.377
2026-01-26 06:00:00,network_utilization,40.083
2026-01-26 07:00:00,network_utilization,45.658
2026-01-26 08:00:00,network_utilization,65.417
2026-01-26 09:00:00,network_utilization,89.973
2026-01-26 10:00:00,network_utilization,74.679
2026-01-26 11:00:00,network_utilization,60.987
2026-01-26 12:00:00,network_utilization,76.134
2026-01-26 13:00:00,network_utilization,78.586
2026-01-26 14:00:00,network_utilization,63.3
2026-01-26 15:00:00,network_utilization,59.281
2026-01-26 16:00:00,network_utilization,69.276
2026-01-26 17:00:00,network_utilization,74.825
2026-01-26 18:00:00,network_utilization,46.506
2026-01-26 19:00:00,network_utilization,50.609
2026-01-26 20:00:00,network_utilization,58.387
2026-01-26 21:00:00,network_utilization,47.919
2026-01-26 22:00:00,network_utilization,56.859
2026-01-26 23:00:00,network_utilization,24.458
2026-01-27 00:00:00,network_utilization,58.933
2026-01-27 01:00:00,network_utilization,18.052
2026-01-27 02:00:00,network_utilization,12.476
2026-01-27 03:00:00,network_utilization,32.878
2026-01-27 04:00:00,network_utilization,24.139
2026-01-27 05:00:00,network_utilization,38.292
2026-01-27 06:00:00,network_utilization,42.103
2026-01-27 07:00:00,network_utilization,45.724
2026-01-27 08:00:00,network_utilization,44.452
2026-01-27 09:00:00,network_utilization,62.397
2026-01-27 10:00:00,network_utilization,59.739
2026-01-27 11:00:00,network_utilization,78.109
2026-01-27 12:00:00,network_utilization,68.465
2026-01-27 13:00:00,network_utilization,62.638
2026-01-27 14:00:00,network_utilization,56.107
2026-01-27 15:00:00,network_utilization,70.599
2026-01-27 16:00:00,network_utilization,57.648
2026-01-27 17:00:00,network_utilization,53.681
2026-01-27 18:00:00,network_utilization,68.331
2026-01-27 19:00:00,network_utilization,40.474
2026-01-27 20:00:00,network_utilization,67.214
2026-01-27 21:00:00,network_utilization,49.531
2026-01-27 22:00:00,network_utilization,42.69
2026-01-27 23:00:00,network_utilization,28.656
2026-01-28 00:00:00,network_utilization,43.487
2026-01-28 01:00:00,network_utilization,33.834
2026-01-28 02:00:00,network_utilization,26.339
2026-01-28 03:00:00,network_utilization,35.898
2026-01-28 04:00:00,network_utilization,19.088
2026-01-28 05:00:00,network_utilization,22.759
2026-01-28 06:00:00,network_utilization,32.07
2026-01-28 07:00:00,network_utilization,51.609
2026-01-28 08:00:00,network_utilization,53.275
2026-01-28 09:00:00,network_utilization,68.992
2026-01-28 10:00:00,network_utilization,54.144
2026-01-28 11:00:00,network_utilization,73.251
2026-01-28 12:00:00,network_utilization,69.562
2026-01-28 13:00:00,network_utilization,63.286
2026-01-28 14:00:00,network_utilization,77.269
2026-01-28 15:00:00,network_utilization,72.092
2026-01-28 16:00:00,network_utilization,64.481
2026-01-28 17:00:00,network_utilization,68.032
2026-01-28 18:00:00,network_utilization,62.193
2026-01-28 19:00:00,network_utilization,57.146
2026-01-28 20:00:00,network_utilization,49.398
2026-01-28 21:00:00,network_utilization,35.316
2026-01-28 22:00:00,network_utilization,44.308
2026-01-28 23:00:00,network_utilization,31.409
2026-01-29 00:00:00,network_utilization,26.072
2026-01-29 01:00:00,network_utilization,31.888
2026-01-29 02:00:00,network_utilization,40.972
2026-01-29 03:00:00,network_utilization,36.188
2026-01-29 04:00:00,network_utilization,31.036
2026-01-29 05:00:00,network_utilization,33.83
2026-01-29 06:00:00,network_utilization,50.062
2026-01-29 07:00:00,network_utilization,24.578
2026-01-29 08:00:00,network_utilization,61.714
2026-01-29 09:00:00,network_utilization,40.194
2026-01-29 10:00:00,network_utilization,49.622
2026-01-29 11:00:00,network_utilization,62.793
2026-01-29 12:00:00,network_utilization,92.834
2026-01-29 13:00:00,network_utilization,89.923
2026-01-29 14:00:00,network_utilization,80.913
2026-01-29 15:00:00,network_utilization,76.75
2026-01-29 16:00:00,network_utilization,52.582
2026-01-29 17:00:00,network_utilization,69.612
2026-01-29 18:00:00,network_utilization,58.428
2026-01-29 19:00:00,network_utilization,50.948
2026-01-29 20:00:00,network_utilization,55.504
2026-01-29 21:00:00,network_utilization,44.087
2026-01-29 22:00:00,network_utilization,52.685
2026-01-29 23:00:00,network_utilization,20.508
2026-01-30 00:00:00,network_utilization,37.458
2026-01-30 01:00:00,network_utilization,25.937
2026-01-30 02:00:00,network_utilization,29.968
2026-01-30 03:00:00,network_utilization,37.81
2026-01-30 04:00:00,network_utilization,25.606
2026-01-30 05:00:00,network_utilization,41.618
2026-01-30 06:00:00,network_utilization,42.013
2026-01-30 07:00:00,network_utilization,42.372
2026-01-30 08:00:00,network_utilization,49.466
2026-01-30 09:00:00,network_utilization,57.821
2026-01-30 10:00:00,network_utilization,56.53
2026-01-30 11:00:00,network_utilization,68.439
2026-01-30 12:00:00,network_utilization,68.783
2026-01-30 13:00:00,network_utilization,67.468
2026-01-30 14:00:00,network_utilization,90.178
2026-01-30 15:00:00,network_utilization,77.769
2026-01-30 16:00:00,network_utilization,67.809
2026-01-30 17:00:00,network_utilization,69.935
2026-01-30 18:00:00,network_utilization,54.084
2026-01-30 19:00:00,network_utilization,55.179
2026-01-30 20:00:00,network_utilization,51.187
2026-01-30 21:00:00,network_utilization,36.762
2026-01-30 22:00:00,network_utilization,48.298
2026-01-30 23:00:00,network_utilization,35.244
2026-01-31 00:00:00,network_utilization,28.51
2026-01-31 01:00:00,network_utilization,24.397
2026-01-31 02:00:00,network_utilization,59.012
2026-01-31 03:00:00,network_utilization,23.494
2026-01-31 04:00:00,network_utilization,11.45
2026-01-31 05:00:00,network_utilization,19.334
2026-01-31 06:00:00,network_utilization,47.086
2026-01-31 07:00:00,network_utilization,57.699
2026-01-31 08:00:00,network_utilization,42.711
2026-01-31 09:00:00,network_utilization,67.513
2026-01-31 10:00:00,network_utilization,66.981
2026-01-31 11:00:00,network_utilization,61.83
2026-01-31 12:00:00,network_utilization,64.317
2026-01-31 13:00:00,network_utilization,70.746
2026-01-31 14:00:00,network_utilization,78.412
2026-01-31 15:00:00,network_utilization,72.946
2026-01-31 16:00:00,network_utilization,60.225
2026-01-31 17:00:00,network_utilization,62.091
2026-01-31 18:00:00,network_utilization,79.522
2026-01-31 19:00:00,network_utilization,57.416
2026-01-31 20:00:00,network_utilization,58.438
2026-01-31 21:00:00,network_utilization,49.985
2026-01-31 22:00:00,network_utilization,42.515
2026-01-31 23:00:00,network_utilization,36.744
2026-02-01 00:00:00,network_utilization,41.47
2026-02-01 01:00:00,network_utilization,37.703
2026-02-01 02:00:00,network_utilization,32.492
2026-02-01 03:00:00,network_utilization,23.615
2026-02-01 04:00:00,network_utilization,36.424
2026-02-01 05:00:00,network_utilization,35.095
2026-02-01 06:00:00,network_utilization,36.842
2026-02-01 07:00:00,network_utilization,71.554
2026-02-01 08:00:00,network_utilization,34.57
2026-02-01 09:00:00,network_utilization,64.741
2026-02-01 10:00:00,network_utilization,51.37
2026-02-01 11:00:00,network_utilization,65.469
2026-02-01 12:00:00,network_utilization,93.039
2026-02-01 13:00:00,network_utilization,59.746
2026-02-01 14:00:00,network_utilization,62.83
2026-02-01 15:00:00,network_utilization,69.23
2026-02-01 16:00:00,network_utilization,58.953
2026-02-01 17:00:00,network_utilization,73.106
2026-02-01 18:00:00,network_utilization,54.796
2026-02-01 19:00:00,network_utilization,61.875
2026-02-01 20:00:00,network_utilization,36.885
2026-02-01 21:00:00,network_utilization,26.95
2026-02-01 22:00:00,network_utilization,37.923
2026-02-01 23:00:00,network_utilization,20.404
2026-02-02 00:00:00,network_utilization,53.186
2026-02-02 01:00:00,network_utilization,20.725
2026-02-02 02:00:00,network_utilization,24.983
2026-02-02 03:00:00,network_utilization,40.196
2026-02-02 04:00:00,network_utilization,32.212
2026-02-02 05:00:00,network_utilization,26.088
2026-02-02 06:00:00,network_utilization,65.832
2026-02-02 07:00:00,network_utilization,40.257
2026-02-02 08:00:00,network_utilization,53.505
2026-02-02 09:00:00,network_utilization,58.57
2026-02-02 10:00:00,network_utilization,72.607
2026-02-02 11:00:00,network_utilization,74.288
2026-02-02 12:00:00,network_utilization,64.592
2026-02-02 13:00:00,network_utilization,71.618
2026-02-02 14:00:00,network_utilization,73.307
2026-02-02 15:00:00,network_utilization,82.402
2026-02-02 16:00:00,network_utilization,61.249
2026-02-02 17:00:00,network_utilization,89.953
2026-02-02 18:00:00,network_utilization,58.056
2026-02-02 19:00:00,network_utilization,60.755
2026-02-02 20:00:00,network_utilization,44.084
2026-02-02 21:00:00,network_utilization,37.544
2026-02-02 22:00:00,network_utilization,36.976
2026-02-02 23:00:00,network_utilization,31.891
2026-02-03 00:00:00,network_utilization,34.293
2026-02-03 01:00:00,network_utilization,26.666
2026-02-03 02:00:00,network_utilization,42.748
2026-02-03 03:00:00,network_utilization,28.662
2026-02-03 04:00:00,network_utilization,29.569
2026-02-03 05:00:00,network_utilization,37.774
2026-02-03 06:00:00,network_utilization,55.792
2026-02-03 07:00:00,network_utilization,52.854
2026-02-03 08:00:00,network_utilization,54.903
2026-02-03 09:00:00,network_utilization,46.764
2026-02-03 10:00:00,network_utilization,54.509
2026-02-03 11:00:00,network_utilization,57.312
2026-02-03 12:00:00,network_utilization,86.361
2026-02-03 13:00:00,network_utilization,80.614
2026-02-03 14:00:00,network_utilization,67.392
2026-02-03 15:00:00,network_utilization,69.701
2026-02-03 16:00:00,network_utilization,65.112
2026-02-03 17:00:00,network_utilization,61.346
2026-02-03 18:00:00,network_utilization,70.683
2026-02-03 19:00:00,network_utilization,58.399
2026-02-03 20:00:00,network_utilization,76.928
2026-02-03 21:00:00,network_utilization,63.461
2026-02-03 22:00:00,network_utilization,59.247
2026-02-03 23:00:00,network_utilization,48.741
2026-02-04 00:00:00,network_utilization,34.641
2026-02-04 01:00:00,network_utilization,42.865
2026-02-04 02:00:00,network_utilization,32.736
2026-02-04 03:00:00,network_utilization,53.226
2026-02-04 04:00:00,network_utilization,42.982
2026-02-04 05:00:00,network_utilization,44.759
2026-02-04 06:00:00,network_utilization,47.567
2026-02-04 07:00:00,network_utilization,68.54
2026-02-04 08:00:00,network_utilization,41.994
2026-02-04 09:00:00,network_utilization,79.909
2026-02-04 10:00:00,network_utilization,64.506
2026-02-04 11:00:00,network_utilization,56.467
2026-02-04 12:00:00,network_utilization,66.202
2026-02-04 13:00:00,network_utilization,59.232
2026-02-04 14:00:00,network_utilization,82.977
2026-02-04 15:00:00,network_utilization,65.394
2026-02-04 16:00:00,network_utilization,75.483
2026-02-04 17:00:00,network_utilization,81.978
2026-02-04 18:00:00,network_utilization,59.792
2026-02-04 19:00:00,network_utilization,59.025
2026-02-04 20:00:00,network_utilization,43.514
2026-02-04 21:00:00,network_utilization,47.506
2026-02-04 22:00:00,network_utilization,72.324
2026-02-04 23:00:00,network_utilization,50.239
2026-02-05 00:00:00,network_utilization,36.652
2026-02-05 01:00:00,network_utilization,31.203
2026-02-05 02:00:00,network_utilization,36.23
2026-02-05 03:00:00,network_utilization,38.656
2026-02-05 04:00:00,network_utilization,35.181
2026-02-05 05:00:00,network_utilization,47.868
2026-02-05 06:00:00,network_utilization,37.194
2026-02-05 07:00:00,network_utilization,41.986
2026-02-05 08:00:00,network_utilization,60.466
2026-02-05 09:00:00,network_utilization,50.272
2026-02-05 10:00:00,network_utilization,74.09
2026-02-05 11:00:00,network_utilization,70.817
2026-02-05 12:00:00,network_utilization,55.877
2026-02-05 13:00:00,network_utilization,77.268
2026-02-05 14:00:00,network_utilization,60.021
2026-02-05 15:00:00,network_utilization,83.142
2026-02-05 16:00:00,network_utilization,71.741
2026-02-05 17:00:00,network_utilization,89.579
2026-02-05 18:00:00,network_utilization,77.657
2026-02-05 19:00:00,network_utilization,51.531
2026-02-05 20:00:00,network_utilization,36.773
2026-02-05 21:00:00,network_utilization,44.271
2026-02-05 22:00:00,network_utilization,34.803
2026-02-05 23:00:00,network_utilization,61.149
2026-02-06 00:00:00,network_utilization,39.628
2026-02-06 01:00:00,network_utilization,47.086
2026-02-06 02:00:00,network_utilization,34.238
2026-02-06 03:00:00,network_utilization,35.991
2026-02-06 04:00:00,network_utilization,39.477
2026-02-06 05:00:00,network_utilization,54.065
2026-02-06 06:00:00,network_utilization,50.276
2026-02-06 07:00:00,network_utilization,41.428
2026-02-06 08:00:00,network_utilization,73.421
2026-02-06 09:00:00,network_utilization,59.462
2026-02-06 10:00:00,network_utilization,62.677
2026-02-06 11:00:00,network_utilization,43.097
2026-02-06 12:00:00,network_utilization,80.933
2026-02-06 13:00:00,network_utilization,77.615
2026-02-06 14:00:00,network_utilization,78.303
2026-02-06 15:00:00,network_utilization,72.612
2026-02-06 16:00:00,network_utilization,68.908
2026-02-06 17:00:00,network_utilization,67.804
2026-02-06 18:00:00,network_utilization,72.008
2026-02-06 19:00:00,network_utilization,68.962
2026-02-06 20:00:00,network_utilization,55.102
2026-02-06 21:00:00,network_utilization,61.743
2026-02-06 22:00:00,network_utilization,46.658
2026-02-06 23:00:00,network_utilization,38.282
2026-02-07 00:00:00,network_utilization,37.073
2026-02-07 01:00:00,network_utilization,19.515
2026-02-07 02:00:00,network_utilization,34.772
2026-02-07 03:00:00,network_utilization,17.723
2026-02-07 04:00:00,network_utilization,24.883
2026-02-07 05:00:00,network_utilization,18.17
2026-02-07 06:00:00,network_utilization,40.766
2026-02-07 07:00:00,network_utilization,63.455
2026-02-07 08:00:00,network_utilization,51.382
2026-02-07 09:00:00,network_utilization,64.183
2026-02-07 10:00:00,network_utilization,86.112
2026-02-07 11:00:00,network_utilization,70.79
2026-02-07 12:00:00,network_utilization,62.293
2026-02-07 13:00:00,network_utilization,65.686
2026-02-07 14:00:00,network_utilization,72.668
2026-02-07 15:00:00,network_utilization,65.669
2026-02-07 16:00:00,network_utilization,64.437
2026-02-07 17:00:00,network_utilization,76.71
2026-02-07 18:00:00,network_utilization,72.995
2026-02-07 19:00:00,network_utilization,41.458
2026-02-07 20:00:00,network_utilization,44.587
2026-02-07 21:00:00,network_utilization,42.971
2026-02-07 22:00:00,network_utilization,48.796
2026-02-07 23:00:00,network_utilization,50.112
2026-02-08 00:00:00,network_utilization,62.54
2026-02-08 01:00:00,network_utilization,28.884
2026-02-08 02:00:00,network_utilization,28.72
2026-02-08 03:00:00,network_utilization,39.462
2026-02-08 04:00:00,network_utilization,28.77
2026-02-08 05:00:00,network_utilization,37.379
2026-02-08 06:00:00,network_utilization,38.799
2026-02-08 07:00:00,network_utilization,21.574
2026-02-08 08:00:00,network_utilization,54.217
2026-02-08 09:00:00,network_utilization,56.356
2026-02-08 10:00:00,network_utilization,75.733
2026-02-08 11:00:00,network_utilization,67.236
2026-02-08 12:00:00,network_utilization,57.83
2026-02-08 13:00:00,network_utilization,69.813
2026-02-08 14:00:00,network_utilization,52.182
2026-02-08 15:00:00,network_utilization,60.32
2026-02-08 16:00:00,network_utilization,76.805
2026-02-08 17:00:00,network_utilization,64.816
2026-02-08 18:00:00,network_utilization,72.39
2026-02-08 19:00:00,network_utilization,38.69
2026-02-08 20:00:00,network_utilization,50.776
2026-02-08 21:00:00,network_utilization,43.287
2026-02-08 22:00:00,network_utilization,52.795
2026-02-08 23:00:00,network_utilization,45.84
2026-02-09 00:00:00,network_utilization,47.45
2026-02-09 01:00:00,network_utilization,54.462
2026-02-09 02:00:00,network_utilization,34.703
2026-02-09 03:00:00,network_utilization,52.434
2026-02-09 04:00:00,network_utilization,30.657
2026-02-09 05:00:00,network_utilization,33.487
2026-02-09 06:00:00,network_utilization,55.983
2026-02-09 07:00:00,network_utilization,38.25
2026-02-09 08:00:00,network_utilization,64.22
2026-02-09 09:00:00,network_utilization,64.7
2026-02-09 10:00:00,network_utilization,79.247
2026-02-09 11:00:00,network_utilization,72.094
2026-02-09 12:00:00,network_utilization,76.445
2026-02-09 13:00:00,network_utilization,82.993
2026-02-09 14:00:00,network_utilization,71.974
2026-02-09 15:00:00,network_utilization,70.874
2026-02-09 16:00:00,network_utilization,80.701
2026-02-09 17:00:00,network_utilization,72.503
2026-02-09 18:00:00,network_utilization,64.599
2026-02-09 19:00:00,network_utilization,63.039
2026-02-09 20:00:00,network_utilization,74.654
2026-02-09 21:00:00,network_utilization,49.119
2026-02-09 22:00:00,network_utilization,44.024
2026-02-09 23:00:00,network_utilization,27.545
2026-02-10 00:00:00,network_utilization,41.036
2026-02-10 01:00:00,network_utilization,46.048
2026-02-10 02:00:00,network_utilization,47.178
2026-02-10 03:00:00,network_utilization,40.598
2026-02-10 04:00:00,network_utilization,51.09
2026-02-10 05:00:00,network_utilization,52.04
2026-02-10 06:00:00,network_utilization,60.018
2026-02-10 07:00:00,network_utilization,63.573
2026-02-10 08:00:00,network_utilization,74.624
2026-02-10 09:00:00,network_utilization,62.421
2026-02-10 10:00:00,network_utilization,55.689
2026-02-10 11:00:00,network_utilization,79.757
2026-02-10 12:00:00,network_utilization,84.122
2026-02-10 13:00:00,network_utilization,94.032
2026-02-10 14:00:00,network_utilization,91.845
2026-02-10 15:00:00,network_utilization,97.823
2026-02-10 16:00:00,network_utilization,82.587
2026-02-10 17:00:00,network_utilization,75.516
2026-02-10 18:00:00,network_utilization,55.254
2026-02-10 19:00:00,network_utilization,67.379
2026-02-10 20:00:00,network_utilization,53.615
2026-02-10 21:00:00,network_utilization,56.097
2026-02-10 22:00:00,network_utilization,49.721
2026-02-10 23:00:00,network_utilization,49.769
2026-02-11 00:00:00,network_utilization,40.918
2026-02-11 01:00:00,network_utilization,49.262
2026-02-11 02:00:00,network_utilization,12.016
2026-02-11 03:00:00,network_utilization,41.847
2026-02-11 04:00:00,network_utilization,53.988
2026-02-11 05:00:00,network_utilization,63.86
2026-02-11 06:00:00,network_utilization,56.64
2026-02-11 07:00:00,network_utilization,71.01
2026-02-11 08:00:00,network_utilization,61.045
2026-02-11 09:00:00,network_utilization,64.579
2026-02-11 10:00:00,network_utilization,74.686
2026-02-11 11:00:00,network_utilization,73.52
2026-02-11 12:00:00,network_utilization,68.925
2026-02-11 13:00:00,network_utilization,73.612
2026-02-11 14:00:00,network_utilization,68.342
2026-02-11 15:00:00,network_utilization,84.084
2026-02-11 16:00:00,network_utilization,76.934
2026-02-11 17:00:00,network_utilization,70.057
2026-02-11 18:00:00,network_utilization,63.869
2026-02-11 19:00:00,network_utilization,69.781
2026-02-11 20:00:00,network_utilization,67.376
2026-02-11 21:00:00,network_utilization,43.108
2026-02-11 22:00:00,network_utilization,36.731
2026-02-11 23:00:00,network_utilization,55.029
2026-02-12 00:00:00,network_utilization,28.572
2026-02-12 01:00:00,network_utilization,45.818
2026-02-12 02:00:00,network_utilization,55.849
2026-02-12 03:00:00,network_utilization,56.572
2026-02-12 04:00:00,network_utilization,49.774
2026-02-12 05:00:00,network_utilization,52.68
2026-02-12 06:00:00,network_utilization,72.271
2026-02-12 07:00:00,network_utilization,31.25
2026-02-12 08:00:00,network_utilization,55.145
2026-02-12 09:00:00,network_utilization,73.467
2026-02-12 10:00:00,network_utilization,66.451
2026-02-12 11:00:00,network_utilization,86.382
2026-02-12 12:00:00,network_utilization,76.787
2026-02-12 13:00:00,network_utilization,80.514
2026-02-12 14:00:00,network_utilization,77.149
2026-02-12 15:00:00,network_utilization,74.007
2026-02-12 16:00:00,network_utilization,71.781
2026-02-12 17:00:00,network_utilization,76.804
2026-02-12 18:00:00,network_utilization,62.222
2026-02-12 19:00:00,network_utilization,74.694
2026-02-12 20:00:00,network_utilization,66.536
2026-02-12 21:00:00,network_utilization,65.84
2026-02-12 22:00:00,network_utilization,38.751
2026-02-12 23:00:00,network_utilization,28.921
2026-02-13 00:00:00,network_utilization,42.714
2026-02-13 01:00:00,network_utilization,69.763
2026-02-13 02:00:00,network_utilization,52.774
2026-02-13 03:00:00,network_utilization,35.267
2026-02-13 04:00:00,network_utilization,47.073
2026-02-13 05:00:00,network_utilization,53.3
2026-02-13 06:00:00,network_utilization,36.5
2026-02-13 07:00:00,network_utilization,68.722
2026-02-13 08:00:00,network_utilization,58.546
2026-02-13 09:00:00,network_utilization,64.508
2026-02-13 10:00:00,network_utilization,70.494
2026-02-13 11:00:00,network_utilization,85.862
2026-02-13 12:00:00,network_utilization,70.061
2026-02-13 13:00:00,network_utilization,62.559
2026-02-13 14:00:00,network_utilization,83.558
2026-02-13 15:00:00,network_utilization,59.228
2026-02-13 16:00:00,network_utilization,74.673
2026-02-13 17:00:00,network_utilization,86.393
2026-02-13 18:00:00,network_utilization,76.191
2026-02-13 19:00:00,network_utilization,76.018
2026-02-13 20:00:00,network_utilization,66.64
2026-02-13 21:00:00,network_utilization,79.381
2026-02-13 22:00:00,network_utilization,44.59
2026-02-13 23:00:00,network_utilization,50.329
2026-02-14 00:00:00,network_utilization,33.731
2026-02-14 01:00:00,network_utilization,45.7
2026-02-14 02:00:00,network_utilization,34.853
2026-02-14 03:00:00,network_utilization,53.357
2026-02-14 04:00:00,network_utilization,32.876
2026-02-14 05:00:00,network_utilization,55.452
2026-02-14 06:00:00,network_utilization,51.472
2026-02-14 07:00:00,network_utilization,50.058
2026-02-14 08:00:00,network_utilization,61.001
2026-02-14 09:00:00,network_utilization,63.384
2026-02-14 10:00:00,network_utilization,69.173
2026-02-14 11:00:00,network_utilization,67.704
2026-02-14 12:00:00,network_utilization,65.954
2026-02-14 13:00:00,network_utilization,71.635
2026-02-14 14:00:00,network_utilization,58.854
2026-02-14 15:00:00,network_utilization,83.441
2026-02-14 16:00:00,network_utilization,60.69
2026-02-14 17:00:00,network_utilization,67.705
2026-02-14 18:00:00,network_utilization,72.237
2026-02-14 19:00:00,network_utilization,69.345
2026-02-14 20:00:00,network_utilization,38.046
2026-02-14 21:00:00,network_utilization,49.716
2026-02-14 22:00:00,network_utilization,50.426
2026-02-14 23:00:00,network_utilization,42.225
2026-02-15 00:00:00,network_utilization,51.985
2026-02-15 01:00:00,network_utilization,28.346
2026-02-15 02:00:00,network_utilization,15.411
2026-02-15 03:00:00,network_utilization,44.704
2026-02-15 04:00:00,network_utilization,33.246
2026-02-15 05:00:00,network_utilization,24.227
2026-02-15 06:00:00,network_utilization,44.388
2026-02-15 07:00:00,network_utilization,63.12
2026-02-15 08:00:00,network_utilization,43.376
2026-02-15 09:00:00,network_utilization,84.563
2026-02-15 10:00:00,network_utilization,57.666
2026-02-15 11:00:00,network_utilization,71.075
2026-02-15 12:00:00,network_utilization,61.21
2026-02-15 13:00:00,network_utilization,75.834
2026-02-15 14:00:00,network_utilization,74.78
2026-02-15 15:00:00,network_utilization,60.559
2026-02-15 16:00:00,network_utilization,99.0
2026-02-15 17:00:00,network_utilization,65.36
2026-02-15 18:00:00,network_utilization,61.244
2026-02-15 19:00:00,network_utilization,71.074
2026-02-15 20:00:00,network_utilization,74.368
2026-02-15 21:00:00,network_utilization,62.331
2026-02-15 22:00:00,network_utilization,34.249
2026-02-15 23:00:00,network_utilization,44.276
2026-02-16 00:00:00,network_utilization,25.238
2026-02-16 01:00:00,network_utilization,51.089
2026-02-16 02:00:00,network_utilization,25.056
2026-02-16 03:00:00,network_utilization,34.075
2026-02-16 04:00:00,network_utilization,44.091
2026-02-16 05:00:00,network_utilization,51.77
2026-02-16 06:00:00,network_utilization,48.871
2026-02-16 07:00:00,network_utilization,71.512
2026-02-16 08:00:00,network_utilization,68.748
2026-02-16 09:00:00,network_utilization,73.158
2026-02-16 10:00:00,network_utilization,59.258
2026-02-16 11:00:00,network_utilization,92.706
2026-02-16 12:00:00,network_utilization,70.878
2026-02-16 13:00:00,network_utilization,98.3
2026-02-16 14:00:00,network_utilization,99.0
2026-02-16 15:00:00,network_utilization,86.087
2026-02-16 16:00:00,network_utilization,89.301
2026-02-16 17:00:00,network_utilization,44.991
2026-02-16 18:00:00,network_utilization,69.746
2026-02-16 19:00:00,network_utilization,77.912
2026-02-16 20:00:00,network_utilization,70.977
2026-02-16 21:00:00,network_utilization,44.376
2026-02-16 22:00:00,network_utilization,48.831
2026-02-16 23:00:00,network_utilization,22.28
2026-02-17 00:00:00,network_utilization,48.613
2026-02-17 01:00:00,network_utilization,23.67
2026-02-17 02:00:00,network_utilization,53.145
2026-02-17 03:00:00,network_utilization,54.367
2026-02-17 04:00:00,network_utilization,39.812
2026-02-17 05:00:00,network_utilization,52.965
2026-02-17 06:00:00,network_utilization,49.741
2026-02-17 07:00:00,network_utilization,59.173
2026-02-17 08:00:00,network_utilization,50.475
2026-02-17 09:00:00,network_utilization,73.367
2026-02-17 10:00:00,network_utilization,55.572
2026-02-17 11:00:00,network_utilization,57.845
2026-02-17 12:00:00,network_utilization,78.121
2026-02-17 13:00:00,network_utilization,79.244
2026-02-17 14:00:00,network_utilization,84.779
2026-02-17 15:00:00,network_utilization,74.897
2026-02-17 16:00:00,network_utilization,98.269
2026-02-17 17:00:00,network_utilization,77.858
2026-02-17 18:00:00,network_utilization,74.457
2026-02-17 19:00:00,network_utilization,69.295
2026-02-17 20:00:00,network_utilization,72.193
2026-02-17 21:00:00,network_utilization,62.766
2026-02-17 22:00:00,network_utilization,56.62
2026-02-17 23:00:00,network_utilization,55.436
2026-02-18 00:00:00,network_utilization,26.669
2026-02-18 01:00:00,network_utilization,25.067
2026-02-18 02:00:00,network_utilization,41.511
2026-02-18 03:00:00,network_utilization,40.995
2026-02-18 04:00:00,network_utilization,50.786
2026-02-18 05:00:00,network_utilization,48.384
2026-02-18 06:00:00,network_utilization,58.163
2026-02-18 07:00:00,network_utilization,44.73
2026-02-18 08:00:00,network_utilization,62.273
2026-02-18 09:00:00,network_utilization,54.164
2026-02-18 10:00:00,network_utilization,76.285
2026-02-18 11:00:00,network_utilization,57.793
2026-02-18 12:00:00,network_utilization,83.256
2026-02-18 13:00:00,network_utilization,67.099
2026-02-18 14:00:00,network_utilization,78.653
2026-02-18 15:00:00,network_utilization,90.774
2026-02-18 16:00:00,network_utilization,82.118
2026-02-18 17:00:00,network_utilization,60.228
2026-02-18 18:00:00,network_utilization,65.836
2026-02-18 19:00:00,network_utilization,52.741
2026-02-18 20:00:00,network_utilization,45.648
2026-02-18 21:00:00,network_utilization,58.614
2026-02-18 22:00:00,network_utilization,58.235
2026-02-18 23:00:00,network_utilization,52.914
2026-02-19 00:00:00,network_utilization,51.374
2026-02-19 01:00:00,network_utilization,43.248
2026-02-19 02:00:00,network_utilization,39.97
2026-02-19 03:00:00,network_utilization,32.673
2026-02-19 04:00:00,network_utilization,41.019
2026-02-19 05:00:00,network_utilization,35.402
2026-02-19 06:00:00,network_utilization,44.324
2026-02-19 07:00:00,network_utilization,58.507
2026-02-19 08:00:00,network_utilization,61.634
2026-02-19 09:00:00,network_utilization,98.654
2026-02-19 10:00:00,network_utilization,59.39
2026-02-19 11:00:00,network_utilization,75.757
2026-02-19 12:00:00,network_utilization,65.967
2026-02-19 13:00:00,network_utilization,78.343
2026-02-19 14:00:00,network_utilization,79.449
2026-02-19 15:00:00,network_utilization,90.705
2026-02-19 16:00:00,network_utilization,75.78
2026-02-19 17:00:00,network_utilization,75.203
2026-02-19 18:00:00,network_utilization,68.689
2026-02-19 19:00:00,network_utilization,54.176
2026-02-19 20:00:00,network_utilization,56.507
2026-02-19 21:00:00,network_utilization,54.05
2026-02-19 22:00:00,network_utilization,53.802
2026-02-19 23:00:00,network_utilization,54.529
2026-02-20 00:00:00,network_utilization,43.434
2026-02-20 01:00:00,network_utilization,41.278
2026-02-20 02:00:00,network_utilization,25.928
2026-02-20 03:00:00,network_utilization,49.233
2026-02-20 04:00:00,network_utilization,38.893
2026-02-20 05:00:00,network_utilization,56.519
2026-02-20 06:00:00,network_utilization,66.372
2026-02-20 07:00:00,network_utilization,56.17
2026-02-20 08:00:00,network_utilization,53.011
2026-02-20 09:00:00,network_utilization,68.271
2026-02-20 10:00:00,network_utilization,76.767
2026-02-20 11:00:00,network_utilization,74.285
2026-02-20 12:00:00,network_utilization,74.996
2026-02-20 13:00:00,network_utilization,88.288
2026-02-20 14:00:00,network_utilization,88.328
2026-02-20 15:00:00,network_utilization,79.226
2026-02-20 16:00:00,network_utilization,64.168
2026-02-20 17:00:00,network_utilization,82.112
2026-02-20 18:00:00,network_utilization,65.751
2026-02-20 19:00:00,network_utilization,70.762
2026-02-20 20:00:00,network_utilization,64.972
2026-02-20 21:00:00,network_utilization,39.412
2026-02-20 22:00:00,network_utilization,54.307
2026-02-20 23:00:00,network_utilization,54.517
2026-02-21 00:00:00,network_utilization,47.508
2026-02-21 01:00:00,network_utilization,40.33
2026-02-21 02:00:00,network_utilization,18.721
2026-02-21 03:00:00,network_utilization,51.963
2026-02-21 04:00:00,network_utilization,45.319
2026-02-21 05:00:00,network_utilization,32.372
2026-02-21 06:00:00,network_utilization,40.687
2026-02-21 07:00:00,network_utilization,55.719
2026-02-21 08:00:00,network_utilization,65.399
2026-02-21 09:00:00,network_utilization,58.916
2026-02-21 10:00:00,network_utilization,76.892
2026-02-21 11:00:00,network_utilization,54.869
2026-02-21 12:00:00,network_utilization,65.569
2026-02-21 13:00:00,network_utilization,57.366
2026-02-21 14:00:00,network_utilization,69.735
2026-02-21 15:00:00,network_utilization,93.126
2026-02-21 16:00:00,network_utilization,96.644
2026-02-21 17:00:00,network_utilization,75.251
2026-02-21 18:00:00,network_utilization,62.397
2026-02-21 19:00:00,network_utilization,61.759
2026-02-21 20:00:00,network_utilization,63.55
2026-02-21 21:00:00,network_utilization,38.029
2026-02-21 22:00:00,network_utilization,43.128
2026-02-21 23:00:00,network_utilization,59.078
2026-02-22 00:00:00,network_utilization,31.111
2026-02-22 01:00:00,network_utilization,32.098
2026-02-22 02:00:00,network_utilization,39.057
2026-02-22 03:00:00,network_utilization,42.456
2026-02-22 04:00:00,network_utilization,35.39
2026-02-22 05:00:00,network_utilization,45.607
2026-02-22 06:00:00,network_utilization,55.076
2026-02-22 07:00:00,network_utilization,73.453
2026-02-22 08:00:00,network_utilization,57.771
2026-02-22 09:00:00,network_utilization,63.814
2026-02-22 10:00:00,network_utilization,84.344
2026-02-22 11:00:00,network_utilization,67.737
2026-02-22 12:00:00,network_utilization,63.182
2026-02-22 13:00:00,network_utilization,80.944
2026-02-22 14:00:00,network_utilization,89.903
2026-02-22 15:00:00,network_utilization,82.088
2026-02-22 16:00:00,network_utilization,75.527
2026-02-22 17:00:00,network_utilization,58.853
2026-02-22 18:00:00,network_utilization,68.629
2026-02-22 19:00:00,network_utilization,76.739
2026-02-22 20:00:00,network_utilization,46.908
2026-02-22 21:00:00,network_utilization,51.643
2026-02-22 22:00:00,network_utilization,45.41
2026-02-22 23:00:00,network_utilization,38.184
2026-02-23 00:00:00,network_utilization,49.555
2026-02-23 01:00:00,network_utilization,49.529
2026-02-23 02:00:00,network_utilization,48.76
2026-02-23 03:00:00,network_utilization,35.363
2026-02-23 04:00:00,network_utilization,30.688
2026-02-23 05:00:00,network_utilization,52.968
2026-02-23 06:00:00,network_utilization,49.445
2026-02-23 07:00:00,network_utilization,77.729
2026-02-23 08:00:00,network_utilization,83.385
2026-02-23 09:00:00,network_utilization,89.641
2026-02-23 10:00:00,network_utilization,65.175
2026-02-23 11:00:00,network_utilization,84.43
2026-02-23 12:00:00,network_utilization,90.642
2026-02-23 13:00:00,network_utilization,91.532
2026-02-23 14:00:00,network_utilization,81.104
2026-02-23 15:00:00,network_utilization,96.776
2026-02-23 16:00:00,network_utilization,82.009
2026-02-23 17:00:00,network_utilization,80.125
2026-02-23 18:00:00,network_utilization,59.342
2026-02-23 19:00:00,network_utilization,76.362
2026-02-23 20:00:00,network_utilization,62.152
2026-02-23 21:00:00,network_utilization,64.245
2026-02-23 22:00:00,network_utilization,57.143
2026-02-23 23:00:00,network_utilization,52.477
2026-02-24 00:00:00,network_utilization,47.05
2026-02-24 01:00:00,network_utilization,53.393
2026-02-24 02:00:00,network_utilization,42.875
2026-02-24 03:00:00,network_utilization,31.012
2026-02-24 04:00:00,network_utilization,53.269
2026-02-24 05:00:00,network_utilization,42.686
2026-02-24 06:00:00,network_utilization,41.693
2026-02-24 07:00:00,network_utilization,49.555
2026-02-24 08:00:00,network_utilization,67.805
2026-02-24 09:00:00,network_utilization,69.201
2026-02-24 10:00:00,network_utilization,53.681
2026-02-24 11:00:00,network_utilization,75.332
2026-02-24 12:00:00,network_utilization,94.057
2026-02-24 13:00:00,network_utilization,79.868
2026-02-24 14:00:00,network_utilization,83.425
2026-02-24 15:00:00,network_utilization,94.846
2026-02-24 16:00:00,network_utilization,90.391
2026-02-24 17:00:00,network_utilization,89.494
2026-02-24 18:00:00,network_utilization,47.426
2026-02-24 19:00:00,network_utilization,87.682
2026-02-24 20:00:00,network_utilization,71.552
2026-02-24 21:00:00,network_utilization,84.644
2026-02-24 22:00:00,network_utilization,47.401
2026-02-24 23:00:00,network_utilization,33.465
2026-02-25 00:00:00,network_utilization,48.012
2026-02-25 01:00:00,network_utilization,43.206
2026-02-25 02:00:00,network_utilization,51.833
2026-02-25 03:00:00,network_utilization,56.745
2026-02-25 04:00:00,network_utilization,47.139
2026-02-25 05:00:00,network_utilization,48.801
2026-02-25 06:00:00,network_utilization,60.595
2026-02-25 07:00:00,network_utilization,57.646
2026-02-25 08:00:00,network_utilization,62.004
2026-02-25 09:00:00,network_utilization,80.97
2026-02-25 10:00:00,network_utilization,88.038
2026-02-25 11:00:00,network_utilization,90.44
2026-02-25 12:00:00,network_utilization,81.114
2026-02-25 13:00:00,network_utilization,63.415
2026-02-25 14:00:00,network_utilization,84.03
2026-02-25 15:00:00,network_utilization,77.269
2026-02-25 16:00:00,network_utilization,81.571
2026-02-25 17:00:00,network_utilization,72.997
2026-02-25 18:00:00,network_utilization,75.377
2026-02-25 19:00:00,network_utilization,60.386
2026-02-25 20:00:00,network_utilization,52.813
2026-02-25 21:00:00,network_utilization,72.689
2026-02-25 22:00:00,network_utilization,45.959
2026-02-25 23:00:00,network_utilization,51.535
2026-02-26 00:00:00,network_utilization,57.917
2026-02-26 01:00:00,network_utilization,55.535
2026-02-26 02:00:00,network_utilization,53.676
2026-02-26 03:00:00,network_utilization,49.456
2026-02-26 04:00:00,network_utilization,55.684
2026-02-26 05:00:00,network_utilization,65.371
2026-02-26 06:00:00,network_utilization,60.05
2026-02-26 07:00:00,network_utilization,42.27
2026-02-26 08:00:00,network_utilization,60.551
2026-02-26 09:00:00,network_utilization,77.994
2026-02-26 10:00:00,network_utilization,69.601
2026-02-26 11:00:00,network_utilization,96.233
2026-02-26 12:00:00,network_utilization,82.597
2026-02-26 13:00:00,network_utilization,86.097
2026-02-26 14:00:00,network_utilization,97.191
2026-02-26 15:00:00,network_utilization,83.452
2026-02-26 16:00:00,network_utilization,85.063
2026-02-26 17:00:00,network_utilization,89.131
2026-02-26 18:00:00,network_utilization,61.293
2026-02-26 19:00:00,network_utilization,68.357
2026-02-26 20:00:00,network_utilization,74.344
2026-02-26 21:00:00,network_utilization,61.55
2026-02-26 22:00:00,network_utilization,70.761
2026-02-26 23:00:00,network_utilization,36.205
2026-02-27 00:00:00,network_utilization,31.903
2026-02-27 01:00:00,network_utilization,54.52
2026-02-27 02:00:00,network_utilization,54.818
2026-02-27 03:00:00,network_utilization,44.927
2026-02-27 04:00:00,network_utilization,52.879
2026-02-27 05:00:00,network_utilization,59.524
2026-02-27 06:00:00,network_utilization,48.093
2026-02-27 07:00:00,network_utilization,54.005
2026-02-27 08:00:00,network_utilization,68.165
2026-02-27 09:00:00,network_utilization,80.503
2026-02-27 10:00:00,network_utilization,64.644
2026-02-27 11:00:00,network_utilization,78.485
2026-02-27 12:00:00,network_utilization,81.218
2026-02-27 13:00:00,network_utilization,89.856
2026-02-27 14:00:00,network_utilization,86.289
2026-02-27 15:00:00,network_utilization,80.254
2026-02-27 16:00:00,network_utilization,96.218
2026-02-27 17:00:00,network_utilization,75.18
2026-02-27 18:00:00,network_utilization,73.527
2026-02-27 19:00:00,network_utilization,55.727
2026-02-27 20:00:00,network_utilization,59.348
2026-02-27 21:00:00,network_utilization,66.486
2026-02-27 22:00:00,network_utilization,59.726
2026-02-27 23:00:00,network_utilization,58.391
2026-02-28 00:00:00,network_utilization,49.67
2026-02-28 01:00:00,network_utilization,63.058
2026-02-28 02:00:00,network_utilization,34.038
2026-02-28 03:00:00,network_utilization,26.022
2026-02-28 04:00:00,network_utilization,33.727
2026-02-28 05:00:00,network_utilization,40.392
2026-02-28 06:00:00,network_utilization,41.846
2026-02-28 07:00:00,network_utilization,57.367
2026-02-28 08:00:00,network_utilization,74.152
2026-02-28 09:00:00,network_utilization,82.216
2026-02-28 10:00:00,network_utilization,76.704
2026-02-28 11:00:00,network_utilization,97.234
2026-02-28 12:00:00,network_utilization,75.454
2026-02-28 13:00:00,network_utilization,64.708
2026-02-28 14:00:00,network_utilization,92.265
2026-02-28 15:00:00,network_utilization,62.684
2026-02-28 16:00:00,network_utilization,71.539
2026-02-28 17:00:00,network_utilization,81.13
2026-02-28 18:00:00,network_utilization,70.781
2026-02-28 19:00:00,network_utilization,65.09
2026-02-28 20:00:00,network_utilization,50.033
2026-02-28 21:00:00,network_utilization,56.575
2026-02-28 22:00:00,network_utilization,61.914
2026-02-28 23:00:00,network_utilization,47.953
2026-03-01 00:00:00,network_utilization,36.29
2026-03-01 01:00:00,network_utilization,30.137
2026-03-01 02:00:00,network_utilization,33.853
2026-03-01 03:00:00,network_utilization,46.572
2026-03-01 04:00:00,network_utilization,48.101
2026-03-01 05:00:00,network_utilization,39.856
2026-03-01 06:00:00,network_utilization,29.913
2026-03-01 07:00:00,network_utilization,61.063
2026-03-01 08:00:00,network_utilization,53.08
2026-03-01 09:00:00,network_utilization,74.142
2026-03-01 10:00:00,network_utilization,64.532
2026-03-01 11:00:00,network_utilization,66.374
2026-03-01 12:00:00,network_utilization,80.981
2026-03-01 13:00:00,network_utilization,99.0
2026-03-01 14:00:00,network_utilization,89.655
2026-03-01 15:00:00,network_utilization,82.864
2026-03-01 16:00:00,network_utilization,83.11
2026-03-01 17:00:00,network_utilization,58.85
2026-03-01 18:00:00,network_utilization,61.014
2026-03-01 19:00:00,network_utilization,42.322
2026-03-01 20:00:00,network_utilization,79.572
2026-03-01 21:00:00,network_utilization,72.388
2026-03-01 22:00:00,network_utilization,56.237
2026-03-01 23:00:00,network_utilization,49.536
2026-03-02 00:00:00,network_utilization,34.584
2026-03-02 01:00:00,network_utilization,45.926
2026-03-02 02:00:00,network_utilization,65.38
2026-03-02 03:00:00,network_utilization,49.47
2026-03-02 04:00:00,network_utilization,44.525
2026-03-02 05:00:00,network_utilization,35.787
2026-03-02 06:00:00,network_utilization,71.331
2026-03-02 07:00:00,network_utilization,61.669
2026-03-02 08:00:00,network_utilization,49.997
2026-03-02 09:00:00,network_utilization,63.516
2026-03-02 10:00:00,network_utilization,64.825
2026-03-02 11:00:00,network_utilization,80.443
2026-03-02 12:00:00,network_utilization,87.03
2026-03-02 13:00:00,network_utilization,81.94
2026-03-02 14:00:00,network_utilization,95.442
2026-03-02 15:00:00,network_utilization,87.797
2026-03-02 16:00:00,network_utilization,95.652
2026-03-02 17:00:00,network_utilization,78.296
2026-03-02 18:00:00,network_utilization,99.0
2026-03-02 19:00:00,network_utilization,67.293
2026-03-02 20:00:00,network_utilization,58.747
2026-03-02 21:00:00,network_utilization,52.359
2026-03-02 22:00:00,network_utilization,55.707
2026-03-02 23:00:00,network_utilization,36.497
2026-03-03 00:00:00,network_utilization,53.477
2026-03-03 01:00:00,network_utilization,29.498
2026-03-03 02:00:00,network_utilization,49.505
2026-03-03 03:00:00,network_utilization,35.075
2026-03-03 04:00:00,network_utilization,46.791
2026-03-03 05:00:00,network_utilization,59.845
2026-03-03 06:00:00,network_utilization,81.0
2026-03-03 07:00:00,network_utilization,52.022
2026-03-03 08:00:00,network_utilization,66.493
2026-03-03 09:00:00,network_utilization,65.953
2026-03-03 10:00:00,network_utilization,69.333
2026-03-03 11:00:00,network_utilization,75.042
2026-03-03 12:00:00,network_utilization,93.629
2026-03-03 13:00:00,network_utilization,82.524
2026-03-03 14:00:00,network_utilization,99.0
2026-03-03 15:00:00,network_utilization,91.6
2026-03-03 16:00:00,network_utilization,75.36
2026-03-03 17:00:00,network_utilization,78.633
2026-03-03 18:00:00,network_utilization,70.158
2026-03-03 19:00:00,network_utilization,81.371
2026-03-03 20:00:00,network_utilization,51.824
2026-03-03 21:00:00,network_utilization,49.644
2026-03-03 22:00:00,network_utilization,52.333
2026-03-03 23:00:00,network_utilization,60.953
2026-03-04 00:00:00,network_utilization,63.294
2026-03-04 01:00:00,network_utilization,62.789
2026-03-04 02:00:00,network_utilization,53.618
2026-03-04 03:00:00,network_utilization,48.191
2026-03-04 04:00:00,network_utilization,58.982
2026-03-04 05:00:00,network_utilization,42.787
2026-03-04 06:00:00,network_utilization,39.945
2026-03-04 07:00:00,network_utilization,67.6
2026-03-04 08:00:00,network_utilization,58.371
2026-03-04 09:00:00,network_utilization,72.969
2026-03-04 10:00:00,network_utilization,79.66
2026-03-04 11:00:00,network_utilization,85.105
2026-03-04 12:00:00,network_utilization,95.198
2026-03-04 13:00:00,network_utilization,96.157
2026-03-04 14:00:00,network_utilization,90.486
2026-03-04 15:00:00,network_utilization,83.452
2026-03-04 16:00:00,network_utilization,86.97
2026-03-04 17:00:00,network_utilization,76.77
2026-03-04 18:00:00,network_utilization,76.644
2026-03-04 19:00:00,network_utilization,99.0
2026-03-04 20:00:00,network_utilization,70.466
2026-03-04 21:00:00,network_utilization,67.988
2026-03-04 22:00:00,network_utilization,51.625
2026-03-04 23:00:00,network_utilization,64.757
2026-03-05 00:00:00,network_utilization,58.998
2026-03-05 01:00:00,network_utilization,57.089
2026-03-05 02:00:00,network_utilization,50.901
2026-03-05 03:00:00,network_utilization,59.793
2026-03-05 04:00:00,network_utilization,64.184
2026-03-05 05:00:00,network_utilization,57.495
2026-03-05 06:00:00,network_utilization,57.678
2026-03-05 07:00:00,network_utilization,72.611
2026-03-05 08:00:00,network_utilization,59.819
2026-03-05 09:00:00,network_utilization,66.875
2026-03-05 10:00:00,network_utilization,78.363
2026-03-05 11:00:00,network_utilization,65.643
2026-03-05 12:00:00,network_utilization,94.528
2026-03-05 13:00:00,network_utilization,78.639
2026-03-05 14:00:00,network_utilization,84.253
2026-03-05 15:00:00,network_utilization,86.172
2026-03-05 16:00:00,network_utilization,86.717
2026-03-05 17:00:00,network_utilization,79.728
2026-03-05 18:00:00,network_utilization,78.366
2026-03-05 19:00:00,network_utilization,73.638
2026-03-05 20:00:00,network_utilization,64.606
2026-03-05 21:00:00,network_utilization,56.186
2026-03-05 22:00:00,network_utilization,69.927
2026-03-05 23:00:00,network_utilization,33.944
2026-03-06 00:00:00,network_utilization,49.77
2026-03-06 01:00:00,network_utilization,45.158
2026-03-06 02:00:00,network_utilization,53.372
2026-03-06 03:00:00,network_utilization,35.341
2026-03-06 04:00:00,network_utilization,46.902
2026-03-06 05:00:00,network_utilization,54.072
2026-03-06 06:00:00,network_utilization,69.957
2026-03-06 07:00:00,network_utilization,67.419
2026-03-06 08:00:00,network_utilization,57.457
2026-03-06 09:00:00,network_utilization,69.612
2026-03-06 10:00:00,network_utilization,88.189
2026-03-06 11:00:00,network_utilization,71.48
2026-03-06 12:00:00,network_utilization,85.898
2026-03-06 13:00:00,network_utilization,88.609
2026-03-06 14:00:00,network_utilization,85.542
2026-03-06 15:00:00,network_utilization,99.0
2026-03-06 16:00:00,network_utilization,82.629
2026-03-06 17:00:00,network_utilization,88.094
2026-03-06 18:00:00,network_utilization,71.809
2026-03-06 19:00:00,network_utilization,79.944
2026-03-06 20:00:00,network_utilization,78.216
2026-03-06 21:00:00,network_utilization,58.47
2026-03-06 22:00:00,network_utilization,58.997
2026-03-06 23:00:00,network_utilization,46.467
2026-03-07 00:00:00,network_utilization,35.74
2026-03-07 01:00:00,network_utilization,55.572
2026-03-07 02:00:00,network_utilization,39.001
2026-03-07 03:00:00,network_utilization,21.104
2026-03-07 04:00:00,network_utilization,64.91
2026-03-07 05:00:00,network_utilization,42.432
2026-03-07 06:00:00,network_utilization,52.149
2026-03-07 07:00:00,network_utilization,75.864
2026-03-07 08:00:00,network_utilization,63.232
2026-03-07 09:00:00,network_utilization,68.21
2026-03-07 10:00:00,network_utilization,62.403
2026-03-07 11:00:00,network_utilization,62.497
2026-03-07 12:00:00,network_utilization,80.378
2026-03-07 13:00:00,network_utilization,87.686
2026-03-07 14:00:00,network_utilization,87.812
2026-03-07 15:00:00,network_utilization,79.281
2026-03-07 16:00:00,network_utilization,82.316
2026-03-07 17:00:00,network_utilization,60.581
2026-03-07 18:00:00,network_utilization,79.431
2026-03-07 19:00:00,network_utilization,71.637
2026-03-07 20:00:00,network_utilization,84.602
2026-03-07 21:00:00,network_utilization,59.781
2026-03-07 22:00:00,network_utilization,45.474
2026-03-07 23:00:00,network_utilization,50.27
2026-03-08 00:00:00,network_utilization,44.338
2026-03-08 01:00:00,network_utilization,49.984
2026-03-08 02:00:00,network_utilization,45.242
2026-03-08 03:00:00,network_utilization,33.073
2026-03-08 04:00:00,network_utilization,31.331
2026-03-08 05:00:00,network_utilization,53.514
2026-03-08 06:00:00,network_utilization,68.876
2026-03-08 07:00:00,network_utilization,60.68
2026-03-08 08:00:00,network_utilization,73.214
2026-03-08 09:00:00,network_utilization,80.403
2026-03-08 10:00:00,network_utilization,77.785
2026-03-08 11:00:00,network_utilization,71.132
2026-03-08 12:00:00,network_utilization,84.427
2026-03-08 13:00:00,network_utilization,96.56
2026-03-08 14:00:00,network_utilization,90.488
2026-03-08 15:00:00,network_utilization,92.008
2026-03-08 16:00:00,network_utilization,77.92
2026-03-08 17:00:00,network_utilization,77.362
2026-03-08 18:00:00,network_utilization,74.074
2026-03-08 19:00:00,network_utilization,69.942
2026-03-08 20:00:00,network_utilization,76.977
2026-03-08 21:00:00,network_utilization,36.667
2026-03-08 22:00:00,network_utilization,55.638
2026-03-08 23:00:00,network_utilization,50.414
2026-03-09 00:00:00,network_utilization,39.408
2026-03-09 01:00:00,network_utilization,57.861
2026-03-09 02:00:00,network_utilization,43.235
2026-03-09 03:00:00,network_utilization,47.609
2026-03-09 04:00:00,network_utilization,71.683
2026-03-09 05:00:00,network_utilization,66.492
2026-03-09 06:00:00,network_utilization,66.297
2026-03-09 07:00:00,network_utilization,69.201
2026-03-09 08:00:00,network_utilization,68.941
2026-03-09 09:00:00,network_utilization,95.776
2026-03-09 10:00:00,network_utilization,88.646
2026-03-09 11:00:00,network_utilization,77.289
2026-03-09 12:00:00,network_utilization,73.979
2026-03-09 13:00:00,network_utilization,95.665
2026-03-09 14:00:00,network_utilization,90.137
2026-03-09 15:00:00,network_utilization,75.743
2026-03-09 16:00:00,network_utilization,92.338
2026-03-09 17:00:00,network_utilization,82.202
2026-03-09 18:00:00,network_utilization,86.075
2026-03-09 19:00:00,network_utilization,80.38
2026-03-09 20:00:00,network_utilization,64.721
2026-03-09 21:00:00,network_utilization,71.974
2026-03-09 22:00:00,network_utilization,55.861
2026-03-09 23:00:00,network_utilization,52.387
2026-03-10 00:00:00,network_utilization,48.233
2026-03-10 01:00:00,network_utilization,62.885
2026-03-10 02:00:00,network_utilization,48.106
2026-03-10 03:00:00,network_utilization,65.336
2026-03-10 04:00:00,network_utilization,71.462
2026-03-10 05:00:00,network_utilization,49.437
2026-03-10 06:00:00,network_utilization,31.774
2026-03-10 07:00:00,network_utilization,76.271
2026-03-10 08:00:00,network_utilization,67.6
2026-03-10 09:00:00,network_utilization,67.553
2026-03-10 10:00:00,network_utilization,75.169
2026-03-10 11:00:00,network_utilization,81.068
2026-03-10 12:00:00,network_utilization,99.0
2026-03-10 13:00:00,network_utilization,92.028
2026-03-10 14:00:00,network_utilization,99.0
2026-03-10 15:00:00,network_utilization,95.407
2026-03-10 16:00:00,network_utilization,85.392
2026-03-10 17:00:00,network_utilization,81.421
2026-03-10 18:00:00,network_utilization,86.816
2026-03-10 19:00:00,network_utilization,84.599
2026-03-10 20:00:00,network_utilization,81.204
2026-03-10 21:00:00,network_utilization,63.462
2026-03-10 22:00:00,network_utilization,63.024
2026-03-10 23:00:00,network_utilization,62.988
2026-03-11 00:00:00,network_utilization,50.148
2026-03-11 01:00:00,network_utilization,40.658
2026-03-11 02:00:00,network_utilization,43.281
2026-03-11 03:00:00,network_utilization,49.633
2026-03-11 04:00:00,network_utilization,60.682
2026-03-11 05:00:00,network_utilization,69.846
2026-03-11 06:00:00,network_utilization,47.856
2026-03-11 07:00:00,network_utilization,60.284
2026-03-11 08:00:00,network_utilization,67.873
2026-03-11 09:00:00,network_utilization,84.594
2026-03-11 10:00:00,network_utilization,76.207
2026-03-11 11:00:00,network_utilization,81.351
2026-03-11 12:00:00,network_utilization,74.725
2026-03-11 13:00:00,network_utilization,95.695
2026-03-11 14:00:00,network_utilization,89.946
2026-03-11 15:00:00,network_utilization,84.356
2026-03-11 16:00:00,network_utilization,86.321
2026-03-11 17:00:00,network_utilization,97.026
2026-03-11 18:00:00,network_utilization,71.583
2026-03-11 19:00:00,network_utilization,68.41
2026-03-11 20:00:00,network_utilization,84.191
2026-03-11 21:00:00,network_utilization,67.267
2026-03-11 22:00:00,network_utilization,68.402
2026-03-11 23:00:00,network_utilization,61.597
2026-03-12 00:00:00,network_utilization,54.066
2026-03-12 01:00:00,network_utilization,48.956
2026-03-12 02:00:00,network_utilization,60.092
2026-03-12 03:00:00,network_utilization,64.099
2026-03-12 04:00:00,network_utilization,65.333
2026-03-12 05:00:00,network_utilization,45.833
2026-03-12 06:00:00,network_utilization,74.897
2026-03-12 07:00:00,network_utilization,63.11
2026-03-12 08:00:00,network_utilization,64.334
2026-03-12 09:00:00,network_utilization,75.385
2026-03-12 10:00:00,network_utilization,90.231
2026-03-12 11:00:00,network_utilization,91.485
2026-03-12 12:00:00,network_utilization,86.723
2026-03-12 13:00:00,network_utilization,99.0
2026-03-12 14:00:00,network_utilization,93.391
2026-03-12 15:00:00,network_utilization,85.599
2026-03-12 16:00:00,network_utilization,82.268
2026-03-12 17:00:00,network_utilization,90.29
2026-03-12 18:00:00,network_utilization,81.239
2026-03-12 19:00:00,network_utilization,63.503
2026-03-12 20:00:00,network_utilization,80.572
2026-03-12 21:00:00,network_utilization,62.139
2026-03-12 22:00:00,network_utilization,78.057
2026-03-12 23:00:00,network_utilization,43.982
2026-03-13 00:00:00,network_utilization,53.044
2026-03-13 01:00:00,network_utilization,45.872
2026-03-13 02:00:00,network_utilization,42.454
2026-03-13 03:00:00,network_utilization,48.04
2026-03-13 04:00:00,network_utilization,72.629
2026-03-13 05:00:00,network_utilization,59.554
2026-03-13 06:00:00,network_utilization,54.363
2026-03-13 07:00:00,network_utilization,48.835
2026-03-13 08:00:00,network_utilization,55.102
2026-03-13 09:00:00,network_utilization,72.146
2026-03-13 10:00:00,network_utilization,76.015
2026-03-13 11:00:00,network_utilization,84.272
2026-03-13 12:00:00,network_utilization,66.987
2026-03-13 13:00:00,network_utilization,90.808
2026-03-13 14:00:00,network_utilization,99.0
2026-03-13 15:00:00,network_utilization,99.0
2026-03-13 16:00:00,network_utilization,70.836
2026-03-13 17:00:00,network_utilization,78.606
2026-03-13 18:00:00,network_utilization,73.954
2026-03-13 19:00:00,network_utilization,79.148
2026-03-13 20:00:00,network_utilization,60.334
2026-03-13 21:00:00,network_utilization,84.196
2026-03-13 22:00:00,network_utilization,63.003
2026-03-13 23:00:00,network_utilization,57.212
2026-03-14 00:00:00,network_utilization,66.136
2026-03-14 01:00:00,network_utilization,48.068
2026-03-14 02:00:00,network_utilization,51.568
2026-03-14 03:00:00,network_utilization,40.757
2026-03-14 04:00:00,network_utilization,36.575
2026-03-14 05:00:00,network_utilization,47.373
2026-03-14 06:00:00,network_utilization,79.507
2026-03-14 07:00:00,network_utilization,68.809
2026-03-14 08:00:00,network_utilization,70.418
2026-03-14 09:00:00,network_utilization,63.104
2026-03-14 10:00:00,network_utilization,86.822
2026-03-14 11:00:00,network_utilization,68.292
2026-03-14 12:00:00,network_utilization,69.395
2026-03-14 13:00:00,network_utilization,81.493
2026-03-14 14:00:00,network_utilization,99.0
2026-03-14 15:00:00,network_utilization,99.0
2026-03-14 16:00:00,network_utilization,80.625
2026-03-14 17:00:00,network_utilization,75.235
2026-03-14 18:00:00,network_utilization,61.449
2026-03-14 19:00:00,network_utilization,73.828
2026-03-14 20:00:00,network_utilization,69.509
2026-03-14 21:00:00,network_utilization,70.626
2026-03-14 22:00:00,network_utilization,67.032
2026-03-14 23:00:00,network_utilization,51.827
2026-03-15 00:00:00,network_utilization,56.201
2026-03-15 01:00:00,network_utilization,41.654
2026-03-15 02:00:00,network_utilization,53.367
2026-03-15 03:00:00,network_utilization,43.624
2026-03-15 04:00:00,network_utilization,55.307
2026-03-15 05:00:00,network_utilization,57.694
2026-03-15 06:00:00,network_utilization,58.757
2026-03-15 07:00:00,network_utilization,70.856
2026-03-15 08:00:00,network_utilization,52.401
2026-03-15 09:00:00,network_utilization,62.65
2026-03-15 10:00:00,network_utilization,75.44
2026-03-15 11:00:00,network_utilization,67.869
2026-03-15 12:00:00,network_utilization,81.429
2026-03-15 13:00:00,network_utilization,83.767
2026-03-15 14:00:00,network_utilization,99.0
2026-03-15 15:00:00,network_utilization,88.975
2026-03-15 16:00:00,network_utilization,95.864
2026-03-15 17:00:00,network_utilization,85.426
2026-03-15 18:00:00,network_utilization,72.928
2026-03-15 19:00:00,network_utilization,74.817
2026-03-15 20:00:00,network_utilization,75.615
2026-03-15 21:00:00,network_utilization,75.097
2026-03-15 22:00:00,network_utilization,57.034
2026-03-15 23:00:00,network_utilization,37.758
2026-03-16 00:00:00,network_utilization,38.969
2026-03-16 01:00:00,network_utilization,50.903
2026-03-16 02:00:00,network_utilization,30.125
2026-03-16 03:00:00,network_utilization,72.155
2026-03-16 04:00:00,network_utilization,62.189
2026-03-16 05:00:00,network_utilization,53.059
2026-03-16 06:00:00,network_utilization,52.48
2026-03-16 07:00:00,network_utilization,78.699
2026-03-16 08:00:00,network_utilization,62.476
2026-03-16 09:00:00,network_utilization,68.624
2026-03-16 10:00:00,network_utilization,75.989
2026-03-16 11:00:00,network_utilization,88.949
2026-03-16 12:00:00,network_utilization,97.212
2026-03-16 13:00:00,network_utilization,99.0
2026-03-16 14:00:00,network_utilization,99.0
2026-03-16 15:00:00,network_utilization,93.064
2026-03-16 16:00:00,network_utilization,99.0
2026-03-16 17:00:00,network_utilization,81.206
2026-03-16 18:00:00,network_utilization,65.583
2026-03-16 19:00:00,network_utilization,72.275
2026-03-16 20:00:00,network_utilization,65.765
2026-03-16 21:00:00,network_utilization,62.35
2026-03-16 22:00:00,network_utilization,54.27
2026-03-16 23:00:00,network_utilization,55.129
2026-03-17 00:00:00,network_utilization,62.78
2026-03-17 01:00:00,network_utilization,71.752
2026-03-17 02:00:00,network_utilization,36.683
2026-03-17 03:00:00,network_utilization,41.758
2026-03-17 04:00:00,network_utilization,48.737
2026-03-17 05:00:00,network_utilization,67.505
2026-03-17 06:00:00,network_utilization,61.959
2026-03-17 07:00:00,network_utilization,61.609
2026-03-17 08:00:00,network_utilization,81.211
2026-03-17 09:00:00,network_utilization,88.802
2026-03-17 10:00:00,network_utilization,83.892
2026-03-17 11:00:00,network_utilization,80.078
2026-03-17 12:00:00,network_utilization,94.139
2026-03-17 13:00:00,network_utilization,91.12
2026-03-17 14:00:00,network_utilization,91.742
2026-03-17 15:00:00,network_utilization,88.365
2026-03-17 16:00:00,network_utilization,99.0
2026-03-17 17:00:00,network_utilization,90.847
2026-03-17 18:00:00,network_utilization,94.581
2026-03-17 19:00:00,network_utilization,92.782
2026-03-17 20:00:00,network_utilization,78.85
2026-03-17 21:00:00,network_utilization,64.037
2026-03-17 22:00:00,network_utilization,74.699
2026-03-17 23:00:00,network_utilization,64.829
2026-03-18 00:00:00,network_utilization,83.045
2026-03-18 01:00:00,network_utilization,58.133
2026-03-18 02:00:00,network_utilization,61.345
2026-03-18 03:00:00,network_utilization,57.972
2026-03-18 04:00:00,network_utilization,56.093
2026-03-18 05:00:00,network_utilization,57.692
2026-03-18 06:00:00,network_utilization,67.382
2026-03-18 07:00:00,network_utilization,74.493
2026-03-18 08:00:00,network_utilization,86.02
2026-03-18 09:00:00,network_utilization,82.759
2026-03-18 10:00:00,network_utilization,79.883
2026-03-18 11:00:00,network_utilization,85.404
2026-03-18 12:00:00,network_utilization,78.639
2026-03-18 13:00:00,network_utilization,99.0
2026-03-18 14:00:00,network_utilization,89.172
2026-03-18 15:00:00,network_utilization,99.0
2026-03-18 16:00:00,network_utilization,94.706
2026-03-18 17:00:00,network_utilization,91.817
2026-03-18 18:00:00,network_utilization,83.482
2026-03-18 19:00:00,network_utilization,71.972
2026-03-18 20:00:00,network_utilization,65.007
2026-03-18 21:00:00,network_utilization,86.818
2026-03-18 22:00:00,network_utilization,65.868
2026-03-18 23:00:00,network_utilization,71.857
2026-03-19 00:00:00,network_utilization,71.293
2026-03-19 01:00:00,network_utilization,51.355
2026-03-19 02:00:00,network_utilization,59.035
2026-03-19 03:00:00,network_utilization,55.95
2026-03-19 04:00:00,network_utilization,45.943
2026-03-19 05:00:00,network_utilization,58.857
2026-03-19 06:00:00,network_utilization,70.747
2026-03-19 07:00:00,network_utilization,64.723
2026-03-19 08:00:00,network_utilization,71.66
2026-03-19 09:00:00,network_utilization,78.369
2026-03-19 10:00:00,network_utilization,99.0
2026-03-19 11:00:00,network_utilization,70.764
2026-03-19 12:00:00,network_utilization,97.317
2026-03-19 13:00:00,network_utilization,91.783
2026-03-19 14:00:00,network_utilization,88.609
2026-03-19 15:00:00,network_utilization,91.574
2026-03-19 16:00:00,network_utilization,99.0
2026-03-19 17:00:00,network_utilization,96.457
2026-03-19 18:00:00,network_utilization,86.948
2026-03-19 19:00:00,network_utilization,91.21
2026-03-19 20:00:00,network_utilization,87.812
2026-03-19 21:00:00,network_utilization,78.129
2026-03-19 22:00:00,network_utilization,59.698
2026-03-19 23:00:00,network_utilization,65.98
2026-03-20 00:00:00,network_utilization,62.867
2026-03-20 01:00:00,network_utilization,47.739
2026-03-20 02:00:00,network_utilization,39.538
2026-03-20 03:00:00,network_utilization,35.704
2026-03-20 04:00:00,network_utilization,58.646
2026-03-20 05:00:00,network_utilization,64.124
2026-03-20 06:00:00,network_utilization,53.486
2026-03-20 07:00:00,network_utilization,80.606
2026-03-20 08:00:00,network_utilization,76.862
2026-03-20 09:00:00,network_utilization,94.029
2026-03-20 10:00:00,network_utilization,89.081
2026-03-20 11:00:00,network_utilization,78.873
2026-03-20 12:00:00,network_utilization,97.315
2026-03-20 13:00:00,network_utilization,99.0
2026-03-20 14:00:00,network_utilization,89.972
2026-03-20 15:00:00,network_utilization,80.364
2026-03-20 16:00:00,network_utilization,93.807
2026-03-20 17:00:00,network_utilization,79.636
2026-03-20 18:00:00,network_utilization,96.729
2026-03-20 19:00:00,network_utilization,76.643
2026-03-20 20:00:00,network_utilization,92.802
2026-03-20 21:00:00,network_utilization,49.156
2026-03-20 22:00:00,network_utilization,66.94
2026-03-20 23:00:00,network_utilization,75.762
2026-03-21 00:00:00,network_utilization,44.329
2026-03-21 01:00:00,network_utilization,49.66
2026-03-21 02:00:00,network_utilization,46.559
2026-03-21 03:00:00,network_utilization,44.451
2026-03-21 04:00:00,network_utilization,55.751
2026-03-21 05:00:00,network_utilization,43.547
2026-03-21 06:00:00,network_utilization,59.551
2026-03-21 07:00:00,network_utilization,70.663
2026-03-21 08:00:00,network_utilization,68.546
2026-03-21 09:00:00,network_utilization,65.889
2026-03-21 10:00:00,network_utilization,91.035
2026-03-21 11:00:00,network_utilization,92.196
2026-03-21 12:00:00,network_utilization,77.678
2026-03-21 13:00:00,network_utilization,77.164
2026-03-21 14:00:00,network_utilization,81.286
2026-03-21 15:00:00,network_utilization,95.594
2026-03-21 16:00:00,network_utilization,90.917
2026-03-21 17:00:00,network_utilization,92.902
2026-03-21 18:00:00,network_utilization,77.615
2026-03-21 19:00:00,network_utilization,66.824
2026-03-21 20:00:00,network_utilization,80.101
2026-03-21 21:00:00,network_utilization,60.22
2026-03-21 22:00:00,network_utilization,62.814
2026-03-21 23:00:00,network_utilization,41.326
2026-03-22 00:00:00,network_utilization,47.966
2026-03-22 01:00:00,network_utilization,61.778
2026-03-22 02:00:00,network_utilization,43.858
2026-03-22 03:00:00,network_utilization,59.866
2026-03-22 04:00:00,network_utilization,30.426
2026-03-22 05:00:00,network_utilization,51.339
2026-03-22 06:00:00,network_utilization,59.379
2026-03-22 07:00:00,network_utilization,83.36
2026-03-22 08:00:00,network_utilization,59.438
2026-03-22 09:00:00,network_utilization,83.033
2026-03-22 10:00:00,network_utilization,91.734
2026-03-22 11:00:00,network_utilization,78.11
2026-03-22 12:00:00,network_utilization,84.786
2026-03-22 13:00:00,network_utilization,91.954
2026-03-22 14:00:00,network_utilization,76.422
2026-03-22 15:00:00,network_utilization,86.022
2026-03-22 16:00:00,network_utilization,99.0
2026-03-22 17:00:00,network_utilization,90.66
2026-03-22 18:00:00,network_utilization,79.741
2026-03-22 19:00:00,network_utilization,77.634
2026-03-22 20:00:00,network_utilization,77.154
2026-03-22 21:00:00,network_utilization,73.911
2026-03-22 22:00:00,network_utilization,55.817
2026-03-22 23:00:00,network_utilization,72.604
2026-03-23 00:00:00,network_utilization,72.335
2026-03-23 01:00:00,network_utilization,63.964
2026-03-23 02:00:00,network_utilization,48.098
2026-03-23 03:00:00,network_utilization,47.025
2026-03-23 04:00:00,network_utilization,55.977
2026-03-23 05:00:00,network_utilization,63.048
2026-03-23 06:00:00,network_utilization,48.915
2026-03-23 07:00:00,network_utilization,76.389
2026-03-23 08:00:00,network_utilization,89.511
2026-03-23 09:00:00,network_utilization,87.595
2026-03-23 10:00:00,network_utilization,79.911
2026-03-23 11:00:00,network_utilization,82.888
2026-03-23 12:00:00,network_utilization,97.027
2026-03-23 13:00:00,network_utilization,94.511
2026-03-23 14:00:00,network_utilization,99.0
2026-03-23 15:00:00,network_utilization,99.0
2026-03-23 16:00:00,network_utilization,99.0
2026-03-23 17:00:00,network_utilization,79.619
2026-03-23 18:00:00,network_utilization,89.032
2026-03-23 19:00:00,network_utilization,78.376
2026-03-23 20:00:00,network_utilization,75.866
2026-03-23 21:00:00,network_utilization,80.338
2026-03-23 22:00:00,network_utilization,76.619
2026-03-23 23:00:00,network_utilization,76.748
2026-03-24 00:00:00,network_utilization,63.859
2026-03-24 01:00:00,network_utilization,56.523
2026-03-24 02:00:00,network_utilization,54.431
2026-03-24 03:00:00,network_utilization,40.312
2026-03-24 04:00:00,network_utilization,73.073
2026-03-24 05:00:00,network_utilization,59.653
2026-03-24 06:00:00,network_utilization,72.091
2026-03-24 07:00:00,network_utilization,78.664
2026-03-24 08:00:00,network_utilization,64.615
2026-03-24 09:00:00,network_utilization,73.029
2026-03-24 10:00:00,network_utilization,99.0
2026-03-24 11:00:00,network_utilization,94.168
2026-03-24 12:00:00,network_utilization,88.655
2026-03-24 13:00:00,network_utilization,95.213
2026-03-24 14:00:00,network_utilization,99.0
2026-03-24 15:00:00,network_utilization,99.0
2026-03-24 16:00:00,network_utilization,79.872
2026-03-24 17:00:00,network_utilization,99.0
2026-03-24 18:00:00,network_utilization,96.909
2026-03-24 19:00:00,network_utilization,80.918
2026-03-24 20:00:00,network_utilization,65.367
2026-03-24 21:00:00,network_utilization,82.666
2026-03-24 22:00:00,network_utilization,72.084
2026-03-24 23:00:00,network_utilization,48.618
2026-03-25 00:00:00,network_utilization,57.715
2026-03-25 01:00:00,network_utilization,89.317
2026-03-25 02:00:00,network_utilization,57.557
2026-03-25 03:00:00,network_utilization,50.672
2026-03-25 04:00:00,network_utilization,50.023
2026-03-25 05:00:00,network_utilization,81.025
2026-03-25 06:00:00,network_utilization,75.942
2026-03-25 07:00:00,network_utilization,86.38
2026-03-25 08:00:00,network_utilization,79.982
2026-03-25 09:00:00,network_utilization,95.235
2026-03-25 10:00:00,network_utilization,79.053
2026-03-25 11:00:00,network_utilization,93.322
2026-03-25 12:00:00,network_utilization,97.763
2026-03-25 13:00:00,network_utilization,99.0
2026-03-25 14:00:00,network_utilization,99.0
2026-03-25 15:00:00,network_utilization,90.689
2026-03-25 16:00:00,network_utilization,95.605
2026-03-25 17:00:00,network_utilization,75.04
2026-03-25 18:00:00,network_utilization,64.47
2026-03-25 19:00:00,network_utilization,91.188
2026-03-25 20:00:00,network_utilization,73.969
2026-03-25 21:00:00,network_utilization,69.943
2026-03-25 22:00:00,network_utilization,76.061
2026-03-25 23:00:00,network_utilization,77.598
2026-03-26 00:00:00,network_utilization,65.812
2026-03-26 01:00:00,network_utilization,77.768
2026-03-26 02:00:00,network_utilization,62.851
2026-03-26 03:00:00,network_utilization,61.546
2026-03-26 04:00:00,network_utilization,62.943
2026-03-26 05:00:00,network_utilization,50.881
2026-03-26 06:00:00,network_utilization,77.456
2026-03-26 07:00:00,network_utilization,48.283
2026-03-26 08:00:00,network_utilization,72.069
2026-03-26 09:00:00,network_utilization,83.356
2026-03-26 10:00:00,network_utilization,80.07
2026-03-26 11:00:00,network_utilization,87.611
2026-03-26 12:00:00,network_utilization,99.0
2026-03-26 13:00:00,network_utilization,99.0
2026-03-26 14:00:00,network_utilization,91.182
2026-03-26 15:00:00,network_utilization,92.681
2026-03-26 16:00:00,network_utilization,82.626
2026-03-26 17:00:00,network_utilization,99.0
2026-03-26 18:00:00,network_utilization,85.615
2026-03-26 19:00:00,network_utilization,63.642
2026-03-26 20:00:00,network_utilization,79.156
2026-03-26 21:00:00,network_utilization,77.379
2026-03-26 22:00:00,network_utilization,77.815
2026-03-26 23:00:00,network_utilization,63.326
2026-03-27 00:00:00,network_utilization,57.173
2026-03-27 01:00:00,network_utilization,78.782
2026-03-27 02:00:00,network_utilization,58.322
2026-03-27 03:00:00,network_utilization,66.151
2026-03-27 04:00:00,network_utilization,55.576
2026-03-27 05:00:00,network_utilization,71.067
2026-03-27 06:00:00,network_utilization,53.772
2026-03-27 07:00:00,network_utilization,68.549
2026-03-27 08:00:00,network_utilization,66.281
2026-03-27 09:00:00,network_utilization,77.509
2026-03-27 10:00:00,network_utilization,99.0
2026-03-27 11:00:00,network_utilization,86.437
2026-03-27 12:00:00,network_utilization,99.0
2026-03-27 13:00:00,network_utilization,99.0
2026-03-27 14:00:00,network_utilization,98.196
2026-03-27 15:00:00,network_utilization,99.0
2026-03-27 16:00:00,network_utilization,99.0
2026-03-27 17:00:00,network_utilization,93.833
2026-03-27 18:00:00,network_utilization,96.047
2026-03-27 19:00:00,network_utilization,99.0
2026-03-27 20:00:00,network_utilization,72.207
2026-03-27 21:00:00,network_utilization,63.83
2026-03-27 22:00:00,network_utilization,58.437
2026-03-27 23:00:00,network_utilization,74.436
2026-03-28 00:00:00,network_utilization,67.55
2026-03-28 01:00:00,network_utilization,48.906
2026-03-28 02:00:00,network_utilization,32.253
2026-03-28 03:00:00,network_utilization,47.565
2026-03-28 04:00:00,network_utilization,61.807
2026-03-28 05:00:00,network_utilization,58.858
2026-03-28 06:00:00,network_utilization,65.488
2026-03-28 07:00:00,network_utilization,63.293
2026-03-28 08:00:00,network_utilization,83.862
2026-03-28 09:00:00,network_utilization,82.347
2026-03-28 10:00:00,network_utilization,89.622
2026-03-28 11:00:00,network_utilization,89.508
2026-03-28 12:00:00,network_utilization,96.357
2026-03-28 13:00:00,network_utilization,97.715
2026-03-28 14:00:00,network_utilization,84.548
2026-03-28 15:00:00,network_utilization,96.896
2026-03-28 16:00:00,network_utilization,99.0
2026-03-28 17:00:00,network_utilization,99.0
2026-03-28 18:00:00,network_utilization,88.062
2026-03-28 19:00:00,network_utilization,69.443
2026-03-28 20:00:00,network_utilization,65.824
2026-03-28 21:00:00,network_utilization,64.427
2026-03-28 22:00:00,network_utilization,65.868
2026-03-28 23:00:00,network_utilization,58.627
2026-03-29 00:00:00,network_utilization,45.451
2026-03-29 01:00:00,network_utilization,43.411
2026-03-29 02:00:00,network_utilization,33.06
2026-03-29 03:00:00,network_utilization,23.55
2026-03-29 04:00:00,network_utilization,55.443
2026-03-29 05:00:00,network_utilization,83.159
2026-03-29 06:00:00,network_utilization,82.085
2026-03-29 07:00:00,network_utilization,59.176
2026-03-29 08:00:00,network_utilization,75.652
2026-03-29 09:00:00,network_utilization,64.702
2026-03-29 10:00:00,network_utilization,71.068
2026-03-29 11:00:00,network_utilization,76.374
2026-03-29 12:00:00,network_utilization,89.291
2026-03-29 13:00:00,network_utilization,91.737
2026-03-29 14:00:00,network_utilization,96.788
2026-03-29 15:00:00,network_utilization,99.0
2026-03-29 16:00:00,network_utilization,88.249
2026-03-29 17:00:00,network_utilization,88.819
2026-03-29 18:00:00,network_utilization,73.395
2026-03-29 19:00:00,network_utilization,66.082
2026-03-29 20:00:00,network_utilization,59.379
2026-03-29 21:00:00,network_utilization,75.703
2026-03-29 22:00:00,network_utilization,61.026
2026-03-29 23:00:00,network_utilization,41.57
2026-03-30 00:00:00,network_utilization,61.565
2026-03-30 01:00:00,network_utilization,47.727
2026-03-30 02:00:00,network_utilization,76.156
2026-03-30 03:00:00,network_utilization,54.463
2026-03-30 04:00:00,network_utilization,69.083
2026-03-30 05:00:00,network_utilization,76.353
2026-03-30 06:00:00,network_utilization,60.075
2026-03-30 07:00:00,network_utilization,75.226
2026-03-30 08:00:00,network_utilization,85.195
2026-03-30 09:00:00,network_utilization,86.01
2026-03-30 10:00:00,network_utilization,93.307
2026-03-30 11:00:00,network_utilization,80.56
2026-03-30 12:00:00,network_utilization,99.0
2026-03-30 13:00:00,network_utilization,94.207
2026-03-30 14:00:00,network_utilization,99.0
2026-03-30 15:00:00,network_utilization,99.0
2026-03-30 16:00:00,network_utilization,99.0
2026-03-30 17:00:00,network_utilization,97.451
2026-03-30 18:00:00,network_utilization,96.261
2026-03-30 19:00:00,network_utilization,91.918
2026-03-30 20:00:00,network_utilization,94.831
2026-03-30 21:00:00,network_utilization,74.377
2026-03-30 22:00:00,network_utilization,71.552
2026-03-30 23:00:00,network_utilization,75.109
2026-03-31 00:00:00,network_utilization,57.724
2026-03-31 01:00:00,network_utilization,47.295
2026-03-31 02:00:00,network_utilization,64.916
2026-03-31 03:00:00,network_utilization,58.623
2026-03-31 04:00:00,network_utilization,50.624
2026-03-31 05:00:00,network_utilization,70.901
2026-03-31 06:00:00,network_utilization,84.367
2026-03-31 07:00:00,network_utilization,58.6
2026-03-31 08:00:00,network_utilization,90.315
2026-03-31 09:00:00,network_utilization,59.916
2026-03-31 10:00:00,network_utilization,86.125
2026-03-31 11:00:00,network_utilization,99.0
2026-03-31 12:00:00,network_utilization,94.201
2026-03-31 13:00:00,network_utilization,99.0
2026-03-31 14:00:00,network_utilization,99.0
2026-03-31 15:00:00,network_utilization,82.372
2026-03-31 16:00:00,network_utilization,98.277
2026-03-31 17:00:00,network_utilization,95.038
2026-03-31 18:00:00,network_utilization,99.0
2026-03-31 19:00:00,network_utilization,73.109
2026-03-31 20:00:00,network_utilization,76.493
2026-03-31 21:00:00,network_utilization,65.866
2026-03-31 22:00:00,network_utilization,60.0
2026-03-31 23:00:00,network_utilization,77.494
2026-04-01 00:00:00,network_utilization,63.326
2026-04-01 01:00:00,network_utilization,55.524
2026-04-01 02:00:00,network_utilization,55.238
2026-04-01 03:00:00,network_utilization,55.483
2026-04-01 04:00:00,network_utilization,58.393
2026-04-01 05:00:00,network_utilization,53.683
2026-04-01 06:00:00,network_utilization,67.901
2026-04-01 07:00:00,network_utilization,71.738
2026-04-01 08:00:00,network_utilization,72.946
2026-04-01 09:00:00,network_utilization,87.269
2026-04-01 10:00:00,network_utilization,92.959
2026-04-01 11:00:00,network_utilization,89.154
2026-04-01 12:00:00,network_utilization,96.475
2026-04-01 13:00:00,network_utilization,99.0
2026-04-01 14:00:00,network_utilization,99.0
2026-04-01 15:00:00,network_utilization,89.428
2026-04-01 16:00:00,network_utilization,88.844
2026-04-01 17:00:00,network_utilization,84.234
2026-04-01 18:00:00,network_utilization,99.0
2026-04-01 19:00:00,network_utilization,81.913
2026-04-01 20:00:00,network_utilization,83.137
2026-04-01 21:00:00,network_utilization,95.551
2026-04-01 22:00:00,network_utilization,70.671
2026-04-01 23:00:00,network_utilization,73.714
2026-04-02 00:00:00,network_utilization,68.696
2026-04-02 01:00:00,network_utilization,55.629
2026-04-02 02:00:00,network_utilization,71.44
2026-04-02 03:00:00,network_utilization,53.05
2026-04-02 04:00:00,network_utilization,76.962
2026-04-02 05:00:00,network_utilization,60.885
2026-04-02 06:00:00,network_utilization,66.14
2026-04-02 07:00:00,network_utilization,64.877
2026-04-02 08:00:00,network_utilization,71.713
2026-04-02 09:00:00,network_utilization,81.883
2026-04-02 10:00:00,network_utilization,66.679
2026-04-02 11:00:00,network_utilization,92.819
2026-04-02 12:00:00,network_utilization,93.269
2026-04-02 13:00:00,network_utilization,99.0
2026-04-02 14:00:00,network_utilization,99.0
2026-04-02 15:00:00,network_utilization,93.324
2026-04-02 16:00:00,network_utilization,93.835
2026-04-02 17:00:00,network_utilization,92.914
2026-04-02 18:00:00,network_utilization,99.0
2026-04-02 19:00:00,network_utilization,78.107
2026-04-02 20:00:00,network_utilization,73.974
2026-04-02 21:00:00,network_utilization,64.728
2026-04-02 22:00:00,network_utilization,56.388
2026-04-02 23:00:00,network_utilization,70.154
2026-04-03 00:00:00,network_utilization,65.953
2026-04-03 01:00:00,network_utilization,74.771
2026-04-03 02:00:00,network_utilization,71.694
2026-04-03 03:00:00,network_utilization,85.951
2026-04-03 04:00:00,network_utilization,63.257
2026-04-03 05:00:00,network_utilization,64.587
2026-04-03 06:00:00,network_utilization,58.35
2026-04-03 07:00:00,network_utilization,83.159
2026-04-03 08:00:00,network_utilization,82.573
2026-04-03 09:00:00,network_utilization,93.095
2026-04-03 10:00:00,network_utilization,80.033
2026-04-03 11:00:00,network_utilization,99.0
2026-04-03 12:00:00,network_utilization,99.0
2026-04-03 13:00:00,network_utilization,99.0
2026-04-03 14:00:00,network_utilization,94.663
2026-04-03 15:00:00,network_utilization,99.0
2026-04-03 16:00:00,network_utilization,99.0
2026-04-03 17:00:00,network_utilization,84.589
2026-04-03 18:00:00,network_utilization,98.772
2026-04-03 19:00:00,network_utilization,57.984
2026-04-03 20:00:00,network_utilization,88.29
2026-04-03 21:00:00,network_utilization,57.744
2026-04-03 22:00:00,network_utilization,66.39
2026-04-03 23:00:00,network_utilization,54.386
2026-04-04 00:00:00,network_utilization,57.124
2026-04-04 01:00:00,network_utilization,65.688
2026-04-04 02:00:00,network_utilization,38.064
2026-04-04 03:00:00,network_utilization,53.742
2026-04-04 04:00:00,network_utilization,54.219
2026-04-04 05:00:00,network_utilization,78.359
2026-04-04 06:00:00,network_utilization,71.027
2026-04-04 07:00:00,network_utilization,59.778
2026-04-04 08:00:00,network_utilization,72.032
2026-04-04 09:00:00,network_utilization,97.5
2026-04-04 10:00:00,network_utilization,93.925
2026-04-04 11:00:00,network_utilization,81.759
2026-04-04 12:00:00,network_utilization,91.467
2026-04-04 13:00:00,network_utilization,93.802
2026-04-04 14:00:00,network_utilization,91.473
2026-04-04 15:00:00,network_utilization,79.087
2026-04-04 16:00:00,network_utilization,87.433
2026-04-04 17:00:00,network_utilization,99.0
2026-04-04 18:00:00,network_utilization,83.114
2026-04-04 19:00:00,network_utilization,81.087
2026-04-04 20:00:00,network_utilization,78.366
2026-04-04 21:00:00,network_utilization,93.984
2026-04-04 22:00:00,network_utilization,67.086
2026-04-04 23:00:00,network_utilization,73.812
2026-04-05 00:00:00,network_utilization,53.731
2026-04-05 01:00:00,network_utilization,55.138
2026-04-05 02:00:00,network_utilization,57.195
2026-04-05 03:00:00,network_utilization,50.027
2026-04-05 04:00:00,network_utilization,57.747
2026-04-05 05:00:00,network_utilization,71.861
2026-04-05 06:00:00,network_utilization,59.137
2026-04-05 07:00:00,network_utilization,71.984
2026-04-05 08:00:00,network_utilization,84.264
2026-04-05 09:00:00,network_utilization,74.127
2026-04-05 10:00:00,network_utilization,98.167
2026-04-05 11:00:00,network_utilization,92.102
2026-04-05 12:00:00,network_utilization,92.918
2026-04-05 13:00:00,network_utilization,76.504
2026-04-05 14:00:00,network_utilization,93.549
2026-04-05 15:00:00,network_utilization,99.0
2026-04-05 16:00:00,network_utilization,99.0
2026-04-05 17:00:00,network_utilization,97.16
2026-04-05 18:00:00,network_utilization,98.619
2026-04-05 19:00:00,network_utilization,70.46
2026-04-05 20:00:00,network_utilization,76.125
2026-04-05 21:00:00,network_utilization,84.442
2026-04-05 22:00:00,network_utilization,58.552
2026-04-05 23:00:00,network_utilization,72.957
2026-04-06 00:00:00,network_utilization,72.553
2026-04-06 01:00:00,network_utilization,65.987
2026-04-06 02:00:00,network_utilization,59.289
2026-04-06 03:00:00,network_utilization,53.413
2026-04-06 04:00:00,network_utilization,83.045
2026-04-06 05:00:00,network_utilization,74.806
2026-04-06 06:00:00,network_utilization,76.054
2026-04-06 07:00:00,network_utilization,73.361
2026-04-06 08:00:00,network_utilization,83.063
2026-04-06 09:00:00,network_utilization,89.526
2026-04-06 10:00:00,network_utilization,96.719
2026-04-06 11:00:00,network_utilization,99.0
2026-04-06 12:00:00,network_utilization,92.252
2026-04-06 13:00:00,network_utilization,87.427
2026-04-06 14:00:00,network_utilization,99.0
2026-04-06 15:00:00,network_utilization,84.656
2026-04-06 16:00:00,network_utilization,96.912
2026-04-06 17:00:00,network_utilization,91.896
2026-04-06 18:00:00,network_utilization,97.781
2026-04-06 19:00:00,network_utilization,99.0
2026-04-06 20:00:00,network_utilization,63.454
2026-04-06 21:00:00,network_utilization,99.0
2026-04-06 22:00:00,network_utilization,70.605
2026-04-06 23:00:00,network_utilization,72.29
2026-04-07 00:00:00,network_utilization,51.503
2026-04-07 01:00:00,network_utilization,73.64
2026-04-07 02:00:00,network_utilization,63.423
2026-04-07 03:00:00,network_utilization,63.093
2026-04-07 04:00:00,network_utilization,46.35
2026-04-07 05:00:00,network_utilization,69.658
2026-04-07 06:00:00,network_utilization,81.538
2026-04-07 07:00:00,network_utilization,75.559
2026-04-07 08:00:00,network_utilization,94.858
2026-04-07 09:00:00,network_utilization,99.0
2026-04-07 10:00:00,network_utilization,86.741
2026-04-07 11:00:00,network_utilization,99.0
2026-04-07 12:00:00,network_utilization,99.0
2026-04-07 13:00:00,network_utilization,99.0
2026-04-07 14:00:00,network_utilization,99.0
2026-04-07 15:00:00,network_utilization,99.0
2026-04-07 16:00:00,network_utilization,74.279
2026-04-07 17:00:00,network_utilization,95.565
2026-04-07 18:00:00,network_utilization,79.657
2026-04-07 19:00:00,network_utilization,99.0
2026-04-07 20:00:00,network_utilization,99.0
2026-04-07 21:00:00,network_utilization,86.693
2026-04-07 22:00:00,network_utilization,70.983
2026-04-07 23:00:00,network_utilization,59.164
2026-04-08 00:00:00,network_utilization,59.508
2026-04-08 01:00:00,network_utilization,83.53
2026-04-08 02:00:00,network_utilization,56.518
2026-04-08 03:00:00,network_utilization,40.584
2026-04-08 04:00:00,network_utilization,76.457
2026-04-08 05:00:00,network_utilization,84.357
2026-04-08 06:00:00,network_utilization,90.104
2026-04-08 07:00:00,network_utilization,88.737
2026-04-08 08:00:00,network_utilization,95.563
2026-04-08 09:00:00,network_utilization,89.272
2026-04-08 10:00:00,network_utilization,72.821
2026-04-08 11:00:00,network_utilization,98.023
2026-04-08 12:00:00,network_utilization,99.0
2026-04-08 13:00:00,network_utilization,99.0
2026-04-08 14:00:00,network_utilization,99.0
2026-04-08 15:00:00,network_utilization,93.351
2026-04-08 16:00:00,network_utilization,90.995
2026-04-08 17:00:00,network_utilization,99.0
2026-04-08 18:00:00,network_utilization,99.0
2026-04-08 19:00:00,network_utilization,88.896
2026-04-08 20:00:00,network_utilization,86.579
2026-04-08 21:00:00,network_utilization,68.797
2026-04-08 22:00:00,network_utilization,80.226
2026-04-08 23:00:00,network_utilization,87.272
2026-04-09 00:00:00,network_utilization,51.223
2026-04-09 01:00:00,network_utilization,69.174
2026-04-09 02:00:00,network_utilization,69.262
2026-04-09 03:00:00,network_utilization,69.848
2026-04-09 04:00:00,network_utilization,83.016
2026-04-09 05:00:00,network_utilization,90.144
2026-04-09 06:00:00,network_utilization,71.609
2026-04-09 07:00:00,network_utilization,85.517
2026-04-09 08:00:00,network_utilization,84.822
2026-04-09 09:00:00,network_utilization,82.853
2026-04-09 10:00:00,network_utilization,96.724
2026-04-09 11:00:00,network_utilization,99.0
2026-04-09 12:00:00,network_utilization,99.0
2026-04-09 13:00:00,network_utilization,94.577
2026-04-09 14:00:00,network_utilization,99.0
2026-04-09 15:00:00,network_utilization,98.865
2026-04-09 16:00:00,network_utilization,93.02
2026-04-09 17:00:00,network_utilization,99.0
2026-04-09 18:00:00,network_utilization,98.341
2026-04-09 19:00:00,network_utilization,99.0
2026-04-09 20:00:00,network_utilization,75.62
2026-04-09 21:00:00,network_utilization,73.263
2026-04-09 22:00:00,network_utilization,89.778
2026-04-09 23:00:00,network_utilization,68.463
2026-04-10 00:00:00,network_utilization,67.249
2026-04-10 01:00:00,network_utilization,63.216
2026-04-10 02:00:00,network_utilization,75.634
2026-04-10 03:00:00,network_utilization,76.722
2026-04-10 04:00:00,network_utilization,78.152
2026-04-10 05:00:00,network_utilization,70.482
2026-04-10 06:00:00,network_utilization,65.652
2026-04-10 07:00:00,network_utilization,98.47
2026-04-10 08:00:00,network_utilization,92.975
2026-04-10 09:00:00,network_utilization,85.04
2026-04-10 10:00:00,network_utilization,99.0
2026-04-10 11:00:00,network_utilization,93.252
2026-04-10 12:00:00,network_utilization,99.0
2026-04-10 13:00:00,network_utilization,99.0
2026-04-10 14:00:00,network_utilization,95.305
2026-04-10 15:00:00,network_utilization,99.0
2026-04-10 16:00:00,network_utilization,99.0
2026-04-10 17:00:00,network_utilization,99.0
2026-04-10 18:00:00,network_utilization,87.169
2026-04-10 19:00:00,network_utilization,99.0
2026-04-10 20:00:00,network_utilization,84.801
2026-04-10 21:00:00,network_utilization,67.056
2026-04-10 22:00:00,network_utilization,73.464
2026-04-10 23:00:00,network_utilization,70.565
2026-04-11 00:00:00,network_utilization,51.716
2026-04-11 01:00:00,network_utilization,63.446
2026-04-11 02:00:00,network_utilization,69.239
2026-04-11 03:00:00,network_utilization,62.742
2026-04-11 04:00:00,network_utilization,56.958
2026-04-11 05:00:00,network_utilization,64.088
2026-04-11 06:00:00,network_utilization,69.688
2026-04-11 07:00:00,network_utilization,76.748
2026-04-11 08:00:00,network_utilization,90.867
2026-04-11 09:00:00,network_utilization,87.683
2026-04-11 10:00:00,network_utilization,75.778
2026-04-11 11:00:00,network_utilization,88.342
2026-04-11 12:00:00,network_utilization,98.822
2026-04-11 13:00:00,network_utilization,99.0
2026-04-11 14:00:00,network_utilization,99.0
2026-04-11 15:00:00,network_utilization,99.0
2026-04-11 16:00:00,network_utilization,98.54
2026-04-11 17:00:00,network_utilization,99.0
2026-04-11 18:00:00,network_utilization,75.404
2026-04-11 19:00:00,network_utilization,89.442
2026-04-11 20:00:00,network_utilization,69.232
2026-04-11 21:00:00,network_utilization,74.201
2026-04-11 22:00:00,network_utilization,99.0
2026-04-11 23:00:00,network_utilization,68.932
2026-04-12 00:00:00,network_utilization,54.098
2026-04-12 01:00:00,network_utilization,64.834
2026-04-12 02:00:00,network_utilization,54.922
2026-04-12 03:00:00,network_utilization,51.185
2026-04-12 04:00:00,network_utilization,83.84
2026-04-12 05:00:00,network_utilization,76.673
2026-04-12 06:00:00,network_utilization,73.62
2026-04-12 07:00:00,network_utilization,71.088
2026-04-12 08:00:00,network_utilization,77.093
2026-04-12 09:00:00,network_utilization,99.0
2026-04-12 10:00:00,network_utilization,93.303
2026-04-12 11:00:00,network_utilization,63.569
2026-04-12 12:00:00,network_utilization,99.0
2026-04-12 13:00:00,network_utilization,99.0
2026-04-12 14:00:00,network_utilization,99.0
2026-04-12 15:00:00,network_utilization,99.0
2026-04-12 16:00:00,network_utilization,99.0
2026-04-12 17:00:00,network_utilization,99.0
2026-04-12 18:00:00,network_utilization,86.144
2026-04-12 19:00:00,network_utilization,73.277
2026-04-12 20:00:00,network_utilization,83.219
2026-04-12 21:00:00,network_utilization,89.575
2026-04-12 22:00:00,network_utilization,63.975
2026-04-12 23:00:00,network_utilization,59.049
2026-04-13 00:00:00,network_utilization,80.454
2026-04-13 01:00:00,network_utilization,61.691
2026-04-13 02:00:00,network_utilization,61.494
2026-04-13 03:00:00,network_utilization,62.568
2026-04-13 04:00:00,network_utilization,67.666
2026-04-13 05:00:00,network_utilization,55.775
2026-04-13 06:00:00,network_utilization,70.279
2026-04-13 07:00:00,network_utilization,82.817
2026-04-13 08:00:00,network_utilization,87.94
2026-04-13 09:00:00,network_utilization,99.0
2026-04-13 10:00:00,network_utilization,99.0
2026-04-13 11:00:00,network_utilization,99.0
2026-04-13 12:00:00,network_utilization,99.0
2026-04-13 13:00:00,network_utilization,99.0
2026-04-13 14:00:00,network_utilization,99.0
2026-04-13 15:00:00,network_utilization,99.0
2026-04-13 16:00:00,network_utilization,99.0
2026-04-13 17:00:00,network_utilization,99.0
2026-04-13 18:00:00,network_utilization,99.0
2026-04-13 19:00:00,network_utilization,89.871
2026-04-13 20:00:00,network_utilization,93.793
2026-04-13 21:00:00,network_utilization,93.374
2026-04-13 22:00:00,network_utilization,84.762
2026-04-13 23:00:00,network_utilization,71.516
2026-04-14 00:00:00,network_utilization,60.337
2026-04-14 01:00:00,network_utilization,58.12
2026-04-14 02:00:00,network_utilization,59.22
2026-04-14 03:00:00,network_utilization,69.302
2026-04-14 04:00:00,network_utilization,73.946
2026-04-14 05:00:00,network_utilization,57.799
2026-04-14 06:00:00,network_utilization,71.064
2026-04-14 07:00:00,network_utilization,83.378
2026-04-14 08:00:00,network_utilization,77.143
2026-04-14 09:00:00,network_utilization,95.673
2026-04-14 10:00:00,network_utilization,93.102
2026-04-14 11:00:00,network_utilization,93.102
2026-04-14 12:00:00,network_utilization,99.0
2026-04-14 13:00:00,network_utilization,99.0
2026-04-14 14:00:00,network_utilization,97.763
2026-04-14 15:00:00,network_utilization,99.0
2026-04-14 16:00:00,network_utilization,99.0
2026-04-14 17:00:00,network_utilization,92.823
2026-04-14 18:00:00,network_utilization,79.742
2026-04-14 19:00:00,network_utilization,76.149
2026-04-14 20:00:00,network_utilization,82.175
2026-04-14 21:00:00,network_utilization,68.013
2026-04-14 22:00:00,network_utilization,72.915
2026-04-14 23:00:00,network_utilization,88.917
2026-04-15 00:00:00,network_utilization,55.322
2026-04-15 01:00:00,network_utilization,64.301
2026-04-15 02:00:00,network_utilization,87.787
2026-04-15 03:00:00,network_utilization,71.245
2026-04-15 04:00:00,network_utilization,65.502
2026-04-15 05:00:00,network_utilization,70.807
2026-04-15 06:00:00,network_utilization,80.83
2026-04-15 07:00:00,network_utilization,98.335
2026-04-15 08:00:00,network_utilization,81.263
2026-04-15 09:00:00,network_utilization,84.19
2026-04-15 10:00:00,network_utilization,82.82
2026-04-15 11:00:00,network_utilization,99.0
2026-04-15 12:00:00,network_utilization,89.908
2026-04-15 13:00:00,network_utilization,99.0
2026-04-15 14:00:00,network_utilization,97.593
2026-04-15 15:00:00,network_utilization,99.0
2026-04-15 16:00:00,network_utilization,98.953
2026-04-15 17:00:00,network_utilization,99.0
2026-04-15 18:00:00,network_utilization,80.711
2026-04-15 19:00:00,network_utilization,93.261
2026-04-15 20:00:00,network_utilization,74.756
2026-04-15 21:00:00,network_utilization,77.373
2026-04-15 22:00:00,network_utilization,98.936
2026-04-15 23:00:00,network_utilization,82.022
2026-04-16 00:00:00,network_utilization,68.255
2026-04-16 01:00:00,network_utilization,99.0
2026-04-16 02:00:00,network_utilization,57.744
2026-04-16 03:00:00,network_utilization,79.248
2026-04-16 04:00:00,network_utilization,54.285
2026-04-16 05:00:00,network_utilization,70.369
2026-04-16 06:00:00,network_utilization,63.49
2026-04-16 07:00:00,network_utilization,84.382
2026-04-16 08:00:00,network_utilization,87.564
2026-04-16 09:00:00,network_utilization,89.122
2026-04-16 10:00:00,network_utilization,99.0
2026-04-16 11:00:00,network_utilization,95.529
2026-04-16 12:00:00,network_utilization,99.0
2026-04-16 13:00:00,network_utilization,99.0
2026-04-16 14:00:00,network_utilization,92.28
2026-04-16 15:00:00,network_utilization,98.964
2026-04-16 16:00:00,network_utilization,99.0
2026-04-16 17:00:00,network_utilization,99.0
2026-04-16 18:00:00,network_utilization,99.0
2026-04-16 19:00:00,network_utilization,90.22
2026-04-16 20:00:00,network_utilization,84.055
2026-04-16 21:00:00,network_utilization,73.336
2026-04-16 22:00:00,network_utilization,80.556
2026-04-16 23:00:00,network_utilization,70.161
2026-04-17 00:00:00,network_utilization,67.231
2026-04-17 01:00:00,network_utilization,67.053
2026-04-17 02:00:00,network_utilization,72.844
2026-04-17 03:00:00,network_utilization,62.39
2026-04-17 04:00:00,network_utilization,62.322
2026-04-17 05:00:00,network_utilization,77.557
2026-04-17 06:00:00,network_utilization,47.143
2026-04-17 07:00:00,network_utilization,76.205
2026-04-17 08:00:00,network_utilization,75.923
2026-04-17 09:00:00,network_utilization,99.0
2026-04-17 10:00:00,network_utilization,93.063
2026-04-17 11:00:00,network_utilization,96.025
2026-04-17 12:00:00,network_utilization,99.0
2026-04-17 13:00:00,network_utilization,99.0
2026-04-17 14:00:00,network_utilization,99.0
2026-04-17 15:00:00,network_utilization,99.0
2026-04-17 16:00:00,network_utilization,99.0
2026-04-17 17:00:00,network_utilization,97.448
2026-04-17 18:00:00,network_utilization,87.514
2026-04-17 19:00:00,network_utilization,81.273
2026-04-17 20:00:00,network_utilization,88.258
2026-04-17 21:00:00,network_utilization,85.56
2026-04-17 22:00:00,network_utilization,63.406
2026-04-17 23:00:00,network_utilization,81.163
2026-04-18 00:00:00,network_utilization,72.969
2026-04-18 01:00:00,network_utilization,73.095
2026-04-18 02:00:00,network_utilization,65.684
2026-04-18 03:00:00,network_utilization,69.755
2026-04-18 04:00:00,network_utilization,87.251
2026-04-18 05:00:00,network_utilization,65.582
2026-04-18 06:00:00,network_utilization,62.3
2026-04-18 07:00:00,network_utilization,62.258
2026-04-18 08:00:00,network_utilization,99.0
2026-04-18 09:00:00,network_utilization,99.0
2026-04-18 10:00:00,network_utilization,83.583
2026-04-18 11:00:00,network_utilization,89.716
2026-04-18 12:00:00,network_utilization,96.946
2026-04-18 13:00:00,network_utilization,99.0
2026-04-18 14:00:00,network_utilization,90.028
2026-04-18 15:00:00,network_utilization,82.571
2026-04-18 16:00:00,network_utilization,99.0
2026-04-18 17:00:00,network_utilization,99.0
2026-04-18 18:00:00,network_utilization,97.517
2026-04-18 19:00:00,network_utilization,86.116
2026-04-18 20:00:00,network_utilization,87.667
2026-04-18 21:00:00,network_utilization,62.709
2026-04-18 22:00:00,network_utilization,64.636
2026-04-18 23:00:00,network_utilization,69.972
2026-04-19 00:00:00,network_utilization,43.052
2026-04-19 01:00:00,network_utilization,60.755
2026-04-19 02:00:00,network_utilization,59.475
2026-04-19 03:00:00,network_utilization,60.79
2026-04-19 04:00:00,network_utilization,60.322
2026-04-19 05:00:00,network_utilization,59.07
2026-04-19 06:00:00,network_utilization,54.969
2026-04-19 07:00:00,network_utilization,79.478
2026-04-19 08:00:00,network_utilization,80.224
2026-04-19 09:00:00,network_utilization,74.667
2026-04-19 10:00:00,network_utilization,93.886
2026-04-19 11:00:00,network_utilization,94.472
2026-04-19 12:00:00,network_utilization,96.007
2026-04-19 13:00:00,network_utilization,81.065
2026-04-19 14:00:00,network_utilization,99.0
2026-04-19 15:00:00,network_utilization,90.339
2026-04-19 16:00:00,network_utilization,99.0
2026-04-19 17:00:00,network_utilization,89.446
2026-04-19 18:00:00,network_utilization,89.518
2026-04-19 19:00:00,network_utilization,99.0
2026-04-19 20:00:00,network_utilization,88.757
2026-04-19 21:00:00,network_utilization,89.583
2026-04-19 22:00:00,network_utilization,76.781
2026-04-19 23:00:00,network_utilization,73.314
2026-04-20 00:00:00,network_utilization,53.456
2026-04-20 01:00:00,network_utilization,66.112
2026-04-20 02:00:00,network_utilization,66.375
2026-04-20 03:00:00,network_utilization,81.56
2026-04-20 04:00:00,network_utilization,66.277
2026-04-20 05:00:00,network_utilization,77.184
2026-04-20 06:00:00,network_utilization,80.954
2026-04-20 07:00:00,network_utilization,95.114
2026-04-20 08:00:00,network_utilization,87.395
2026-04-20 09:00:00,network_utilization,99.0
2026-04-20 10:00:00,network_utilization,81.719
2026-04-20 11:00:00,network_utilization,86.788
2026-04-20 12:00:00,network_utilization,83.291
2026-04-20 13:00:00,network_utilization,99.0
2026-04-20 14:00:00,network_utilization,99.0
2026-04-20 15:00:00,network_utilization,99.0
2026-04-20 16:00:00,network_utilization,99.0
2026-04-20 17:00:00,network_utilization,97.401
2026-04-20 18:00:00,network_utilization,97.702
2026-04-20 19:00:00,network_utilization,99.0
2026-04-20 20:00:00,network_utilization,99.0
2026-04-20 21:00:00,network_utilization,91.728
2026-04-20 22:00:00,network_utilization,82.294
2026-04-20 23:00:00,network_utilization,88.214
2026-04-21 00:00:00,network_utilization,69.141
2026-04-21 01:00:00,network_utilization,65.81
2026-04-21 02:00:00,network_utilization,67.766
2026-04-21 03:00:00,network_utilization,59.968
2026-04-21 04:00:00,network_utilization,70.021
2026-04-21 05:00:00,network_utilization,63.794
2026-04-21 06:00:00,network_utilization,89.378
2026-04-21 07:00:00,network_utilization,89.406
2026-04-21 08:00:00,network_utilization,99.0
2026-04-21 09:00:00,network_utilization,78.066
2026-04-21 10:00:00,network_utilization,99.0
2026-04-21 11:00:00,network_utilization,87.635
2026-04-21 12:00:00,network_utilization,94.573
2026-04-21 13:00:00,network_utilization,99.0
2026-04-21 14:00:00,network_utilization,99.0
2026-04-21 15:00:00,network_utilization,99.0
2026-04-21 16:00:00,network_utilization,99.0
2026-04-21 17:00:00,network_utilization,95.542
2026-04-21 18:00:00,network_utilization,85.585
2026-04-21 19:00:00,network_utilization,99.0
2026-04-21 20:00:00,network_utilization,97.366
2026-04-21 21:00:00,network_utilization,97.746
2026-04-21 22:00:00,network_utilization,83.384
2026-04-21 23:00:00,network_utilization,48.871
2026-04-22 00:00:00,network_utilization,59.686
2026-04-22 01:00:00,network_utilization,74.8
2026-04-22 02:00:00,network_utilization,65.791
2026-04-22 03:00:00,network_utilization,64.599
2026-04-22 04:00:00,network_utilization,61.171
2026-04-22 05:00:00,network_utilization,84.876
2026-04-22 06:00:00,network_utilization,84.122
2026-04-22 07:00:00,network_utilization,89.414
2026-04-22 08:00:00,network_utilization,83.26
2026-04-22 09:00:00,network_utilization,96.553
2026-04-22 10:00:00,network_utilization,86.254
2026-04-22 11:00:00,network_utilization,99.0
2026-04-22 12:00:00,network_utilization,81.709
2026-04-22 13:00:00,network_utilization,93.323
2026-04-22 14:00:00,network_utilization,99.0
2026-04-22 15:00:00,network_utilization,99.0
2026-04-22 16:00:00,network_utilization,89.053
2026-04-22 17:00:00,network_utilization,91.464
2026-04-22 18:00:00,network_utilization,99.0
2026-04-22 19:00:00,network_utilization,99.0
2026-04-22 20:00:00,network_utilization,91.834
2026-04-22 21:00:00,network_utilization,91.675
2026-04-22 22:00:00,network_utilization,76.472
2026-04-22 23:00:00,network_utilization,70.618
2026-04-23 00:00:00,network_utilization,73.385
2026-04-23 01:00:00,network_utilization,64.001
2026-04-23 02:00:00,network_utilization,77.163
2026-04-23 03:00:00,network_utilization,54.557
2026-04-23 04:00:00,network_utilization,81.535
2026-04-23 05:00:00,network_utilization,76.225
2026-04-23 06:00:00,network_utilization,77.845
2026-04-23 07:00:00,network_utilization,68.404
2026-04-23 08:00:00,network_utilization,80.23
2026-04-23 09:00:00,network_utilization,99.0
2026-04-23 10:00:00,network_utilization,97.978
2026-04-23 11:00:00,network_utilization,99.0
2026-04-23 12:00:00,network_utilization,98.625
2026-04-23 13:00:00,network_utilization,99.0
2026-04-23 14:00:00,network_utilization,96.414
2026-04-23 15:00:00,network_utilization,99.0
2026-04-23 16:00:00,network_utilization,99.0
2026-04-23 17:00:00,network_utilization,99.0
2026-04-23 18:00:00,network_utilization,91.172
2026-04-23 19:00:00,network_utilization,91.982
2026-04-23 20:00:00,network_utilization,95.616
2026-04-23 21:00:00,network_utilization,82.971
2026-04-23 22:00:00,network_utilization,77.407
2026-04-23 23:00:00,network_utilization,95.191
2026-04-24 00:00:00,network_utilization,63.486
2026-04-24 01:00:00,network_utilization,81.82
2026-04-24 02:00:00,network_utilization,58.805
2026-04-24 03:00:00,network_utilization,77.599
2026-04-24 04:00:00,network_utilization,80.149
2026-04-24 05:00:00,network_utilization,71.16
2026-04-24 06:00:00,network_utilization,68.249
2026-04-24 07:00:00,network_utilization,65.561
2026-04-24 08:00:00,network_utilization,84.309
2026-04-24 09:00:00,network_utilization,99.0
2026-04-24 10:00:00,network_utilization,89.72
2026-04-24 11:00:00,network_utilization,99.0
2026-04-24 12:00:00,network_utilization,93.088
2026-04-24 13:00:00,network_utilization,99.0
2026-04-24 14:00:00,network_utilization,99.0
2026-04-24 15:00:00,network_utilization,99.0
2026-04-24 16:00:00,network_utilization,99.0
2026-04-24 17:00:00,network_utilization,92.86
2026-04-24 18:00:00,network_utilization,94.051
2026-04-24 19:00:00,network_utilization,86.493
2026-04-24 20:00:00,network_utilization,77.537
2026-04-24 21:00:00,network_utilization,96.345
2026-04-24 22:00:00,network_utilization,77.11
2026-04-24 23:00:00,network_utilization,54.566
2026-04-25 00:00:00,network_utilization,62.12
2026-04-25 01:00:00,network_utilization,75.52
2026-04-25 02:00:00,network_utilization,58.095
2026-04-25 03:00:00,network_utilization,81.386
2026-04-25 04:00:00,network_utilization,59.858
2026-04-25 05:00:00,network_utilization,76.655
2026-04-25 06:00:00,network_utilization,86.147
2026-04-25 07:00:00,network_utilization,85.125
2026-04-25 08:00:00,network_utilization,72.072
2026-04-25 09:00:00,network_utilization,81.587
2026-04-25 10:00:00,network_utilization,99.0
2026-04-25 11:00:00,network_utilization,91.967
2026-04-25 12:00:00,network_utilization,99.0
2026-04-25 13:00:00,network_utilization,99.0
2026-04-25 14:00:00,network_utilization,99.0
2026-04-25 15:00:00,network_utilization,91.4
2026-04-25 16:00:00,network_utilization,97.199
2026-04-25 17:00:00,network_utilization,91.368
2026-04-25 18:00:00,network_utilization,98.253
2026-04-25 19:00:00,network_utilization,92.123
2026-04-25 20:00:00,network_utilization,90.659
2026-04-25 21:00:00,network_utilization,75.969
2026-04-25 22:00:00,network_utilization,66.767
2026-04-25 23:00:00,network_utilization,73.772
2026-04-26 00:00:00,network_utilization,58.489
2026-04-26 01:00:00,network_utilization,77.589
2026-04-26 02:00:00,network_utilization,64.996
2026-04-26 03:00:00,network_utilization,63.579
2026-04-26 04:00:00,network_utilization,73.478
2026-04-26 05:00:00,network_utilization,71.289
2026-04-26 06:00:00,network_utilization,59.632
2026-04-26 07:00:00,network_utilization,70.44
2026-04-26 08:00:00,network_utilization,96.826
2026-04-26 09:00:00,network_utilization,92.282
2026-04-26 10:00:00,network_utilization,79.469
2026-04-26 11:00:00,network_utilization,99.0
2026-04-26 12:00:00,network_utilization,98.049
2026-04-26 13:00:00,network_utilization,96.913
2026-04-26 14:00:00,network_utilization,94.908
2026-04-26 15:00:00,network_utilization,99.0
2026-04-26 16:00:00,network_utilization,84.059
2026-04-26 17:00:00,network_utilization,92.178
2026-04-26 18:00:00,network_utilization,97.63
2026-04-26 19:00:00,network_utilization,99.0
2026-04-26 20:00:00,network_utilization,92.004
2026-04-26 21:00:00,network_utilization,72.846
2026-04-26 22:00:00,network_utilization,91.795
2026-04-26 23:00:00,network_utilization,58.826
2026-04-27 00:00:00,network_utilization,76.945
2026-04-27 01:00:00,network_utilization,77.189
2026-04-27 02:00:00,network_utilization,62.837
2026-04-27 03:00:00,network_utilization,79.323
2026-04-27 04:00:00,network_utilization,69.225
2026-04-27 05:00:00,network_utilization,84.511
2026-04-27 06:00:00,network_utilization,63.324
2026-04-27 07:00:00,network_utilization,89.911
2026-04-27 08:00:00,network_utilization,87.635
2026-04-27 09:00:00,network_utilization,99.0
2026-04-27 10:00:00,network_utilization,99.0
2026-04-27 11:00:00,network_utilization,99.0
2026-04-27 12:00:00,network_utilization,99.0
2026-04-27 13:00:00,network_utilization,99.0
2026-04-27 14:00:00,network_utilization,99.0
2026-04-27 15:00:00,network_utilization,99.0
2026-04-27 16:00:00,network_utilization,99.0
2026-04-27 17:00:00,network_utilization,83.137
2026-04-27 18:00:00,network_utilization,92.11
2026-04-27 19:00:00,network_utilization,99.0
2026-04-27 20:00:00,network_utilization,79.413
2026-04-27 21:00:00,network_utilization,95.638
2026-04-27 22:00:00,network_utilization,89.073
2026-04-27 23:00:00,network_utilization,70.626
2026-04-28 00:00:00,network_utilization,54.771
2026-04-28 01:00:00,network_utilization,67.054
2026-04-28 02:00:00,network_utilization,92.86
2026-04-28 03:00:00,network_utilization,64.147
2026-04-28 04:00:00,network_utilization,66.853
2026-04-28 05:00:00,network_utilization,68.016
2026-04-28 06:00:00,network_utilization,94.3
2026-04-28 07:00:00,network_utilization,84.564
2026-04-28 08:00:00,network_utilization,85.929
2026-04-28 09:00:00,network_utilization,99.0
2026-04-28 10:00:00,network_utilization,99.0
2026-04-28 11:00:00,network_utilization,97.191
2026-04-28 12:00:00,network_utilization,97.345
2026-04-28 13:00:00,network_utilization,99.0
2026-04-28 14:00:00,network_utilization,99.0
2026-04-28 15:00:00,network_utilization,96.142
2026-04-28 16:00:00,network_utilization,91.821
2026-04-28 17:00:00,network_utilization,95.332
2026-04-28 18:00:00,network_utilization,89.973
2026-04-28 19:00:00,network_utilization,77.102
2026-04-28 20:00:00,network_utilization,81.409
2026-04-28 21:00:00,network_utilization,78.055
2026-04-28 22:00:00,network_utilization,77.813
2026-04-28 23:00:00,network_utilization,95.245
2026-04-29 00:00:00,network_utilization,72.487
2026-04-29 01:00:00,network_utilization,71.5
2026-04-29 02:00:00,network_utilization,77.605
2026-04-29 03:00:00,network_utilization,70.838
2026-04-29 04:00:00,network_utilization,79.229
2026-04-29 05:00:00,network_utilization,81.23
2026-04-29 06:00:00,network_utilization,83.81
2026-04-29 07:00:00,network_utilization,99.0
2026-04-29 08:00:00,network_utilization,99.0
2026-04-29 09:00:00,network_utilization,86.997
2026-04-29 10:00:00,network_utilization,99.0
2026-04-29 11:00:00,network_utilization,98.899
2026-04-29 12:00:00,network_utilization,99.0
2026-04-29 13:00:00,network_utilization,98.277
2026-04-29 14:00:00,network_utilization,99.0
2026-04-29 15:00:00,network_utilization,99.0
2026-04-29 16:00:00,network_utilization,99.0
2026-04-29 17:00:00,network_utilization,99.0
2026-04-29 18:00:00,network_utilization,99.0
2026-04-29 19:00:00,network_utilization,99.0
2026-04-29 20:00:00,network_utilization,94.561
2026-04-29 21:00:00,network_utilization,82.641
2026-04-29 22:00:00,network_utilization,91.002
2026-04-29 23:00:00,network_utilization,88.997
2026-04-30 00:00:00,network_utilization,74.956
2026-04-30 01:00:00,network_utilization,72.438
2026-04-30 02:00:00,network_utilization,88.858
2026-04-30 03:00:00,network_utilization,73.439
2026-04-30 04:00:00,network_utilization,76.416
2026-04-30 05:00:00,network_utilization,83.698
2026-04-30 06:00:00,network_utilization,82.038
2026-04-30 07:00:00,network_utilization,79.654
2026-04-30 08:00:00,network_utilization,96.832
2026-04-30 09:00:00,network_utilization,97.859
2026-04-30 10:00:00,network_utilization,99.0
2026-04-30 11:00:00,network_utilization,99.0
2026-04-30 12:00:00,network_utilization,99.0
2026-04-30 13:00:00,network_utilization,99.0
2026-04-30 14:00:00,network_utilization,99.0
2026-04-30 15:00:00,network_utilization,99.0
2026-04-30 16:00:00,network_utilization,99.0
2026-04-30 17:00:00,network_utilization,99.0
2026-04-30 18:00:00,network_utilization,99.0
2026-04-30 19:00:00,network_utilization,99.0
2026-04-30 20:00:00,network_utilization,84.416
2026-04-30 21:00:00,network_utilization,93.869
2026-04-30 22:00:00,network_utilization,87.484
2026-04-30 23:00:00,network_utilization,92.032
